<?xml version="1.0" encoding="ISO-8859-1"?>
<modeling>
 <generator>
  <i name="program" type="string">vasp </i>
  <i name="version" type="string">5.3.3  </i>
  <i name="subversion" type="string">18Dez12 (build Jul  9 2013 10:45:47) complex                          parallel </i>
  <i name="platform" type="string">LinuxIFC </i>
  <i name="date" type="string">2015 07 13 </i>
  <i name="time" type="string">04:38:53 </i>
 </generator>
 <incar>
  <i type="string" name="SYSTEM"> (Sn)4  (P1) ~ POSCAR_2x2x2_1 (VASP)</i>
  <i type="int" name="ISTART">     0</i>
  <i type="string" name="PREC">normal</i>
  <i type="string" name="ALGO"> Normal (blocked Davidson)</i>
  <i type="logical" name="ADDGRID"> F  </i>
  <i type="int" name="ISPIN">     1</i>
  <i type="int" name="ICHARG">     2</i>
  <i type="int" name="INIWAV">     1</i>
  <i type="int" name="NELM">    60</i>
  <i type="int" name="NELMIN">     2</i>
  <i type="int" name="IBRION">    -1</i>
  <i name="EDIFF">      0.00001000</i>
  <i name="EDIFFG">     -0.02000000</i>
  <i type="int" name="NSW">     0</i>
  <i type="int" name="NBLOCK">     1</i>
  <i name="ENCUT">    450.00000000</i>
  <v name="RWIGS">      1.41000000</v>
  <i type="logical" name="LREAL"> F  </i>
  <i type="int" name="ISMEAR">     1</i>
  <i name="SIGMA">      0.20000000</i>
  <i type="logical" name="LWAVE"> F  </i>
  <i type="logical" name="LCHARG"> F  </i>
  <i type="int" name="NELM">    60</i>
  <i type="int" name="VOSKOWN">     1</i>
 </incar>
 <kpoints>
  <generation param="Gamma">
   <v type="int" name="divisions">       3        3        6 </v>
   <v name="usershift">      0.00000000       0.00000000       0.00000000 </v>
   <v name="genvec1">      0.33333333       0.00000000       0.00000000 </v>
   <v name="genvec2">      0.00000000       0.33333333       0.00000000 </v>
   <v name="genvec3">      0.00000000       0.00000000       0.16666667 </v>
   <v name="shift">      0.00000000       0.00000000       0.00000000 </v>
  </generation>
  <varray name="kpointlist" >
   <v>       0.00000000       0.00000000       0.00000000 </v>
   <v>       0.33333333       0.00000000       0.00000000 </v>
   <v>       0.33333333       0.33333333       0.00000000 </v>
   <v>       0.00000000       0.00000000       0.16666667 </v>
   <v>       0.33333333       0.00000000       0.16666667 </v>
   <v>       0.33333333       0.33333333       0.16666667 </v>
   <v>       0.00000000       0.00000000       0.33333333 </v>
   <v>       0.33333333       0.00000000       0.33333333 </v>
   <v>       0.33333333       0.33333333       0.33333333 </v>
   <v>       0.00000000       0.00000000       0.50000000 </v>
   <v>       0.33333333       0.00000000       0.50000000 </v>
   <v>       0.33333333       0.33333333       0.50000000 </v>
  </varray>
  <varray name="weights" >
   <v>       0.01851852 </v>
   <v>       0.07407407 </v>
   <v>       0.07407407 </v>
   <v>       0.03703704 </v>
   <v>       0.14814815 </v>
   <v>       0.14814815 </v>
   <v>       0.03703704 </v>
   <v>       0.14814815 </v>
   <v>       0.14814815 </v>
   <v>       0.01851852 </v>
   <v>       0.07407407 </v>
   <v>       0.07407407 </v>
  </varray>
 </kpoints>
 <parameters>
  <separator name="general" >
   <i type="string" name="SYSTEM">(Sn)4  (P1) ~ POSCAR_2x2x2_1 (VASP)</i>
   <i type="logical" name="LCOMPAT"> F  </i>
  </separator>
  <separator name="electronic" >
   <i type="string" name="PREC">normal</i>
   <i name="ENMAX">    450.00000000</i>
   <i name="ENAUG">    439.82500000</i>
   <i name="EDIFF">      0.00001000</i>
   <i type="int" name="IALGO">    38</i>
   <i type="int" name="IWAVPR">    10</i>
   <i type="int" name="NBANDS">    48</i>
   <i name="NELECT">     56.00000000</i>
   <i type="int" name="TURBO">     0</i>
   <i type="int" name="IRESTART">     0</i>
   <i type="int" name="NREBOOT">     0</i>
   <i type="int" name="NMIN">     0</i>
   <i name="EREF">      0.00000000</i>
   <separator name="electronic smearing" >
    <i type="int" name="ISMEAR">     1</i>
    <i name="SIGMA">      0.20000000</i>
    <i name="KSPACING">      0.50000000</i>
    <i type="logical" name="KGAMMA"> T  </i>
   </separator>
   <separator name="electronic projectors" >
    <i type="logical" name="LREAL"> F  </i>
    <v name="ROPT">      0.00000000</v>
    <i type="int" name="LMAXPAW">  -100</i>
    <i type="int" name="LMAXMIX">     2</i>
    <i type="logical" name="NLSPLINE"> F  </i>
   </separator>
   <separator name="electronic startup" >
    <i type="int" name="ISTART">     0</i>
    <i type="int" name="ICHARG">     2</i>
    <i type="int" name="INIWAV">     1</i>
   </separator>
   <separator name="electronic spin" >
    <i type="int" name="ISPIN">     1</i>
    <i type="logical" name="LNONCOLLINEAR"> F  </i>
    <v name="MAGMOM">      1.00000000      1.00000000      1.00000000      1.00000000</v>
    <i name="NUPDOWN">     -1.00000000</i>
    <i type="logical" name="LSORBIT"> F  </i>
    <v name="SAXIS">      0.00000000      0.00000000      1.00000000</v>
    <i type="logical" name="LSPIRAL"> F  </i>
    <v name="QSPIRAL">      0.00000000      0.00000000      0.00000000</v>
    <i type="logical" name="LZEROZ"> F  </i>
   </separator>
   <separator name="electronic exchange-correlation" >
    <i type="logical" name="LASPH"> F  </i>
    <i type="logical" name="LMETAGGA"> F  </i>
   </separator>
   <separator name="electronic convergence" >
    <i type="int" name="NELM">    60</i>
    <i type="int" name="NELMDL">    -5</i>
    <i type="int" name="NELMIN">     2</i>
    <i name="ENINI">    450.00000000</i>
    <separator name="electronic convergence detail" >
     <i type="logical" name="LDIAG"> T  </i>
     <i type="logical" name="LSUBROT"> T  </i>
     <i name="WEIMIN">      0.00000000</i>
     <i name="EBREAK">      0.00000005</i>
     <i name="DEPER">      0.30000000</i>
     <i type="int" name="NRMM">     4</i>
     <i name="TIME">      0.40000000</i>
    </separator>
   </separator>
   <separator name="electronic mixer" >
    <i name="AMIX">      0.40000000</i>
    <i name="BMIX">      1.00000000</i>
    <i name="AMIN">      0.10000000</i>
    <i name="AMIX_MAG">      1.60000000</i>
    <i name="BMIX_MAG">      1.00000000</i>
    <separator name="electronic mixer details" >
     <i type="int" name="IMIX">     4</i>
     <i type="int" name="MAXMIX">   -45</i>
     <i name="WC">    100.00000000</i>
     <i type="int" name="INIMIX">     1</i>
     <i type="int" name="MIXPRE">     1</i>
     <i type="int" name="MREMOVE">     5</i>
    </separator>
   </separator>
   <separator name="electronic dipolcorrection" >
    <i type="logical" name="LDIPOL"> F  </i>
    <i type="logical" name="LMONO"> F  </i>
    <i type="int" name="IDIPOL">     0</i>
    <i name="EPSILON">      1.00000000</i>
    <v name="DIPOL">   -100.00000000   -100.00000000   -100.00000000</v>
    <i name="EFIELD">      0.00000000</i>
   </separator>
  </separator>
  <separator name="grids" >
   <i type="int" name="NGX">    30</i>
   <i type="int" name="NGY">    30</i>
   <i type="int" name="NGZ">    18</i>
   <i type="int" name="NGXF">    60</i>
   <i type="int" name="NGYF">    60</i>
   <i type="int" name="NGZF">    36</i>
   <i type="logical" name="ADDGRID"> F  </i>
  </separator>
  <separator name="ionic" >
   <i type="int" name="NSW">     0</i>
   <i type="int" name="IBRION">    -1</i>
   <i type="int" name="ISIF">     2</i>
   <i name="PSTRESS">      0.00000000</i>
   <i name="EDIFFG">     -0.02000000</i>
   <i type="int" name="NFREE">     0</i>
   <i name="POTIM">      0.50000000</i>
   <i name="SMASS">     -3.00000000</i>
   <i name="SCALEE">      1.00000000</i>
  </separator>
  <separator name="ionic md" >
   <i name="TEBEG">      0.00010000</i>
   <i name="TEEND">      0.00010000</i>
   <i type="int" name="NBLOCK">     1</i>
   <i type="int" name="KBLOCK">     1</i>
   <i type="int" name="NPACO">   256</i>
   <i name="APACO">     16.00000000</i>
  </separator>
  <separator name="symmetry" >
   <i type="int" name="ISYM">     2</i>
   <i name="SYMPREC">      0.00001000</i>
  </separator>
  <separator name="dos" >
   <i type="logical" name="LORBIT"> F  </i>
   <v name="RWIGS">      1.41000000</v>
   <i type="int" name="NEDOS">   301</i>
   <i name="EMIN">     10.00000000</i>
   <i name="EMAX">    -10.00000000</i>
   <i name="EFERMI">      0.00000000</i>
  </separator>
  <separator name="writing" >
   <i type="int" name="NWRITE">     2</i>
   <i type="logical" name="LWAVE"> F  </i>
   <i type="logical" name="LCHARG"> F  </i>
   <i type="logical" name="LPARD"> F  </i>
   <i type="logical" name="LVTOT"> F  </i>
   <i type="logical" name="LVHAR"> F  </i>
   <i type="logical" name="LELF"> F  </i>
   <i type="logical" name="LOPTICS"> F  </i>
   <v name="STM">      0.00000000      0.00000000      0.00000000      0.00000000      0.00000000      0.00000000      0.00000000</v>
  </separator>
  <separator name="performance" >
   <i type="int" name="NPAR">    16</i>
   <i type="int" name="NSIM">     4</i>
   <i type="int" name="NBLK">    -1</i>
   <i type="logical" name="LPLANE"> T  </i>
   <i type="logical" name="LSCALAPACK"> F  </i>
   <i type="logical" name="LSCAAWARE"> F  </i>
   <i type="logical" name="LSCALU"> F  </i>
   <i type="logical" name="LASYNC"> F  </i>
   <i type="logical" name="LORBITALREAL"> F  </i>
  </separator>
  <separator name="miscellaneous" >
   <i type="int" name="IDIOT">     3</i>
   <i type="logical" name="LMUSIC"> F  </i>
   <v name="POMASS">    118.71000000</v>
   <v name="DARWINR">      0.00000000</v>
   <v name="DARWINV">      1.00000000</v>
   <i type="logical" name="LCORR"> T  </i>
  </separator>
  <i type="logical" name="GGA_COMPAT"> T  </i>
  <i type="logical" name="LBERRY"> F  </i>
  <i type="int" name="ICORELEVEL">     0</i>
  <i type="logical" name="LDAU"> F  </i>
  <i type="int" name="I_CONSTRAINED_M">     0</i>
  <separator name="electronic exchange-correlation" >
   <i type="string" name="GGA">--</i>
   <i type="int" name="VOSKOWN">     1</i>
   <i type="logical" name="LHFCALC"> F  </i>
   <i type="string" name="PRECFOCK"></i>
   <i type="logical" name="LSYMGRAD"> F  </i>
   <i type="logical" name="LHFONE"> F  </i>
   <i type="logical" name="LRHFCALC"> F  </i>
   <i type="logical" name="LTHOMAS"> F  </i>
   <i type="logical" name="LMODELHF"> F  </i>
   <i name="ENCUT4O">     -1.00000000</i>
   <i type="int" name="EXXOEP">     0</i>
   <i type="int" name="FOURORBIT">     0</i>
   <i name="AEXX">      0.00000000</i>
   <i name="HFALPHA">      0.00000000</i>
   <i name="MCALPHA">      0.00000000</i>
   <i name="ALDAX">      1.00000000</i>
   <i name="AGGAX">      1.00000000</i>
   <i name="ALDAC">      1.00000000</i>
   <i name="AGGAC">      1.00000000</i>
   <i type="int" name="NKREDX">     1</i>
   <i type="int" name="NKREDY">     1</i>
   <i type="int" name="NKREDZ">     1</i>
   <i type="logical" name="SHIFTRED"> F  </i>
   <i type="logical" name="ODDONLY"> F  </i>
   <i type="logical" name="EVENONLY"> F  </i>
   <i type="int" name="LMAXFOCK">     0</i>
   <i type="int" name="NMAXFOCKAE">     0</i>
   <i type="logical" name="LFOCKAEDFT"> F  </i>
   <i name="HFSCREEN">      0.00000000</i>
   <i name="HFSCREENC">      0.00000000</i>
   <i type="int" name="NBANDSGWLOW">     0</i>
  </separator>
  <separator name="vdW DFT" >
   <i type="logical" name="LUSE_VDW"> F  </i>
   <i name="Zab_VDW">     -0.84910000</i>
   <i name="PARAM1">      0.12340000</i>
   <i name="PARAM2">      1.00000000</i>
   <i name="PARAM3">      0.00000000</i>
  </separator>
  <separator name="model GW" >
   <i type="int" name="MODEL_GW">     0</i>
   <i name="MODEL_EPS0">     16.22758739</i>
   <i name="MODEL_ALPHA">      1.00000000</i>
  </separator>
  <separator name="linear response parameters" >
   <i type="logical" name="LEPSILON"> F  </i>
   <i type="logical" name="LRPA"> F  </i>
   <i type="logical" name="LNABLA"> F  </i>
   <i type="logical" name="LVEL"> F  </i>
   <i type="int" name="KINTER">     0</i>
   <i name="CSHIFT">      0.10000000</i>
   <i name="OMEGAMAX">     -1.00000000</i>
   <i name="DEG_THRESHOLD">      0.00200000</i>
  </separator>
  <separator name="orbital magnetization" >
   <i type="logical" name="NUCIND"> F  </i>
   <v name="MAGPOS">      0.00000000      0.00000000      0.00000000</v>
   <i type="logical" name="LNICSALL"> T  </i>
   <i type="logical" name="ORBITALMAG"> F  </i>
   <i type="logical" name="LMAGBLOCH"> F  </i>
   <i type="logical" name="LCHIMAG"> F  </i>
   <i type="logical" name="LGAUGE"> T  </i>
   <i type="int" name="MAGATOM">     0</i>
   <v name="MAGDIPOL">      0.00000000      0.00000000      0.00000000</v>
   <v name="AVECCONST">      0.00000000      0.00000000      0.00000000</v>
  </separator>
  <separator name="response functions" >
   <i type="logical" name="LADDER"> F  </i>
   <i type="logical" name="LFXC"> F  </i>
   <i type="logical" name="LHARTREE"> T  </i>
   <i type="int" name="IBSE">     0</i>
   <i type="logical" name="LTCTE"> F  </i>
   <i type="logical" name="LTETE"> F  </i>
   <i type="logical" name="LTRIPLET"> F  </i>
   <i type="logical" name="LFXCEPS"> F  </i>
   <i type="logical" name="L2ORDER"> F  </i>
   <i type="logical" name="LUSEW"> F  </i>
   <i name="ENCUTGW">     -2.00000000</i>
   <i name="ENCUTGWSOFT">     -2.00000000</i>
   <i name="ENCUTLF">     -1.00000000</i>
   <i type="int" name="LMAXMP2">    -1</i>
   <i name="SCISSOR">      0.00000000</i>
   <i type="int" name="NOMEGA">     0</i>
   <i type="int" name="NOMEGAR">     0</i>
   <i type="int" name="NBANDSGW">    -1</i>
   <i type="int" name="NBANDSO">    -1</i>
   <i type="int" name="NBANDSV">    -1</i>
   <i type="int" name="NELM">    60</i>
   <i type="int" name="DIM">     3</i>
   <i type="int" name="ANTIRES">     0</i>
   <i name="OMEGAMAX">    -30.00000000</i>
   <i name="OMEGATL">   -200.00000000</i>
   <i type="int" name="OMEGAGRID">     0</i>
   <i name="CSHIFT">     -0.10000000</i>
   <i type="logical" name="SELFENERGY"> F  </i>
   <i type="logical" name="LSPECTRAL"> F  </i>
   <i type="logical" name="ODDONLYGW"> F  </i>
   <i type="logical" name="EVENONLYGW"> F  </i>
   <i type="int" name="NKREDLFX">     1</i>
   <i type="int" name="NKREDLFY">     1</i>
   <i type="int" name="NKREDLFZ">     1</i>
   <i type="int" name="MAXMEM">  1800</i>
   <i type="int" name="TELESCOPE">     0</i>
  </separator>
 </parameters>
 <atominfo>
  <atoms>       4 </atoms>
  <types>       1 </types>
  <array name="atoms" >
   <dimension dim="1">ion</dimension>
   <field type="string">element</field>
   <field type="int">atomtype</field>
   <set>
    <rc><c>Sn</c><c>   1</c></rc>
    <rc><c>Sn</c><c>   1</c></rc>
    <rc><c>Sn</c><c>   1</c></rc>
    <rc><c>Sn</c><c>   1</c></rc>
   </set>
  </array>
  <array name="atomtypes" >
   <dimension dim="1">type</dimension>
   <field type="int">atomspertype</field>
   <field type="string">element</field>
   <field>mass</field>
   <field>valence</field>
   <field type="string">pseudopotential</field>
   <set>
    <rc><c>   4</c><c>Sn</c><c>    118.71000000</c><c>     14.00000000</c><c> PAW_PBE Sn_d 06Sep2000                 </c></rc>
   </set>
  </array>
 </atominfo>
 <structure name="initialpos" >
  <crystal>
   <varray name="basis" >
    <v>       5.83130000       0.00000000       0.00000000 </v>
    <v>       0.00000000       5.83130000       0.00000000 </v>
    <v>       0.00000000       0.00000000       3.18150000 </v>
   </varray>
   <i name="volume">    108.18391590 </i>
   <varray name="rec_basis" >
    <v>       0.17148835       0.00000000       0.00000000 </v>
    <v>       0.00000000       0.17148835       0.00000000 </v>
    <v>       0.00000000       0.00000000       0.31431715 </v>
   </varray>
  </crystal>
  <varray name="positions" >
   <v>       0.00000000       0.75000000       0.12500000 </v>
   <v>       0.00000000       0.25000000       0.87500000 </v>
   <v>       0.50000000       0.25000000       0.62500000 </v>
   <v>       0.50000000       0.75000000       0.37500000 </v>
  </varray>
 </structure>
 <calculation>
  <scstep>
   <time name="dav">    0.71    0.77</time>
   <time name="total">    0.78    0.84</time>
   <energy>
    <i name="alphaZ">    165.15909015 </i>
    <i name="ewald">  -5374.96529713 </i>
    <i name="hartreedc">  -1990.89442271 </i>
    <i name="XCdc">    227.96367290 </i>
    <i name="pawpsdc">   5488.21437192 </i>
    <i name="pawaedc">  -5636.81509254 </i>
    <i name="eentropy">     -0.01122446 </i>
    <i name="bandstr">     -3.10504712 </i>
    <i name="atom">   7572.29571107 </i>
    <i name="e_fr_energy">    447.84176210 </i>
    <i name="e_wo_entrp">    447.85298655 </i>
    <i name="e_0_energy">    447.84550358 </i>
   </energy>
  </scstep>
  <scstep>
   <time name="dav">    0.66    0.67</time>
   <time name="total">    0.67    0.67</time>
   <energy>
    <i name="e_fr_energy">     34.14680272 </i>
    <i name="e_wo_entrp">     34.14800510 </i>
    <i name="e_0_energy">     34.14720351 </i>
   </energy>
  </scstep>
  <scstep>
   <time name="dav">    0.64    0.64</time>
   <time name="total">    0.64    0.65</time>
   <energy>
    <i name="e_fr_energy">    -14.58384068 </i>
    <i name="e_wo_entrp">    -14.58161182 </i>
    <i name="e_0_energy">    -14.58309773 </i>
   </energy>
  </scstep>
  <scstep>
   <time name="dav">    0.66    0.67</time>
   <time name="total">    0.67    0.67</time>
   <energy>
    <i name="e_fr_energy">    -16.03319617 </i>
    <i name="e_wo_entrp">    -16.03107271 </i>
    <i name="e_0_energy">    -16.03248835 </i>
   </energy>
  </scstep>
  <scstep>
   <time name="dav">    0.78    0.78</time>
   <time name="total">    0.80    0.82</time>
   <energy>
    <i name="e_fr_energy">    -16.07948411 </i>
    <i name="e_wo_entrp">    -16.07736552 </i>
    <i name="e_0_energy">    -16.07877791 </i>
   </energy>
  </scstep>
  <scstep>
   <time name="dav">    0.74    0.74</time>
   <time name="total">    0.78    0.78</time>
   <energy>
    <i name="e_fr_energy">    -16.04681186 </i>
    <i name="e_wo_entrp">    -16.04530805 </i>
    <i name="e_0_energy">    -16.04631059 </i>
   </energy>
  </scstep>
  <scstep>
   <time name="dav">    0.76    0.76</time>
   <time name="total">    0.79    0.80</time>
   <energy>
    <i name="e_fr_energy">    -16.03855149 </i>
    <i name="e_wo_entrp">    -16.03791659 </i>
    <i name="e_0_energy">    -16.03833986 </i>
   </energy>
  </scstep>
  <scstep>
   <time name="dav">    0.71    0.71</time>
   <time name="total">    0.75    0.75</time>
   <energy>
    <i name="e_fr_energy">    -16.03860191 </i>
    <i name="e_wo_entrp">    -16.03805975 </i>
    <i name="e_0_energy">    -16.03842119 </i>
   </energy>
  </scstep>
  <scstep>
   <time name="dav">    0.76    0.76</time>
   <time name="total">    0.82    0.82</time>
   <energy>
    <i name="e_fr_energy">    -16.03862384 </i>
    <i name="e_wo_entrp">    -16.03804223 </i>
    <i name="e_0_energy">    -16.03842997 </i>
   </energy>
  </scstep>
  <scstep>
   <time name="dav">    0.56    0.56</time>
   <time name="total">    0.60    0.60</time>
   <energy>
    <i name="e_fr_energy">    -16.03861304 </i>
    <i name="e_wo_entrp">    -16.03800719 </i>
    <i name="e_0_energy">    -16.03841109 </i>
   </energy>
  </scstep>
  <scstep>
   <time name="dav">    0.45    0.45</time>
   <time name="total">    0.47    0.47</time>
   <energy>
    <i name="alphaZ">    165.15909015 </i>
    <i name="ewald">  -5374.96529713 </i>
    <i name="hartreedc">  -1970.14992489 </i>
    <i name="XCdc">    227.11885753 </i>
    <i name="pawpsdc">   5607.23165113 </i>
    <i name="pawaedc">  -5760.63916099 </i>
    <i name="eentropy">     -0.00060106 </i>
    <i name="bandstr">   -482.08893883 </i>
    <i name="atom">   7572.29571107 </i>
    <i name="e_fr_energy">    -16.03861302 </i>
    <i name="e_wo_entrp">    -16.03801196 </i>
    <i name="e_0_energy">    -16.03841267 </i>
   </energy>
  </scstep>
  <structure>
   <crystal>
    <varray name="basis" >
     <v>       5.83130000       0.00000000       0.00000000 </v>
     <v>       0.00000000       5.83130000       0.00000000 </v>
     <v>       0.00000000       0.00000000       3.18150000 </v>
    </varray>
    <i name="volume">    108.18391590 </i>
    <varray name="rec_basis" >
     <v>       0.17148835       0.00000000       0.00000000 </v>
     <v>       0.00000000       0.17148835       0.00000000 </v>
     <v>       0.00000000       0.00000000       0.31431715 </v>
    </varray>
   </crystal>
   <varray name="positions" >
    <v>       0.00000000       0.75000000       0.12500000 </v>
    <v>       0.00000000       0.25000000       0.87500000 </v>
    <v>       0.50000000       0.25000000       0.62500000 </v>
    <v>       0.50000000       0.75000000       0.37500000 </v>
   </varray>
  </structure>
  <varray name="forces" >
   <v>      -0.00000000      -0.00000000      -0.00000000 </v>
   <v>      -0.00000000       0.00000000      -0.00000000 </v>
   <v>       0.00000000       0.00000000       0.00000000 </v>
   <v>       0.00000000      -0.00000000       0.00000000 </v>
  </varray>
  <varray name="stress" >
   <v>      22.23671367      -0.00000000       0.00000000 </v>
   <v>       0.00000000      22.23671367       0.00000000 </v>
   <v>       0.00000000      -0.00000000      11.74808436 </v>
  </varray>
  <energy>
   <i name="e_fr_energy">    -16.03861302 </i>
   <i name="e_wo_entrp">    -16.03841267 </i>
   <i name="e_0_energy">     -0.00060106 </i>
  </energy>
  <time name="totalsc">    8.02    8.13</time>
  <eigenvalues>
   <array>
    <dimension dim="1">band</dimension>
    <dimension dim="2">kpoint</dimension>
    <dimension dim="3">spin</dimension>
    <field>eigene</field>
    <field>occ</field>
    <set>
     <set comment="spin 1">
      <set comment="kpoint 1">
       <r>  -13.6754    1.0000 </r>
       <r>  -13.6156    1.0000 </r>
       <r>  -13.6156    1.0000 </r>
       <r>  -13.6057    1.0000 </r>
       <r>  -13.5510    1.0000 </r>
       <r>  -13.5502    1.0000 </r>
       <r>  -13.4104    1.0000 </r>
       <r>  -13.4104    1.0000 </r>
       <r>  -13.3984    1.0000 </r>
       <r>  -13.3984    1.0000 </r>
       <r>  -13.3983    1.0000 </r>
       <r>  -13.3983    1.0000 </r>
       <r>  -13.3954    1.0000 </r>
       <r>  -13.3954    1.0000 </r>
       <r>  -13.3873    1.0000 </r>
       <r>  -13.3873    1.0000 </r>
       <r>  -13.3827    1.0000 </r>
       <r>  -13.3827    1.0000 </r>
       <r>  -13.2876    1.0000 </r>
       <r>  -13.1754    1.0000 </r>
       <r>   -3.1043    1.0000 </r>
       <r>    0.5099    1.0000 </r>
       <r>    0.5099    1.0000 </r>
       <r>    3.2126    1.0000 </r>
       <r>    3.2126    1.0000 </r>
       <r>    4.4654    1.0000 </r>
       <r>    6.0574    1.0000 </r>
       <r>    6.0574    1.0000 </r>
       <r>   11.0091   -0.0000 </r>
       <r>   13.0587   -0.0000 </r>
       <r>   13.0587   -0.0000 </r>
       <r>   14.3032    0.0000 </r>
       <r>   14.3032    0.0000 </r>
       <r>   14.8871    0.0000 </r>
       <r>   14.9867    0.0000 </r>
       <r>   17.4987    0.0000 </r>
       <r>   17.4987    0.0000 </r>
       <r>   17.9074    0.0000 </r>
       <r>   18.5651    0.0000 </r>
       <r>   19.2405    0.0000 </r>
       <r>   19.3259    0.0000 </r>
       <r>   19.3259    0.0000 </r>
       <r>   19.4065    0.0000 </r>
       <r>   19.4065    0.0000 </r>
       <r>   19.8173    0.0000 </r>
       <r>   20.6395    0.0000 </r>
       <r>   20.6395    0.0000 </r>
       <r>   21.2591    0.0000 </r>
      </set>
      <set comment="kpoint 2">
       <r>  -13.6348    1.0000 </r>
       <r>  -13.6183    1.0000 </r>
       <r>  -13.6080    1.0000 </r>
       <r>  -13.6074    1.0000 </r>
       <r>  -13.5755    1.0000 </r>
       <r>  -13.5171    1.0000 </r>
       <r>  -13.5142    1.0000 </r>
       <r>  -13.4404    1.0000 </r>
       <r>  -13.4071    1.0000 </r>
       <r>  -13.3974    1.0000 </r>
       <r>  -13.3963    1.0000 </r>
       <r>  -13.3927    1.0000 </r>
       <r>  -13.3919    1.0000 </r>
       <r>  -13.3885    1.0000 </r>
       <r>  -13.3629    1.0000 </r>
       <r>  -13.3623    1.0000 </r>
       <r>  -13.3461    1.0000 </r>
       <r>  -13.3224    1.0000 </r>
       <r>  -13.3132    1.0000 </r>
       <r>  -13.2219    1.0000 </r>
       <r>   -2.6011    1.0000 </r>
       <r>   -1.1169    1.0000 </r>
       <r>    1.0016    1.0000 </r>
       <r>    2.5023    1.0000 </r>
       <r>    3.7044    1.0000 </r>
       <r>    5.0091    1.0000 </r>
       <r>    5.8828    1.0000 </r>
       <r>    9.1165   -0.0000 </r>
       <r>   10.3597   -0.0000 </r>
       <r>   12.9216   -0.0000 </r>
       <r>   13.1919   -0.0000 </r>
       <r>   13.4221   -0.0000 </r>
       <r>   14.0087    0.0000 </r>
       <r>   14.3657    0.0000 </r>
       <r>   14.3922    0.0000 </r>
       <r>   14.8558    0.0000 </r>
       <r>   16.3208    0.0000 </r>
       <r>   16.8050    0.0000 </r>
       <r>   18.6047    0.0000 </r>
       <r>   18.7215    0.0000 </r>
       <r>   18.7336    0.0000 </r>
       <r>   19.6669    0.0000 </r>
       <r>   19.7506    0.0000 </r>
       <r>   19.7531    0.0000 </r>
       <r>   19.7657    0.0000 </r>
       <r>   19.8228    0.0000 </r>
       <r>   21.0353    0.0000 </r>
       <r>   21.0685    0.0000 </r>
      </set>
      <set comment="kpoint 3">
       <r>  -13.6139    1.0000 </r>
       <r>  -13.6116    1.0000 </r>
       <r>  -13.6116    1.0000 </r>
       <r>  -13.5918    1.0000 </r>
       <r>  -13.5899    1.0000 </r>
       <r>  -13.4948    1.0000 </r>
       <r>  -13.4948    1.0000 </r>
       <r>  -13.4805    1.0000 </r>
       <r>  -13.4454    1.0000 </r>
       <r>  -13.4135    1.0000 </r>
       <r>  -13.4135    1.0000 </r>
       <r>  -13.3774    1.0000 </r>
       <r>  -13.3665    1.0000 </r>
       <r>  -13.3603    1.0000 </r>
       <r>  -13.3603    1.0000 </r>
       <r>  -13.3527    1.0000 </r>
       <r>  -13.3357    1.0000 </r>
       <r>  -13.3229    1.0000 </r>
       <r>  -13.3229    1.0000 </r>
       <r>  -13.2551    1.0000 </r>
       <r>   -2.0989    1.0000 </r>
       <r>   -0.6189    1.0000 </r>
       <r>   -0.6189    1.0000 </r>
       <r>    0.8543    1.0000 </r>
       <r>    6.3621    1.0000 </r>
       <r>    6.3621    1.0000 </r>
       <r>    7.2330    1.0000 </r>
       <r>    8.3593    0.0067 </r>
       <r>   10.4945   -0.0000 </r>
       <r>   11.2693   -0.0000 </r>
       <r>   12.2950   -0.0000 </r>
       <r>   12.2950   -0.0000 </r>
       <r>   13.8029    0.0000 </r>
       <r>   13.8029    0.0000 </r>
       <r>   14.2039    0.0000 </r>
       <r>   14.3099    0.0000 </r>
       <r>   15.0510    0.0000 </r>
       <r>   17.7409    0.0000 </r>
       <r>   17.8366    0.0000 </r>
       <r>   18.2483    0.0000 </r>
       <r>   18.2483    0.0000 </r>
       <r>   19.1137    0.0000 </r>
       <r>   19.1137    0.0000 </r>
       <r>   21.5089    0.0000 </r>
       <r>   21.8848    0.0000 </r>
       <r>   21.9619    0.0000 </r>
       <r>   22.1282    0.0000 </r>
       <r>   22.9095    0.0000 </r>
      </set>
      <set comment="kpoint 4">
       <r>  -13.6685    1.0000 </r>
       <r>  -13.5796    1.0000 </r>
       <r>  -13.5751    1.0000 </r>
       <r>  -13.5518    1.0000 </r>
       <r>  -13.5398    1.0000 </r>
       <r>  -13.4824    1.0000 </r>
       <r>  -13.4311    1.0000 </r>
       <r>  -13.4311    1.0000 </r>
       <r>  -13.4234    1.0000 </r>
       <r>  -13.4233    1.0000 </r>
       <r>  -13.4233    1.0000 </r>
       <r>  -13.4168    1.0000 </r>
       <r>  -13.3985    1.0000 </r>
       <r>  -13.3985    1.0000 </r>
       <r>  -13.3968    1.0000 </r>
       <r>  -13.3968    1.0000 </r>
       <r>  -13.3717    1.0000 </r>
       <r>  -13.3516    1.0000 </r>
       <r>  -13.2908    1.0000 </r>
       <r>  -13.1826    1.0000 </r>
       <r>   -2.6777    1.0000 </r>
       <r>    0.7885    1.0000 </r>
       <r>    0.9906    1.0000 </r>
       <r>    3.6577    1.0000 </r>
       <r>    3.6577    1.0000 </r>
       <r>    4.8301    1.0000 </r>
       <r>    6.4513    1.0000 </r>
       <r>    6.4513    1.0000 </r>
       <r>    8.6563   -0.0027 </r>
       <r>   11.3653   -0.0000 </r>
       <r>   11.8140   -0.0000 </r>
       <r>   11.8412   -0.0000 </r>
       <r>   13.7724    0.0000 </r>
       <r>   13.7724    0.0000 </r>
       <r>   15.0031    0.0000 </r>
       <r>   16.3825    0.0000 </r>
       <r>   16.3825    0.0000 </r>
       <r>   16.8318    0.0000 </r>
       <r>   16.8318    0.0000 </r>
       <r>   18.0745    0.0000 </r>
       <r>   19.2410    0.0000 </r>
       <r>   19.2955    0.0000 </r>
       <r>   19.2955    0.0000 </r>
       <r>   19.8110    0.0000 </r>
       <r>   20.1653    0.0000 </r>
       <r>   21.6000    0.0000 </r>
       <r>   21.6000    0.0000 </r>
       <r>   22.6014    0.0000 </r>
      </set>
      <set comment="kpoint 5">
       <r>  -13.6311    1.0000 </r>
       <r>  -13.5821    1.0000 </r>
       <r>  -13.5711    1.0000 </r>
       <r>  -13.5620    1.0000 </r>
       <r>  -13.5252    1.0000 </r>
       <r>  -13.5112    1.0000 </r>
       <r>  -13.5084    1.0000 </r>
       <r>  -13.4511    1.0000 </r>
       <r>  -13.4260    1.0000 </r>
       <r>  -13.4134    1.0000 </r>
       <r>  -13.4075    1.0000 </r>
       <r>  -13.4020    1.0000 </r>
       <r>  -13.3991    1.0000 </r>
       <r>  -13.3984    1.0000 </r>
       <r>  -13.3786    1.0000 </r>
       <r>  -13.3615    1.0000 </r>
       <r>  -13.3502    1.0000 </r>
       <r>  -13.3153    1.0000 </r>
       <r>  -13.3126    1.0000 </r>
       <r>  -13.2235    1.0000 </r>
       <r>   -2.1756    1.0000 </r>
       <r>   -0.7028    1.0000 </r>
       <r>    1.3833    1.0000 </r>
       <r>    2.8844    1.0000 </r>
       <r>    4.1411    1.0000 </r>
       <r>    5.4237    1.0000 </r>
       <r>    6.2356    1.0000 </r>
       <r>    9.1872   -0.0000 </r>
       <r>    9.3576   -0.0000 </r>
       <r>   10.1104   -0.0000 </r>
       <r>   11.2350   -0.0000 </r>
       <r>   12.4362   -0.0000 </r>
       <r>   13.1694   -0.0000 </r>
       <r>   13.4074   -0.0000 </r>
       <r>   14.3813    0.0000 </r>
       <r>   14.3814    0.0000 </r>
       <r>   15.5250    0.0000 </r>
       <r>   16.8455    0.0000 </r>
       <r>   17.2112    0.0000 </r>
       <r>   17.3927    0.0000 </r>
       <r>   18.2638    0.0000 </r>
       <r>   18.9731    0.0000 </r>
       <r>   19.6899    0.0000 </r>
       <r>   19.7881    0.0000 </r>
       <r>   21.3264    0.0000 </r>
       <r>   21.3534    0.0000 </r>
       <r>   21.7669    0.0000 </r>
       <r>   22.4455    0.0000 </r>
      </set>
      <set comment="kpoint 6">
       <r>  -13.5975    1.0000 </r>
       <r>  -13.5762    1.0000 </r>
       <r>  -13.5720    1.0000 </r>
       <r>  -13.5697    1.0000 </r>
       <r>  -13.5421    1.0000 </r>
       <r>  -13.5025    1.0000 </r>
       <r>  -13.5004    1.0000 </r>
       <r>  -13.4743    1.0000 </r>
       <r>  -13.4638    1.0000 </r>
       <r>  -13.4258    1.0000 </r>
       <r>  -13.3957    1.0000 </r>
       <r>  -13.3883    1.0000 </r>
       <r>  -13.3763    1.0000 </r>
       <r>  -13.3728    1.0000 </r>
       <r>  -13.3727    1.0000 </r>
       <r>  -13.3621    1.0000 </r>
       <r>  -13.3413    1.0000 </r>
       <r>  -13.3342    1.0000 </r>
       <r>  -13.3063    1.0000 </r>
       <r>  -13.2529    1.0000 </r>
       <r>   -1.6745    1.0000 </r>
       <r>   -0.2338    1.0000 </r>
       <r>   -0.1748    1.0000 </r>
       <r>    1.2624    1.0000 </r>
       <r>    6.6035    1.0000 </r>
       <r>    6.8073    1.0000 </r>
       <r>    7.5294    1.0000 </r>
       <r>    8.7323   -0.0005 </r>
       <r>    9.7043   -0.0000 </r>
       <r>   10.1016   -0.0000 </r>
       <r>   11.0296   -0.0000 </r>
       <r>   11.7103   -0.0000 </r>
       <r>   11.7852   -0.0000 </r>
       <r>   11.9018   -0.0000 </r>
       <r>   12.8884   -0.0000 </r>
       <r>   13.2606   -0.0000 </r>
       <r>   15.3254    0.0000 </r>
       <r>   17.8726    0.0000 </r>
       <r>   17.8995    0.0000 </r>
       <r>   18.2692    0.0000 </r>
       <r>   18.9481    0.0000 </r>
       <r>   19.3789    0.0000 </r>
       <r>   20.3567    0.0000 </r>
       <r>   20.8452    0.0000 </r>
       <r>   21.6263    0.0000 </r>
       <r>   21.6724    0.0000 </r>
       <r>   21.8627    0.0000 </r>
       <r>   21.9336    0.0000 </r>
      </set>
      <set comment="kpoint 7">
       <r>  -13.6424    1.0000 </r>
       <r>  -13.5758    1.0000 </r>
       <r>  -13.5130    1.0000 </r>
       <r>  -13.4847    1.0000 </r>
       <r>  -13.4847    1.0000 </r>
       <r>  -13.4812    1.0000 </r>
       <r>  -13.4788    1.0000 </r>
       <r>  -13.4788    1.0000 </r>
       <r>  -13.4512    1.0000 </r>
       <r>  -13.4496    1.0000 </r>
       <r>  -13.4297    1.0000 </r>
       <r>  -13.4297    1.0000 </r>
       <r>  -13.4268    1.0000 </r>
       <r>  -13.4268    1.0000 </r>
       <r>  -13.3477    1.0000 </r>
       <r>  -13.3439    1.0000 </r>
       <r>  -13.3290    1.0000 </r>
       <r>  -13.3010    1.0000 </r>
       <r>  -13.2757    1.0000 </r>
       <r>  -13.1994    1.0000 </r>
       <r>   -1.4037    1.0000 </r>
       <r>    1.5320    1.0000 </r>
       <r>    2.2941    1.0000 </r>
       <r>    4.9225    1.0000 </r>
       <r>    4.9225    1.0000 </r>
       <r>    5.1955    1.0000 </r>
       <r>    5.7896    1.0000 </r>
       <r>    7.2952    1.0000 </r>
       <r>    7.2952    1.0000 </r>
       <r>    8.0098    1.0169 </r>
       <r>    8.1713    0.6065 </r>
       <r>   11.4475   -0.0000 </r>
       <r>   11.4475   -0.0000 </r>
       <r>   11.5375   -0.0000 </r>
       <r>   12.4424   -0.0000 </r>
       <r>   13.9315    0.0000 </r>
       <r>   13.9315    0.0000 </r>
       <r>   16.8436    0.0000 </r>
       <r>   17.0953    0.0000 </r>
       <r>   17.0953    0.0000 </r>
       <r>   18.9490    0.0000 </r>
       <r>   19.8588    0.0000 </r>
       <r>   19.8588    0.0000 </r>
       <r>   20.0886    0.0000 </r>
       <r>   22.5580    0.0000 </r>
       <r>   22.6734    0.0000 </r>
       <r>   22.7630    0.0000 </r>
       <r>   22.7630    0.0000 </r>
      </set>
      <set comment="kpoint 8">
       <r>  -13.6232    1.0000 </r>
       <r>  -13.5852    1.0000 </r>
       <r>  -13.5223    1.0000 </r>
       <r>  -13.5068    1.0000 </r>
       <r>  -13.5027    1.0000 </r>
       <r>  -13.4923    1.0000 </r>
       <r>  -13.4919    1.0000 </r>
       <r>  -13.4857    1.0000 </r>
       <r>  -13.4619    1.0000 </r>
       <r>  -13.4363    1.0000 </r>
       <r>  -13.4300    1.0000 </r>
       <r>  -13.4294    1.0000 </r>
       <r>  -13.3747    1.0000 </r>
       <r>  -13.3740    1.0000 </r>
       <r>  -13.3499    1.0000 </r>
       <r>  -13.3334    1.0000 </r>
       <r>  -13.3234    1.0000 </r>
       <r>  -13.3222    1.0000 </r>
       <r>  -13.2723    1.0000 </r>
       <r>  -13.2296    1.0000 </r>
       <r>   -0.9109    1.0000 </r>
       <r>    0.4897    1.0000 </r>
       <r>    2.3901    1.0000 </r>
       <r>    3.8649    1.0000 </r>
       <r>    5.3257    1.0000 </r>
       <r>    5.3633    1.0000 </r>
       <r>    6.4906    1.0000 </r>
       <r>    6.7330    1.0000 </r>
       <r>    7.6811    1.0008 </r>
       <r>    8.3309    0.0507 </r>
       <r>   10.0081   -0.0000 </r>
       <r>   10.5095   -0.0000 </r>
       <r>   11.4775   -0.0000 </r>
       <r>   11.8979   -0.0000 </r>
       <r>   12.6604   -0.0000 </r>
       <r>   14.5656    0.0000 </r>
       <r>   14.5800    0.0000 </r>
       <r>   14.6831    0.0000 </r>
       <r>   17.5491    0.0000 </r>
       <r>   17.6322    0.0000 </r>
       <r>   18.3641    0.0000 </r>
       <r>   18.4778    0.0000 </r>
       <r>   18.4841    0.0000 </r>
       <r>   19.5833    0.0000 </r>
       <r>   19.7410    0.0000 </r>
       <r>   21.1357    0.0000 </r>
       <r>   21.5689    0.0000 </r>
       <r>   23.0482    0.0000 </r>
      </set>
      <set comment="kpoint 9">
       <r>  -13.6107    1.0000 </r>
       <r>  -13.5886    1.0000 </r>
       <r>  -13.5401    1.0000 </r>
       <r>  -13.5321    1.0000 </r>
       <r>  -13.5058    1.0000 </r>
       <r>  -13.4990    1.0000 </r>
       <r>  -13.4912    1.0000 </r>
       <r>  -13.4874    1.0000 </r>
       <r>  -13.4609    1.0000 </r>
       <r>  -13.4346    1.0000 </r>
       <r>  -13.3903    1.0000 </r>
       <r>  -13.3791    1.0000 </r>
       <r>  -13.3707    1.0000 </r>
       <r>  -13.3686    1.0000 </r>
       <r>  -13.3680    1.0000 </r>
       <r>  -13.3447    1.0000 </r>
       <r>  -13.3211    1.0000 </r>
       <r>  -13.3205    1.0000 </r>
       <r>  -13.2763    1.0000 </r>
       <r>  -13.2539    1.0000 </r>
       <r>   -0.4190    1.0000 </r>
       <r>    0.8929    1.0000 </r>
       <r>    1.0960    1.0000 </r>
       <r>    2.4171    1.0000 </r>
       <r>    5.4101    1.0000 </r>
       <r>    6.5799    1.0000 </r>
       <r>    6.9533    1.0000 </r>
       <r>    7.5361    1.0000 </r>
       <r>    8.3339    0.0451 </r>
       <r>    8.9729   -0.0000 </r>
       <r>    9.4155   -0.0000 </r>
       <r>    9.7921   -0.0000 </r>
       <r>   12.1699   -0.0000 </r>
       <r>   12.2334   -0.0000 </r>
       <r>   13.4078   -0.0000 </r>
       <r>   13.5895    0.0000 </r>
       <r>   14.4366    0.0000 </r>
       <r>   15.1900    0.0000 </r>
       <r>   15.8269    0.0000 </r>
       <r>   16.2699    0.0000 </r>
       <r>   16.8305    0.0000 </r>
       <r>   18.2110    0.0000 </r>
       <r>   18.6430    0.0000 </r>
       <r>   19.5638    0.0000 </r>
       <r>   20.2340    0.0000 </r>
       <r>   21.1275    0.0000 </r>
       <r>   21.1541    0.0000 </r>
       <r>   21.6981    0.0000 </r>
      </set>
      <set comment="kpoint 10">
       <r>  -13.6066    1.0000 </r>
       <r>  -13.6066    1.0000 </r>
       <r>  -13.5081    1.0000 </r>
       <r>  -13.5081    1.0000 </r>
       <r>  -13.5081    1.0000 </r>
       <r>  -13.5081    1.0000 </r>
       <r>  -13.4802    1.0000 </r>
       <r>  -13.4802    1.0000 </r>
       <r>  -13.4441    1.0000 </r>
       <r>  -13.4441    1.0000 </r>
       <r>  -13.4441    1.0000 </r>
       <r>  -13.4441    1.0000 </r>
       <r>  -13.4202    1.0000 </r>
       <r>  -13.4202    1.0000 </r>
       <r>  -13.3191    1.0000 </r>
       <r>  -13.3191    1.0000 </r>
       <r>  -13.2758    1.0000 </r>
       <r>  -13.2758    1.0000 </r>
       <r>  -13.2213    1.0000 </r>
       <r>  -13.2213    1.0000 </r>
       <r>    0.5590    1.0000 </r>
       <r>    0.5590    1.0000 </r>
       <r>    4.4245    1.0000 </r>
       <r>    4.4245    1.0000 </r>
       <r>    5.1888    1.0000 </r>
       <r>    5.1888    1.0000 </r>
       <r>    6.6766    1.0000 </r>
       <r>    6.6766    1.0000 </r>
       <r>    6.6766    1.0000 </r>
       <r>    6.6766    1.0000 </r>
       <r>    8.5373   -0.0184 </r>
       <r>    8.5373   -0.0184 </r>
       <r>   11.4550   -0.0000 </r>
       <r>   11.4550   -0.0000 </r>
       <r>   11.4550   -0.0000 </r>
       <r>   11.4550   -0.0000 </r>
       <r>   14.2615    0.0000 </r>
       <r>   14.2615    0.0000 </r>
       <r>   19.0274    0.0000 </r>
       <r>   19.0274    0.0000 </r>
       <r>   19.0274    0.0000 </r>
       <r>   19.0274    0.0000 </r>
       <r>   20.4765    0.0000 </r>
       <r>   20.4765    0.0000 </r>
       <r>   21.4072    0.0000 </r>
       <r>   21.4072    0.0000 </r>
       <r>   23.9871    0.0000 </r>
       <r>   23.9871    0.0000 </r>
      </set>
      <set comment="kpoint 11">
       <r>  -13.6108    1.0000 </r>
       <r>  -13.6108    1.0000 </r>
       <r>  -13.5192    1.0000 </r>
       <r>  -13.5192    1.0000 </r>
       <r>  -13.5157    1.0000 </r>
       <r>  -13.5157    1.0000 </r>
       <r>  -13.4825    1.0000 </r>
       <r>  -13.4825    1.0000 </r>
       <r>  -13.4528    1.0000 </r>
       <r>  -13.4528    1.0000 </r>
       <r>  -13.4454    1.0000 </r>
       <r>  -13.4454    1.0000 </r>
       <r>  -13.3510    1.0000 </r>
       <r>  -13.3510    1.0000 </r>
       <r>  -13.3345    1.0000 </r>
       <r>  -13.3345    1.0000 </r>
       <r>  -13.2768    1.0000 </r>
       <r>  -13.2768    1.0000 </r>
       <r>  -13.2373    1.0000 </r>
       <r>  -13.2373    1.0000 </r>
       <r>    0.9279    1.0000 </r>
       <r>    0.9279    1.0000 </r>
       <r>    3.0671    1.0000 </r>
       <r>    3.0671    1.0000 </r>
       <r>    5.3717    1.0000 </r>
       <r>    5.3717    1.0000 </r>
       <r>    6.8303    1.0000 </r>
       <r>    6.8303    1.0000 </r>
       <r>    6.8808    1.0000 </r>
       <r>    6.8808    1.0000 </r>
       <r>    9.6231   -0.0000 </r>
       <r>    9.6231   -0.0000 </r>
       <r>   10.5097   -0.0000 </r>
       <r>   10.5097   -0.0000 </r>
       <r>   13.2541   -0.0000 </r>
       <r>   13.2541   -0.0000 </r>
       <r>   15.2290    0.0000 </r>
       <r>   15.2290    0.0000 </r>
       <r>   16.3701    0.0000 </r>
       <r>   16.3701    0.0000 </r>
       <r>   18.9189    0.0000 </r>
       <r>   18.9189    0.0000 </r>
       <r>   19.1139    0.0000 </r>
       <r>   19.1139    0.0000 </r>
       <r>   20.5440    0.0000 </r>
       <r>   20.5440    0.0000 </r>
       <r>   21.3703    0.0000 </r>
       <r>   21.3703    0.0000 </r>
      </set>
      <set comment="kpoint 12">
       <r>  -13.6134    1.0000 </r>
       <r>  -13.6134    1.0000 </r>
       <r>  -13.5461    1.0000 </r>
       <r>  -13.5461    1.0000 </r>
       <r>  -13.5139    1.0000 </r>
       <r>  -13.5139    1.0000 </r>
       <r>  -13.4915    1.0000 </r>
       <r>  -13.4915    1.0000 </r>
       <r>  -13.4482    1.0000 </r>
       <r>  -13.4482    1.0000 </r>
       <r>  -13.3838    1.0000 </r>
       <r>  -13.3838    1.0000 </r>
       <r>  -13.3619    1.0000 </r>
       <r>  -13.3619    1.0000 </r>
       <r>  -13.3348    1.0000 </r>
       <r>  -13.3348    1.0000 </r>
       <r>  -13.2760    1.0000 </r>
       <r>  -13.2760    1.0000 </r>
       <r>  -13.2549    1.0000 </r>
       <r>  -13.2549    1.0000 </r>
       <r>    1.3278    1.0000 </r>
       <r>    1.3278    1.0000 </r>
       <r>    2.8874    1.0000 </r>
       <r>    2.8874    1.0000 </r>
       <r>    4.1859    1.0000 </r>
       <r>    4.1859    1.0000 </r>
       <r>    5.5817    1.0000 </r>
       <r>    5.5817    1.0000 </r>
       <r>    9.6543   -0.0000 </r>
       <r>    9.6543   -0.0000 </r>
       <r>   10.0166   -0.0000 </r>
       <r>   10.0166   -0.0000 </r>
       <r>   12.3441   -0.0000 </r>
       <r>   12.3441   -0.0000 </r>
       <r>   12.3470   -0.0000 </r>
       <r>   12.3470   -0.0000 </r>
       <r>   14.8960    0.0000 </r>
       <r>   14.8960    0.0000 </r>
       <r>   15.6817    0.0000 </r>
       <r>   15.6817    0.0000 </r>
       <r>   17.0983    0.0000 </r>
       <r>   17.0983    0.0000 </r>
       <r>   17.2612    0.0000 </r>
       <r>   17.2612    0.0000 </r>
       <r>   19.3587    0.0000 </r>
       <r>   19.3587    0.0000 </r>
       <r>   22.9692    0.0000 </r>
       <r>   22.9932    0.0000 </r>
      </set>
     </set>
    </set>
   </array>
  </eigenvalues>
  <separator name="orbital magnetization" >
   <v name="MAGDIPOLOUT">      0.00000000      0.00000000      0.00000000</v>
  </separator>
 </calculation>
 <structure name="finalpos" >
  <crystal>
   <varray name="basis" >
    <v>       5.83130000       0.00000000       0.00000000 </v>
    <v>       0.00000000       5.83130000       0.00000000 </v>
    <v>       0.00000000       0.00000000       3.18150000 </v>
   </varray>
   <i name="volume">    108.18391590 </i>
   <varray name="rec_basis" >
    <v>       0.17148835       0.00000000       0.00000000 </v>
    <v>       0.00000000       0.17148835       0.00000000 </v>
    <v>       0.00000000       0.00000000       0.31431715 </v>
   </varray>
  </crystal>
  <varray name="positions" >
   <v>       0.00000000       0.75000000       0.12500000 </v>
   <v>       0.00000000       0.25000000       0.87500000 </v>
   <v>       0.50000000       0.25000000       0.62500000 </v>
   <v>       0.50000000       0.75000000       0.37500000 </v>
  </varray>
 </structure>
</modeling>
