<?xml version="1.0" encoding="ISO-8859-1"?>
<modeling>
 <generator>
  <i name="program" type="string">vasp </i>
  <i name="version" type="string">5.3.3  </i>
  <i name="subversion" type="string">18Dez12 (build Jul  9 2013 10:45:47) complex                          parallel </i>
  <i name="platform" type="string">LinuxIFC </i>
  <i name="date" type="string">2015 07 13 </i>
  <i name="time" type="string">04:34:53 </i>
 </generator>
 <incar>
  <i type="string" name="SYSTEM"> (Sn)4  (P1) ~ POSCAR_2x2x2_1 (VASP)</i>
  <i type="int" name="ISTART">     0</i>
  <i type="string" name="PREC">normal</i>
  <i type="string" name="ALGO"> Normal (blocked Davidson)</i>
  <i type="logical" name="ADDGRID"> F  </i>
  <i type="int" name="ISPIN">     1</i>
  <i type="int" name="ICHARG">     2</i>
  <i type="int" name="INIWAV">     1</i>
  <i type="int" name="NELM">    60</i>
  <i type="int" name="NELMIN">     2</i>
  <i type="int" name="IBRION">    -1</i>
  <i name="EDIFF">      0.00001000</i>
  <i name="EDIFFG">     -0.02000000</i>
  <i type="int" name="NSW">     0</i>
  <i type="int" name="NBLOCK">     1</i>
  <i name="ENCUT">    450.00000000</i>
  <v name="RWIGS">      1.41000000</v>
  <i type="logical" name="LREAL"> F  </i>
  <i type="int" name="ISMEAR">     1</i>
  <i name="SIGMA">      0.20000000</i>
  <i type="logical" name="LWAVE"> F  </i>
  <i type="logical" name="LCHARG"> F  </i>
  <i type="int" name="NELM">    60</i>
  <i type="int" name="VOSKOWN">     1</i>
 </incar>
 <kpoints>
  <generation param="Gamma">
   <v type="int" name="divisions">       5        5        9 </v>
   <v name="usershift">      0.00000000       0.00000000       0.00000000 </v>
   <v name="genvec1">      0.20000000       0.00000000       0.00000000 </v>
   <v name="genvec2">      0.00000000       0.20000000       0.00000000 </v>
   <v name="genvec3">      0.00000000       0.00000000       0.11111111 </v>
   <v name="shift">      0.00000000       0.00000000       0.00000000 </v>
  </generation>
  <varray name="kpointlist" >
   <v>       0.00000000       0.00000000       0.00000000 </v>
   <v>       0.20000000       0.00000000       0.00000000 </v>
   <v>       0.40000000       0.00000000       0.00000000 </v>
   <v>       0.20000000       0.20000000       0.00000000 </v>
   <v>       0.40000000       0.20000000       0.00000000 </v>
   <v>       0.40000000       0.40000000       0.00000000 </v>
   <v>       0.00000000       0.00000000       0.11111111 </v>
   <v>       0.20000000       0.00000000       0.11111111 </v>
   <v>       0.40000000       0.00000000       0.11111111 </v>
   <v>       0.20000000       0.20000000       0.11111111 </v>
   <v>       0.40000000       0.20000000       0.11111111 </v>
   <v>       0.40000000       0.40000000       0.11111111 </v>
   <v>       0.00000000       0.00000000       0.22222222 </v>
   <v>       0.20000000       0.00000000       0.22222222 </v>
   <v>       0.40000000       0.00000000       0.22222222 </v>
   <v>       0.20000000       0.20000000       0.22222222 </v>
   <v>       0.40000000       0.20000000       0.22222222 </v>
   <v>       0.40000000       0.40000000       0.22222222 </v>
   <v>       0.00000000       0.00000000       0.33333333 </v>
   <v>       0.20000000       0.00000000       0.33333333 </v>
   <v>       0.40000000       0.00000000       0.33333333 </v>
   <v>       0.20000000       0.20000000       0.33333333 </v>
   <v>       0.40000000       0.20000000       0.33333333 </v>
   <v>       0.40000000       0.40000000       0.33333333 </v>
   <v>       0.00000000       0.00000000       0.44444444 </v>
   <v>       0.20000000       0.00000000       0.44444444 </v>
   <v>       0.40000000       0.00000000       0.44444444 </v>
   <v>       0.20000000       0.20000000       0.44444444 </v>
   <v>       0.40000000       0.20000000       0.44444444 </v>
   <v>       0.40000000       0.40000000       0.44444444 </v>
  </varray>
  <varray name="weights" >
   <v>       0.00444444 </v>
   <v>       0.01777778 </v>
   <v>       0.01777778 </v>
   <v>       0.01777778 </v>
   <v>       0.03555556 </v>
   <v>       0.01777778 </v>
   <v>       0.00888889 </v>
   <v>       0.03555556 </v>
   <v>       0.03555556 </v>
   <v>       0.03555556 </v>
   <v>       0.07111111 </v>
   <v>       0.03555556 </v>
   <v>       0.00888889 </v>
   <v>       0.03555556 </v>
   <v>       0.03555556 </v>
   <v>       0.03555556 </v>
   <v>       0.07111111 </v>
   <v>       0.03555556 </v>
   <v>       0.00888889 </v>
   <v>       0.03555556 </v>
   <v>       0.03555556 </v>
   <v>       0.03555556 </v>
   <v>       0.07111111 </v>
   <v>       0.03555556 </v>
   <v>       0.00888889 </v>
   <v>       0.03555556 </v>
   <v>       0.03555556 </v>
   <v>       0.03555556 </v>
   <v>       0.07111111 </v>
   <v>       0.03555556 </v>
  </varray>
 </kpoints>
 <parameters>
  <separator name="general" >
   <i type="string" name="SYSTEM">(Sn)4  (P1) ~ POSCAR_2x2x2_1 (VASP)</i>
   <i type="logical" name="LCOMPAT"> F  </i>
  </separator>
  <separator name="electronic" >
   <i type="string" name="PREC">normal</i>
   <i name="ENMAX">    450.00000000</i>
   <i name="ENAUG">    439.82500000</i>
   <i name="EDIFF">      0.00001000</i>
   <i type="int" name="IALGO">    38</i>
   <i type="int" name="IWAVPR">    10</i>
   <i type="int" name="NBANDS">    48</i>
   <i name="NELECT">     56.00000000</i>
   <i type="int" name="TURBO">     0</i>
   <i type="int" name="IRESTART">     0</i>
   <i type="int" name="NREBOOT">     0</i>
   <i type="int" name="NMIN">     0</i>
   <i name="EREF">      0.00000000</i>
   <separator name="electronic smearing" >
    <i type="int" name="ISMEAR">     1</i>
    <i name="SIGMA">      0.20000000</i>
    <i name="KSPACING">      0.50000000</i>
    <i type="logical" name="KGAMMA"> T  </i>
   </separator>
   <separator name="electronic projectors" >
    <i type="logical" name="LREAL"> F  </i>
    <v name="ROPT">      0.00000000</v>
    <i type="int" name="LMAXPAW">  -100</i>
    <i type="int" name="LMAXMIX">     2</i>
    <i type="logical" name="NLSPLINE"> F  </i>
   </separator>
   <separator name="electronic startup" >
    <i type="int" name="ISTART">     0</i>
    <i type="int" name="ICHARG">     2</i>
    <i type="int" name="INIWAV">     1</i>
   </separator>
   <separator name="electronic spin" >
    <i type="int" name="ISPIN">     1</i>
    <i type="logical" name="LNONCOLLINEAR"> F  </i>
    <v name="MAGMOM">      1.00000000      1.00000000      1.00000000      1.00000000</v>
    <i name="NUPDOWN">     -1.00000000</i>
    <i type="logical" name="LSORBIT"> F  </i>
    <v name="SAXIS">      0.00000000      0.00000000      1.00000000</v>
    <i type="logical" name="LSPIRAL"> F  </i>
    <v name="QSPIRAL">      0.00000000      0.00000000      0.00000000</v>
    <i type="logical" name="LZEROZ"> F  </i>
   </separator>
   <separator name="electronic exchange-correlation" >
    <i type="logical" name="LASPH"> F  </i>
    <i type="logical" name="LMETAGGA"> F  </i>
   </separator>
   <separator name="electronic convergence" >
    <i type="int" name="NELM">    60</i>
    <i type="int" name="NELMDL">    -5</i>
    <i type="int" name="NELMIN">     2</i>
    <i name="ENINI">    450.00000000</i>
    <separator name="electronic convergence detail" >
     <i type="logical" name="LDIAG"> T  </i>
     <i type="logical" name="LSUBROT"> T  </i>
     <i name="WEIMIN">      0.00000000</i>
     <i name="EBREAK">      0.00000005</i>
     <i name="DEPER">      0.30000000</i>
     <i type="int" name="NRMM">     4</i>
     <i name="TIME">      0.40000000</i>
    </separator>
   </separator>
   <separator name="electronic mixer" >
    <i name="AMIX">      0.40000000</i>
    <i name="BMIX">      1.00000000</i>
    <i name="AMIN">      0.10000000</i>
    <i name="AMIX_MAG">      1.60000000</i>
    <i name="BMIX_MAG">      1.00000000</i>
    <separator name="electronic mixer details" >
     <i type="int" name="IMIX">     4</i>
     <i type="int" name="MAXMIX">   -45</i>
     <i name="WC">    100.00000000</i>
     <i type="int" name="INIMIX">     1</i>
     <i type="int" name="MIXPRE">     1</i>
     <i type="int" name="MREMOVE">     5</i>
    </separator>
   </separator>
   <separator name="electronic dipolcorrection" >
    <i type="logical" name="LDIPOL"> F  </i>
    <i type="logical" name="LMONO"> F  </i>
    <i type="int" name="IDIPOL">     0</i>
    <i name="EPSILON">      1.00000000</i>
    <v name="DIPOL">   -100.00000000   -100.00000000   -100.00000000</v>
    <i name="EFIELD">      0.00000000</i>
   </separator>
  </separator>
  <separator name="grids" >
   <i type="int" name="NGX">    30</i>
   <i type="int" name="NGY">    30</i>
   <i type="int" name="NGZ">    18</i>
   <i type="int" name="NGXF">    60</i>
   <i type="int" name="NGYF">    60</i>
   <i type="int" name="NGZF">    36</i>
   <i type="logical" name="ADDGRID"> F  </i>
  </separator>
  <separator name="ionic" >
   <i type="int" name="NSW">     0</i>
   <i type="int" name="IBRION">    -1</i>
   <i type="int" name="ISIF">     2</i>
   <i name="PSTRESS">      0.00000000</i>
   <i name="EDIFFG">     -0.02000000</i>
   <i type="int" name="NFREE">     0</i>
   <i name="POTIM">      0.50000000</i>
   <i name="SMASS">     -3.00000000</i>
   <i name="SCALEE">      1.00000000</i>
  </separator>
  <separator name="ionic md" >
   <i name="TEBEG">      0.00010000</i>
   <i name="TEEND">      0.00010000</i>
   <i type="int" name="NBLOCK">     1</i>
   <i type="int" name="KBLOCK">     1</i>
   <i type="int" name="NPACO">   256</i>
   <i name="APACO">     16.00000000</i>
  </separator>
  <separator name="symmetry" >
   <i type="int" name="ISYM">     2</i>
   <i name="SYMPREC">      0.00001000</i>
  </separator>
  <separator name="dos" >
   <i type="logical" name="LORBIT"> F  </i>
   <v name="RWIGS">      1.41000000</v>
   <i type="int" name="NEDOS">   301</i>
   <i name="EMIN">     10.00000000</i>
   <i name="EMAX">    -10.00000000</i>
   <i name="EFERMI">      0.00000000</i>
  </separator>
  <separator name="writing" >
   <i type="int" name="NWRITE">     2</i>
   <i type="logical" name="LWAVE"> F  </i>
   <i type="logical" name="LCHARG"> F  </i>
   <i type="logical" name="LPARD"> F  </i>
   <i type="logical" name="LVTOT"> F  </i>
   <i type="logical" name="LVHAR"> F  </i>
   <i type="logical" name="LELF"> F  </i>
   <i type="logical" name="LOPTICS"> F  </i>
   <v name="STM">      0.00000000      0.00000000      0.00000000      0.00000000      0.00000000      0.00000000      0.00000000</v>
  </separator>
  <separator name="performance" >
   <i type="int" name="NPAR">    16</i>
   <i type="int" name="NSIM">     4</i>
   <i type="int" name="NBLK">    -1</i>
   <i type="logical" name="LPLANE"> T  </i>
   <i type="logical" name="LSCALAPACK"> F  </i>
   <i type="logical" name="LSCAAWARE"> F  </i>
   <i type="logical" name="LSCALU"> F  </i>
   <i type="logical" name="LASYNC"> F  </i>
   <i type="logical" name="LORBITALREAL"> F  </i>
  </separator>
  <separator name="miscellaneous" >
   <i type="int" name="IDIOT">     3</i>
   <i type="logical" name="LMUSIC"> F  </i>
   <v name="POMASS">    118.71000000</v>
   <v name="DARWINR">      0.00000000</v>
   <v name="DARWINV">      1.00000000</v>
   <i type="logical" name="LCORR"> T  </i>
  </separator>
  <i type="logical" name="GGA_COMPAT"> T  </i>
  <i type="logical" name="LBERRY"> F  </i>
  <i type="int" name="ICORELEVEL">     0</i>
  <i type="logical" name="LDAU"> F  </i>
  <i type="int" name="I_CONSTRAINED_M">     0</i>
  <separator name="electronic exchange-correlation" >
   <i type="string" name="GGA">--</i>
   <i type="int" name="VOSKOWN">     1</i>
   <i type="logical" name="LHFCALC"> F  </i>
   <i type="string" name="PRECFOCK"></i>
   <i type="logical" name="LSYMGRAD"> F  </i>
   <i type="logical" name="LHFONE"> F  </i>
   <i type="logical" name="LRHFCALC"> F  </i>
   <i type="logical" name="LTHOMAS"> F  </i>
   <i type="logical" name="LMODELHF"> F  </i>
   <i name="ENCUT4O">     -1.00000000</i>
   <i type="int" name="EXXOEP">     0</i>
   <i type="int" name="FOURORBIT">     0</i>
   <i name="AEXX">      0.00000000</i>
   <i name="HFALPHA">      0.00000000</i>
   <i name="MCALPHA">      0.00000000</i>
   <i name="ALDAX">      1.00000000</i>
   <i name="AGGAX">      1.00000000</i>
   <i name="ALDAC">      1.00000000</i>
   <i name="AGGAC">      1.00000000</i>
   <i type="int" name="NKREDX">     1</i>
   <i type="int" name="NKREDY">     1</i>
   <i type="int" name="NKREDZ">     1</i>
   <i type="logical" name="SHIFTRED"> F  </i>
   <i type="logical" name="ODDONLY"> F  </i>
   <i type="logical" name="EVENONLY"> F  </i>
   <i type="int" name="LMAXFOCK">     0</i>
   <i type="int" name="NMAXFOCKAE">     0</i>
   <i type="logical" name="LFOCKAEDFT"> F  </i>
   <i name="HFSCREEN">      0.00000000</i>
   <i name="HFSCREENC">      0.00000000</i>
   <i type="int" name="NBANDSGWLOW">     0</i>
  </separator>
  <separator name="vdW DFT" >
   <i type="logical" name="LUSE_VDW"> F  </i>
   <i name="Zab_VDW">     -0.84910000</i>
   <i name="PARAM1">      0.12340000</i>
   <i name="PARAM2">      1.00000000</i>
   <i name="PARAM3">      0.00000000</i>
  </separator>
  <separator name="model GW" >
   <i type="int" name="MODEL_GW">     0</i>
   <i name="MODEL_EPS0">     16.22758739</i>
   <i name="MODEL_ALPHA">      1.00000000</i>
  </separator>
  <separator name="linear response parameters" >
   <i type="logical" name="LEPSILON"> F  </i>
   <i type="logical" name="LRPA"> F  </i>
   <i type="logical" name="LNABLA"> F  </i>
   <i type="logical" name="LVEL"> F  </i>
   <i type="int" name="KINTER">     0</i>
   <i name="CSHIFT">      0.10000000</i>
   <i name="OMEGAMAX">     -1.00000000</i>
   <i name="DEG_THRESHOLD">      0.00200000</i>
  </separator>
  <separator name="orbital magnetization" >
   <i type="logical" name="NUCIND"> F  </i>
   <v name="MAGPOS">      0.00000000      0.00000000      0.00000000</v>
   <i type="logical" name="LNICSALL"> T  </i>
   <i type="logical" name="ORBITALMAG"> F  </i>
   <i type="logical" name="LMAGBLOCH"> F  </i>
   <i type="logical" name="LCHIMAG"> F  </i>
   <i type="logical" name="LGAUGE"> T  </i>
   <i type="int" name="MAGATOM">     0</i>
   <v name="MAGDIPOL">      0.00000000      0.00000000      0.00000000</v>
   <v name="AVECCONST">      0.00000000      0.00000000      0.00000000</v>
  </separator>
  <separator name="response functions" >
   <i type="logical" name="LADDER"> F  </i>
   <i type="logical" name="LFXC"> F  </i>
   <i type="logical" name="LHARTREE"> T  </i>
   <i type="int" name="IBSE">     0</i>
   <i type="logical" name="LTCTE"> F  </i>
   <i type="logical" name="LTETE"> F  </i>
   <i type="logical" name="LTRIPLET"> F  </i>
   <i type="logical" name="LFXCEPS"> F  </i>
   <i type="logical" name="L2ORDER"> F  </i>
   <i type="logical" name="LUSEW"> F  </i>
   <i name="ENCUTGW">     -2.00000000</i>
   <i name="ENCUTGWSOFT">     -2.00000000</i>
   <i name="ENCUTLF">     -1.00000000</i>
   <i type="int" name="LMAXMP2">    -1</i>
   <i name="SCISSOR">      0.00000000</i>
   <i type="int" name="NOMEGA">     0</i>
   <i type="int" name="NOMEGAR">     0</i>
   <i type="int" name="NBANDSGW">    -1</i>
   <i type="int" name="NBANDSO">    -1</i>
   <i type="int" name="NBANDSV">    -1</i>
   <i type="int" name="NELM">    60</i>
   <i type="int" name="DIM">     3</i>
   <i type="int" name="ANTIRES">     0</i>
   <i name="OMEGAMAX">    -30.00000000</i>
   <i name="OMEGATL">   -200.00000000</i>
   <i type="int" name="OMEGAGRID">     0</i>
   <i name="CSHIFT">     -0.10000000</i>
   <i type="logical" name="SELFENERGY"> F  </i>
   <i type="logical" name="LSPECTRAL"> F  </i>
   <i type="logical" name="ODDONLYGW"> F  </i>
   <i type="logical" name="EVENONLYGW"> F  </i>
   <i type="int" name="NKREDLFX">     1</i>
   <i type="int" name="NKREDLFY">     1</i>
   <i type="int" name="NKREDLFZ">     1</i>
   <i type="int" name="MAXMEM">  1800</i>
   <i type="int" name="TELESCOPE">     0</i>
  </separator>
 </parameters>
 <atominfo>
  <atoms>       4 </atoms>
  <types>       1 </types>
  <array name="atoms" >
   <dimension dim="1">ion</dimension>
   <field type="string">element</field>
   <field type="int">atomtype</field>
   <set>
    <rc><c>Sn</c><c>   1</c></rc>
    <rc><c>Sn</c><c>   1</c></rc>
    <rc><c>Sn</c><c>   1</c></rc>
    <rc><c>Sn</c><c>   1</c></rc>
   </set>
  </array>
  <array name="atomtypes" >
   <dimension dim="1">type</dimension>
   <field type="int">atomspertype</field>
   <field type="string">element</field>
   <field>mass</field>
   <field>valence</field>
   <field type="string">pseudopotential</field>
   <set>
    <rc><c>   4</c><c>Sn</c><c>    118.71000000</c><c>     14.00000000</c><c> PAW_PBE Sn_d 06Sep2000                 </c></rc>
   </set>
  </array>
 </atominfo>
 <structure name="initialpos" >
  <crystal>
   <varray name="basis" >
    <v>       5.83130000       0.00000000       0.00000000 </v>
    <v>       0.00000000       5.83130000       0.00000000 </v>
    <v>       0.00000000       0.00000000       3.18150000 </v>
   </varray>
   <i name="volume">    108.18391590 </i>
   <varray name="rec_basis" >
    <v>       0.17148835       0.00000000       0.00000000 </v>
    <v>       0.00000000       0.17148835       0.00000000 </v>
    <v>       0.00000000       0.00000000       0.31431715 </v>
   </varray>
  </crystal>
  <varray name="positions" >
   <v>       0.00000000       0.75000000       0.12500000 </v>
   <v>       0.00000000       0.25000000       0.87500000 </v>
   <v>       0.50000000       0.25000000       0.62500000 </v>
   <v>       0.50000000       0.75000000       0.37500000 </v>
  </varray>
 </structure>
 <calculation>
  <scstep>
   <time name="dav">    1.49    1.51</time>
   <time name="total">    1.91    1.95</time>
   <energy>
    <i name="alphaZ">    165.15909015 </i>
    <i name="ewald">  -5374.96529713 </i>
    <i name="hartreedc">  -1990.89442271 </i>
    <i name="XCdc">    227.96367290 </i>
    <i name="pawpsdc">   5488.21437192 </i>
    <i name="pawaedc">  -5636.81509254 </i>
    <i name="eentropy">      0.00204780 </i>
    <i name="bandstr">      2.12626855 </i>
    <i name="atom">   7572.29571107 </i>
    <i name="e_fr_energy">    453.08635002 </i>
    <i name="e_wo_entrp">    453.08430222 </i>
    <i name="e_0_energy">    453.08566742 </i>
   </energy>
  </scstep>
  <scstep>
   <time name="dav">    1.39    1.41</time>
   <time name="total">    1.40    1.42</time>
   <energy>
    <i name="e_fr_energy">     35.13451281 </i>
    <i name="e_wo_entrp">     35.12974628 </i>
    <i name="e_0_energy">     35.13292396 </i>
   </energy>
  </scstep>
  <scstep>
   <time name="dav">    1.83    1.83</time>
   <time name="total">    1.84    1.85</time>
   <energy>
    <i name="e_fr_energy">    -14.33651049 </i>
    <i name="e_wo_entrp">    -14.33314255 </i>
    <i name="e_0_energy">    -14.33538784 </i>
   </energy>
  </scstep>
  <scstep>
   <time name="dav">    1.54    1.56</time>
   <time name="total">    1.55    1.57</time>
   <energy>
    <i name="e_fr_energy">    -15.81014617 </i>
    <i name="e_wo_entrp">    -15.80676449 </i>
    <i name="e_0_energy">    -15.80901895 </i>
   </energy>
  </scstep>
  <scstep>
   <time name="dav">    1.96    1.97</time>
   <time name="total">    2.01    2.01</time>
   <energy>
    <i name="e_fr_energy">    -15.85712448 </i>
    <i name="e_wo_entrp">    -15.85373869 </i>
    <i name="e_0_energy">    -15.85599588 </i>
   </energy>
  </scstep>
  <scstep>
   <time name="dav">    1.88    1.88</time>
   <time name="total">    1.93    1.94</time>
   <energy>
    <i name="e_fr_energy">    -15.82614658 </i>
    <i name="e_wo_entrp">    -15.82264688 </i>
    <i name="e_0_energy">    -15.82498001 </i>
   </energy>
  </scstep>
  <scstep>
   <time name="dav">    1.95    1.95</time>
   <time name="total">    2.01    2.02</time>
   <energy>
    <i name="e_fr_energy">    -15.81787989 </i>
    <i name="e_wo_entrp">    -15.81434483 </i>
    <i name="e_0_energy">    -15.81670154 </i>
   </energy>
  </scstep>
  <scstep>
   <time name="dav">    1.70    1.71</time>
   <time name="total">    1.76    1.76</time>
   <energy>
    <i name="e_fr_energy">    -15.81787015 </i>
    <i name="e_wo_entrp">    -15.81441696 </i>
    <i name="e_0_energy">    -15.81671909 </i>
   </energy>
  </scstep>
  <scstep>
   <time name="dav">    1.92    1.93</time>
   <time name="total">    1.98    1.99</time>
   <energy>
    <i name="e_fr_energy">    -15.81788590 </i>
    <i name="e_wo_entrp">    -15.81444118 </i>
    <i name="e_0_energy">    -15.81673766 </i>
   </energy>
  </scstep>
  <scstep>
   <time name="dav">    1.35    1.35</time>
   <time name="total">    1.41    1.41</time>
   <energy>
    <i name="e_fr_energy">    -15.81787570 </i>
    <i name="e_wo_entrp">    -15.81443467 </i>
    <i name="e_0_energy">    -15.81672869 </i>
   </energy>
  </scstep>
  <scstep>
   <time name="dav">    1.23    1.24</time>
   <time name="total">    1.25    1.26</time>
   <energy>
    <i name="alphaZ">    165.15909015 </i>
    <i name="ewald">  -5374.96529713 </i>
    <i name="hartreedc">  -1970.38959277 </i>
    <i name="XCdc">    227.12616246 </i>
    <i name="pawpsdc">   5608.76165371 </i>
    <i name="pawaedc">  -5762.31469433 </i>
    <i name="eentropy">     -0.00344051 </i>
    <i name="bandstr">   -481.48746852 </i>
    <i name="atom">   7572.29571107 </i>
    <i name="e_fr_energy">    -15.81787588 </i>
    <i name="e_wo_entrp">    -15.81443536 </i>
    <i name="e_0_energy">    -15.81672904 </i>
   </energy>
  </scstep>
  <structure>
   <crystal>
    <varray name="basis" >
     <v>       5.83130000       0.00000000       0.00000000 </v>
     <v>       0.00000000       5.83130000       0.00000000 </v>
     <v>       0.00000000       0.00000000       3.18150000 </v>
    </varray>
    <i name="volume">    108.18391590 </i>
    <varray name="rec_basis" >
     <v>       0.17148835       0.00000000       0.00000000 </v>
     <v>       0.00000000       0.17148835       0.00000000 </v>
     <v>       0.00000000       0.00000000       0.31431715 </v>
    </varray>
   </crystal>
   <varray name="positions" >
    <v>       0.00000000       0.75000000       0.12500000 </v>
    <v>       0.00000000       0.25000000       0.87500000 </v>
    <v>       0.50000000       0.25000000       0.62500000 </v>
    <v>       0.50000000       0.75000000       0.37500000 </v>
   </varray>
  </structure>
  <varray name="forces" >
   <v>      -0.00000000       0.00000000       0.00000000 </v>
   <v>      -0.00000000      -0.00000000      -0.00000000 </v>
   <v>       0.00000000       0.00000000       0.00000000 </v>
   <v>       0.00000000      -0.00000000      -0.00000000 </v>
  </varray>
  <varray name="stress" >
   <v>      33.52433996       0.00000000       0.00000000 </v>
   <v>      -0.00000000      33.52433996       0.00000000 </v>
   <v>       0.00000000      -0.00000000      12.45258012 </v>
  </varray>
  <energy>
   <i name="e_fr_energy">    -15.81787588 </i>
   <i name="e_wo_entrp">    -15.81672904 </i>
   <i name="e_0_energy">     -0.00344051 </i>
  </energy>
  <time name="totalsc">   19.55   19.69</time>
  <eigenvalues>
   <array>
    <dimension dim="1">band</dimension>
    <dimension dim="2">kpoint</dimension>
    <dimension dim="3">spin</dimension>
    <field>eigene</field>
    <field>occ</field>
    <set>
     <set comment="spin 1">
      <set comment="kpoint 1">
       <r>  -13.6718    1.0000 </r>
       <r>  -13.6037    1.0000 </r>
       <r>  -13.6037    1.0000 </r>
       <r>  -13.5917    1.0000 </r>
       <r>  -13.5453    1.0000 </r>
       <r>  -13.5367    1.0000 </r>
       <r>  -13.4043    1.0000 </r>
       <r>  -13.4043    1.0000 </r>
       <r>  -13.3933    1.0000 </r>
       <r>  -13.3933    1.0000 </r>
       <r>  -13.3868    1.0000 </r>
       <r>  -13.3868    1.0000 </r>
       <r>  -13.3838    1.0000 </r>
       <r>  -13.3838    1.0000 </r>
       <r>  -13.3757    1.0000 </r>
       <r>  -13.3757    1.0000 </r>
       <r>  -13.3711    1.0000 </r>
       <r>  -13.3711    1.0000 </r>
       <r>  -13.2825    1.0000 </r>
       <r>  -13.1713    1.0000 </r>
       <r>   -3.1039    1.0000 </r>
       <r>    0.5125    1.0000 </r>
       <r>    0.5125    1.0000 </r>
       <r>    3.2091    1.0000 </r>
       <r>    3.2091    1.0000 </r>
       <r>    4.4704    1.0000 </r>
       <r>    6.0561    1.0000 </r>
       <r>    6.0561    1.0000 </r>
       <r>   11.0017   -0.0000 </r>
       <r>   13.0613   -0.0000 </r>
       <r>   13.0613   -0.0000 </r>
       <r>   14.3021    0.0000 </r>
       <r>   14.3021    0.0000 </r>
       <r>   14.8907    0.0000 </r>
       <r>   14.9921    0.0000 </r>
       <r>   17.4993    0.0000 </r>
       <r>   17.4993    0.0000 </r>
       <r>   17.9087    0.0000 </r>
       <r>   18.5699    0.0000 </r>
       <r>   19.2458    0.0000 </r>
       <r>   19.3233    0.0000 </r>
       <r>   19.3233    0.0000 </r>
       <r>   19.4056    0.0000 </r>
       <r>   19.4056    0.0000 </r>
       <r>   19.8121    0.0000 </r>
       <r>   20.6310    0.0000 </r>
       <r>   20.6310    0.0000 </r>
       <r>   21.2682    0.0000 </r>
      </set>
      <set comment="kpoint 2">
       <r>  -13.6556    1.0000 </r>
       <r>  -13.6048    1.0000 </r>
       <r>  -13.6008    1.0000 </r>
       <r>  -13.5942    1.0000 </r>
       <r>  -13.5471    1.0000 </r>
       <r>  -13.5316    1.0000 </r>
       <r>  -13.4611    1.0000 </r>
       <r>  -13.4108    1.0000 </r>
       <r>  -13.4025    1.0000 </r>
       <r>  -13.3877    1.0000 </r>
       <r>  -13.3860    1.0000 </r>
       <r>  -13.3858    1.0000 </r>
       <r>  -13.3815    1.0000 </r>
       <r>  -13.3762    1.0000 </r>
       <r>  -13.3668    1.0000 </r>
       <r>  -13.3651    1.0000 </r>
       <r>  -13.3487    1.0000 </r>
       <r>  -13.3482    1.0000 </r>
       <r>  -13.2922    1.0000 </r>
       <r>  -13.1885    1.0000 </r>
       <r>   -2.9228    1.0000 </r>
       <r>   -0.3157    1.0000 </r>
       <r>    0.6887    1.0000 </r>
       <r>    3.3740    1.0000 </r>
       <r>    3.3889    1.0000 </r>
       <r>    4.4151    1.0000 </r>
       <r>    5.5916    1.0000 </r>
       <r>    7.5510    1.0010 </r>
       <r>   11.7772   -0.0000 </r>
       <r>   12.2782   -0.0000 </r>
       <r>   13.1653   -0.0000 </r>
       <r>   13.1935   -0.0000 </r>
       <r>   14.5041    0.0000 </r>
       <r>   14.7326    0.0000 </r>
       <r>   14.7956    0.0000 </r>
       <r>   15.7405    0.0000 </r>
       <r>   16.9770    0.0000 </r>
       <r>   18.3771    0.0000 </r>
       <r>   18.5260    0.0000 </r>
       <r>   18.5760    0.0000 </r>
       <r>   18.7195    0.0000 </r>
       <r>   19.4818    0.0000 </r>
       <r>   19.5559    0.0000 </r>
       <r>   20.1564    0.0000 </r>
       <r>   20.4371    0.0000 </r>
       <r>   20.4481    0.0000 </r>
       <r>   20.5676    0.0000 </r>
       <r>   20.6181    0.0000 </r>
      </set>
      <set comment="kpoint 3">
       <r>  -13.6177    1.0000 </r>
       <r>  -13.6073    1.0000 </r>
       <r>  -13.5899    1.0000 </r>
       <r>  -13.5898    1.0000 </r>
       <r>  -13.5695    1.0000 </r>
       <r>  -13.5342    1.0000 </r>
       <r>  -13.4953    1.0000 </r>
       <r>  -13.4495    1.0000 </r>
       <r>  -13.3947    1.0000 </r>
       <r>  -13.3874    1.0000 </r>
       <r>  -13.3841    1.0000 </r>
       <r>  -13.3820    1.0000 </r>
       <r>  -13.3807    1.0000 </r>
       <r>  -13.3777    1.0000 </r>
       <r>  -13.3473    1.0000 </r>
       <r>  -13.3441    1.0000 </r>
       <r>  -13.3338    1.0000 </r>
       <r>  -13.3174    1.0000 </r>
       <r>  -13.2951    1.0000 </r>
       <r>  -13.2349    1.0000 </r>
       <r>   -2.3794    1.0000 </r>
       <r>   -1.4843    1.0000 </r>
       <r>    1.2225    1.0000 </r>
       <r>    2.1236    1.0000 </r>
       <r>    3.9100    1.0000 </r>
       <r>    4.7056    1.0000 </r>
       <r>    6.7023    1.0000 </r>
       <r>    9.4032   -0.0000 </r>
       <r>    9.9696   -0.0000 </r>
       <r>   12.6406   -0.0000 </r>
       <r>   13.5808    0.0000 </r>
       <r>   13.5965    0.0000 </r>
       <r>   13.7376    0.0000 </r>
       <r>   14.1748    0.0000 </r>
       <r>   14.1752    0.0000 </r>
       <r>   15.0895    0.0000 </r>
       <r>   15.9420    0.0000 </r>
       <r>   15.9828    0.0000 </r>
       <r>   18.7624    0.0000 </r>
       <r>   18.8424    0.0000 </r>
       <r>   18.8634    0.0000 </r>
       <r>   19.4307    0.0000 </r>
       <r>   19.4562    0.0000 </r>
       <r>   19.4629    0.0000 </r>
       <r>   19.9563    0.0000 </r>
       <r>   20.0042    0.0000 </r>
       <r>   20.7362    0.0000 </r>
       <r>   20.7407    0.0000 </r>
      </set>
      <set comment="kpoint 4">
       <r>  -13.6394    1.0000 </r>
       <r>  -13.6021    1.0000 </r>
       <r>  -13.6021    1.0000 </r>
       <r>  -13.5967    1.0000 </r>
       <r>  -13.5554    1.0000 </r>
       <r>  -13.5180    1.0000 </r>
       <r>  -13.4548    1.0000 </r>
       <r>  -13.4548    1.0000 </r>
       <r>  -13.4031    1.0000 </r>
       <r>  -13.4011    1.0000 </r>
       <r>  -13.4011    1.0000 </r>
       <r>  -13.3709    1.0000 </r>
       <r>  -13.3682    1.0000 </r>
       <r>  -13.3632    1.0000 </r>
       <r>  -13.3611    1.0000 </r>
       <r>  -13.3611    1.0000 </r>
       <r>  -13.3375    1.0000 </r>
       <r>  -13.3375    1.0000 </r>
       <r>  -13.3018    1.0000 </r>
       <r>  -13.2038    1.0000 </r>
       <r>   -2.7417    1.0000 </r>
       <r>   -0.1376    1.0000 </r>
       <r>   -0.1376    1.0000 </r>
       <r>    2.4746    1.0000 </r>
       <r>    4.5927    1.0000 </r>
       <r>    4.5927    1.0000 </r>
       <r>    6.4848    1.0000 </r>
       <r>    7.4232    1.0000 </r>
       <r>   12.2042   -0.0000 </r>
       <r>   12.6196   -0.0000 </r>
       <r>   12.7567   -0.0000 </r>
       <r>   13.2710   -0.0000 </r>
       <r>   13.2710   -0.0000 </r>
       <r>   14.5721    0.0000 </r>
       <r>   14.7466    0.0000 </r>
       <r>   15.0977    0.0000 </r>
       <r>   15.0977    0.0000 </r>
       <r>   18.0843    0.0000 </r>
       <r>   18.2336    0.0000 </r>
       <r>   19.2916    0.0000 </r>
       <r>   19.2916    0.0000 </r>
       <r>   19.6548    0.0000 </r>
       <r>   19.7501    0.0000 </r>
       <r>   19.7501    0.0000 </r>
       <r>   20.4295    0.0000 </r>
       <r>   20.8703    0.0000 </r>
       <r>   20.8844    0.0000 </r>
       <r>   21.0737    0.0000 </r>
      </set>
      <set comment="kpoint 5">
       <r>  -13.6067    1.0000 </r>
       <r>  -13.6043    1.0000 </r>
       <r>  -13.5920    1.0000 </r>
       <r>  -13.5877    1.0000 </r>
       <r>  -13.5741    1.0000 </r>
       <r>  -13.5253    1.0000 </r>
       <r>  -13.4828    1.0000 </r>
       <r>  -13.4426    1.0000 </r>
       <r>  -13.4342    1.0000 </r>
       <r>  -13.4204    1.0000 </r>
       <r>  -13.3821    1.0000 </r>
       <r>  -13.3705    1.0000 </r>
       <r>  -13.3615    1.0000 </r>
       <r>  -13.3582    1.0000 </r>
       <r>  -13.3498    1.0000 </r>
       <r>  -13.3436    1.0000 </r>
       <r>  -13.3288    1.0000 </r>
       <r>  -13.3250    1.0000 </r>
       <r>  -13.2967    1.0000 </r>
       <r>  -13.2447    1.0000 </r>
       <r>   -2.1988    1.0000 </r>
       <r>   -1.3046    1.0000 </r>
       <r>    0.3980    1.0000 </r>
       <r>    1.2876    1.0000 </r>
       <r>    5.1091    1.0000 </r>
       <r>    5.8953    1.0000 </r>
       <r>    6.8763    1.0000 </r>
       <r>    9.3991   -0.0000 </r>
       <r>    9.5672   -0.0000 </r>
       <r>   12.0517   -0.0000 </r>
       <r>   13.0272   -0.0000 </r>
       <r>   13.4689    0.0000 </r>
       <r>   13.7551    0.0000 </r>
       <r>   14.1602    0.0000 </r>
       <r>   14.2051    0.0000 </r>
       <r>   14.3078    0.0000 </r>
       <r>   14.5238    0.0000 </r>
       <r>   16.8999    0.0000 </r>
       <r>   18.0889    0.0000 </r>
       <r>   18.1732    0.0000 </r>
       <r>   18.6358    0.0000 </r>
       <r>   18.7019    0.0000 </r>
       <r>   20.5123    0.0000 </r>
       <r>   20.6480    0.0000 </r>
       <r>   21.0725    0.0000 </r>
       <r>   21.5093    0.0000 </r>
       <r>   21.8286    0.0000 </r>
       <r>   22.0174    0.0000 </r>
      </set>
      <set comment="kpoint 6">
       <r>  -13.5995    1.0000 </r>
       <r>  -13.5964    1.0000 </r>
       <r>  -13.5964    1.0000 </r>
       <r>  -13.5850    1.0000 </r>
       <r>  -13.5552    1.0000 </r>
       <r>  -13.4988    1.0000 </r>
       <r>  -13.4988    1.0000 </r>
       <r>  -13.4606    1.0000 </r>
       <r>  -13.4501    1.0000 </r>
       <r>  -13.4100    1.0000 </r>
       <r>  -13.4100    1.0000 </r>
       <r>  -13.3788    1.0000 </r>
       <r>  -13.3484    1.0000 </r>
       <r>  -13.3448    1.0000 </r>
       <r>  -13.3448    1.0000 </r>
       <r>  -13.3370    1.0000 </r>
       <r>  -13.3282    1.0000 </r>
       <r>  -13.3069    1.0000 </r>
       <r>  -13.3069    1.0000 </r>
       <r>  -13.2719    1.0000 </r>
       <r>   -1.6574    1.0000 </r>
       <r>   -0.7657    1.0000 </r>
       <r>   -0.7657    1.0000 </r>
       <r>    0.1228    1.0000 </r>
       <r>    7.3708    1.0000 </r>
       <r>    7.3708    1.0000 </r>
       <r>    7.7346    1.0223 </r>
       <r>    8.8440   -0.0000 </r>
       <r>    9.7044   -0.0000 </r>
       <r>   10.5804   -0.0000 </r>
       <r>   11.0600   -0.0000 </r>
       <r>   11.0600   -0.0000 </r>
       <r>   13.9384    0.0000 </r>
       <r>   13.9384    0.0000 </r>
       <r>   14.0959    0.0000 </r>
       <r>   14.1598    0.0000 </r>
       <r>   16.4599    0.0000 </r>
       <r>   17.6417    0.0000 </r>
       <r>   17.7508    0.0000 </r>
       <r>   17.8282    0.0000 </r>
       <r>   17.8282    0.0000 </r>
       <r>   18.9755    0.0000 </r>
       <r>   18.9755    0.0000 </r>
       <r>   21.1824    0.0000 </r>
       <r>   22.4499    0.0000 </r>
       <r>   22.7133    0.0000 </r>
       <r>   22.7929    0.0000 </r>
       <r>   22.8857    0.0000 </r>
      </set>
      <set comment="kpoint 7">
       <r>  -13.6689    1.0000 </r>
       <r>  -13.5863    1.0000 </r>
       <r>  -13.5838    1.0000 </r>
       <r>  -13.5664    1.0000 </r>
       <r>  -13.5406    1.0000 </r>
       <r>  -13.5044    1.0000 </r>
       <r>  -13.4170    1.0000 </r>
       <r>  -13.4101    1.0000 </r>
       <r>  -13.4034    1.0000 </r>
       <r>  -13.4034    1.0000 </r>
       <r>  -13.3969    1.0000 </r>
       <r>  -13.3969    1.0000 </r>
       <r>  -13.3788    1.0000 </r>
       <r>  -13.3788    1.0000 </r>
       <r>  -13.3785    1.0000 </r>
       <r>  -13.3785    1.0000 </r>
       <r>  -13.3757    1.0000 </r>
       <r>  -13.3686    1.0000 </r>
       <r>  -13.2838    1.0000 </r>
       <r>  -13.1745    1.0000 </r>
       <r>   -2.9143    1.0000 </r>
       <r>    0.6193    1.0000 </r>
       <r>    0.7446    1.0000 </r>
       <r>    3.4083    1.0000 </r>
       <r>    3.4083    1.0000 </r>
       <r>    4.6328    1.0000 </r>
       <r>    6.2354    1.0000 </r>
       <r>    6.2354    1.0000 </r>
       <r>   10.0786   -0.0000 </r>
       <r>   11.1599   -0.0000 </r>
       <r>   13.1577   -0.0000 </r>
       <r>   13.2013   -0.0000 </r>
       <r>   14.1733    0.0000 </r>
       <r>   14.1733    0.0000 </r>
       <r>   15.3245    0.0000 </r>
       <r>   16.9760    0.0000 </r>
       <r>   16.9760    0.0000 </r>
       <r>   17.3336    0.0000 </r>
       <r>   17.3336    0.0000 </r>
       <r>   17.9309    0.0000 </r>
       <r>   19.0388    0.0000 </r>
       <r>   19.2976    0.0000 </r>
       <r>   19.7280    0.0000 </r>
       <r>   19.7280    0.0000 </r>
       <r>   21.3532    0.0000 </r>
       <r>   21.3645    0.0000 </r>
       <r>   21.4362    0.0000 </r>
       <r>   21.4373    0.0000 </r>
      </set>
      <set comment="kpoint 8">
       <r>  -13.6536    1.0000 </r>
       <r>  -13.5868    1.0000 </r>
       <r>  -13.5823    1.0000 </r>
       <r>  -13.5701    1.0000 </r>
       <r>  -13.5275    1.0000 </r>
       <r>  -13.5182    1.0000 </r>
       <r>  -13.4603    1.0000 </r>
       <r>  -13.4198    1.0000 </r>
       <r>  -13.4024    1.0000 </r>
       <r>  -13.4022    1.0000 </r>
       <r>  -13.3929    1.0000 </r>
       <r>  -13.3919    1.0000 </r>
       <r>  -13.3845    1.0000 </r>
       <r>  -13.3796    1.0000 </r>
       <r>  -13.3744    1.0000 </r>
       <r>  -13.3687    1.0000 </r>
       <r>  -13.3571    1.0000 </r>
       <r>  -13.3379    1.0000 </r>
       <r>  -13.2934    1.0000 </r>
       <r>  -13.1906    1.0000 </r>
       <r>   -2.7333    1.0000 </r>
       <r>   -0.1379    1.0000 </r>
       <r>    0.8604    1.0000 </r>
       <r>    3.5437    1.0000 </r>
       <r>    3.5867    1.0000 </r>
       <r>    4.5981    1.0000 </r>
       <r>    5.7743    1.0000 </r>
       <r>    7.7156    1.0180 </r>
       <r>   10.2522   -0.0000 </r>
       <r>   11.9267   -0.0000 </r>
       <r>   12.0321   -0.0000 </r>
       <r>   12.9415   -0.0000 </r>
       <r>   13.4551    0.0000 </r>
       <r>   14.3769    0.0000 </r>
       <r>   14.9259    0.0000 </r>
       <r>   15.9091    0.0000 </r>
       <r>   16.7825    0.0000 </r>
       <r>   17.1361    0.0000 </r>
       <r>   17.3782    0.0000 </r>
       <r>   18.5358    0.0000 </r>
       <r>   18.5709    0.0000 </r>
       <r>   18.7266    0.0000 </r>
       <r>   19.6621    0.0000 </r>
       <r>   20.0722    0.0000 </r>
       <r>   20.3419    0.0000 </r>
       <r>   20.9311    0.0000 </r>
       <r>   21.5122    0.0000 </r>
       <r>   21.7846    0.0000 </r>
      </set>
      <set comment="kpoint 9">
       <r>  -13.6140    1.0000 </r>
       <r>  -13.5906    1.0000 </r>
       <r>  -13.5710    1.0000 </r>
       <r>  -13.5705    1.0000 </r>
       <r>  -13.5461    1.0000 </r>
       <r>  -13.5303    1.0000 </r>
       <r>  -13.4932    1.0000 </r>
       <r>  -13.4512    1.0000 </r>
       <r>  -13.3989    1.0000 </r>
       <r>  -13.3962    1.0000 </r>
       <r>  -13.3945    1.0000 </r>
       <r>  -13.3890    1.0000 </r>
       <r>  -13.3844    1.0000 </r>
       <r>  -13.3816    1.0000 </r>
       <r>  -13.3507    1.0000 </r>
       <r>  -13.3478    1.0000 </r>
       <r>  -13.3347    1.0000 </r>
       <r>  -13.3182    1.0000 </r>
       <r>  -13.2940    1.0000 </r>
       <r>  -13.2347    1.0000 </r>
       <r>   -2.1906    1.0000 </r>
       <r>   -1.2981    1.0000 </r>
       <r>    1.3931    1.0000 </r>
       <r>    2.2947    1.0000 </r>
       <r>    4.1042    1.0000 </r>
       <r>    4.8944    1.0000 </r>
       <r>    6.8557    1.0000 </r>
       <r>    9.4757   -0.0000 </r>
       <r>   10.1008   -0.0000 </r>
       <r>   10.7576   -0.0000 </r>
       <r>   11.7398   -0.0000 </r>
       <r>   12.9069   -0.0000 </r>
       <r>   13.7104    0.0000 </r>
       <r>   13.8104    0.0000 </r>
       <r>   14.4788    0.0000 </r>
       <r>   14.9794    0.0000 </r>
       <r>   15.6664    0.0000 </r>
       <r>   16.2247    0.0000 </r>
       <r>   17.6166    0.0000 </r>
       <r>   18.4223    0.0000 </r>
       <r>   18.7693    0.0000 </r>
       <r>   18.8113    0.0000 </r>
       <r>   19.3470    0.0000 </r>
       <r>   19.5401    0.0000 </r>
       <r>   19.6675    0.0000 </r>
       <r>   21.7589    0.0000 </r>
       <r>   21.8719    0.0000 </r>
       <r>   22.6281    0.0000 </r>
      </set>
      <set comment="kpoint 10">
       <r>  -13.6385    1.0000 </r>
       <r>  -13.5850    1.0000 </r>
       <r>  -13.5828    1.0000 </r>
       <r>  -13.5735    1.0000 </r>
       <r>  -13.5289    1.0000 </r>
       <r>  -13.5137    1.0000 </r>
       <r>  -13.4607    1.0000 </r>
       <r>  -13.4496    1.0000 </r>
       <r>  -13.4162    1.0000 </r>
       <r>  -13.4111    1.0000 </r>
       <r>  -13.3857    1.0000 </r>
       <r>  -13.3794    1.0000 </r>
       <r>  -13.3786    1.0000 </r>
       <r>  -13.3748    1.0000 </r>
       <r>  -13.3689    1.0000 </r>
       <r>  -13.3682    1.0000 </r>
       <r>  -13.3443    1.0000 </r>
       <r>  -13.3247    1.0000 </r>
       <r>  -13.3031    1.0000 </r>
       <r>  -13.2047    1.0000 </r>
       <r>   -2.5523    1.0000 </r>
       <r>    0.0064    1.0000 </r>
       <r>    0.0781    1.0000 </r>
       <r>    2.6508    1.0000 </r>
       <r>    4.7444    1.0000 </r>
       <r>    4.8043    1.0000 </r>
       <r>    6.6531    1.0000 </r>
       <r>    7.5936    1.0025 </r>
       <r>   10.4232   -0.0000 </r>
       <r>   11.8907   -0.0000 </r>
       <r>   12.5954   -0.0000 </r>
       <r>   12.7790   -0.0000 </r>
       <r>   13.0224   -0.0000 </r>
       <r>   13.3590   -0.0000 </r>
       <r>   14.3147    0.0000 </r>
       <r>   15.2537    0.0000 </r>
       <r>   15.4127    0.0000 </r>
       <r>   17.5015    0.0000 </r>
       <r>   17.6414    0.0000 </r>
       <r>   18.3021    0.0000 </r>
       <r>   18.8861    0.0000 </r>
       <r>   19.7793    0.0000 </r>
       <r>   20.3881    0.0000 </r>
       <r>   20.5246    0.0000 </r>
       <r>   20.5659    0.0000 </r>
       <r>   20.6514    0.0000 </r>
       <r>   20.7218    0.0000 </r>
       <r>   21.7406    0.0000 </r>
      </set>
      <set comment="kpoint 11">
       <r>  -13.6005    1.0000 </r>
       <r>  -13.5867    1.0000 </r>
       <r>  -13.5733    1.0000 </r>
       <r>  -13.5724    1.0000 </r>
       <r>  -13.5509    1.0000 </r>
       <r>  -13.5246    1.0000 </r>
       <r>  -13.4805    1.0000 </r>
       <r>  -13.4462    1.0000 </r>
       <r>  -13.4361    1.0000 </r>
       <r>  -13.4275    1.0000 </r>
       <r>  -13.3840    1.0000 </r>
       <r>  -13.3802    1.0000 </r>
       <r>  -13.3637    1.0000 </r>
       <r>  -13.3628    1.0000 </r>
       <r>  -13.3559    1.0000 </r>
       <r>  -13.3496    1.0000 </r>
       <r>  -13.3301    1.0000 </r>
       <r>  -13.3274    1.0000 </r>
       <r>  -13.2941    1.0000 </r>
       <r>  -13.2437    1.0000 </r>
       <r>   -2.0101    1.0000 </r>
       <r>   -1.1185    1.0000 </r>
       <r>    0.5781    1.0000 </r>
       <r>    1.4668    1.0000 </r>
       <r>    5.2865    1.0000 </r>
       <r>    6.0679    1.0000 </r>
       <r>    7.0291    1.0000 </r>
       <r>    9.5191   -0.0000 </r>
       <r>    9.6619   -0.0000 </r>
       <r>   10.9073   -0.0000 </r>
       <r>   11.8648   -0.0000 </r>
       <r>   12.2510   -0.0000 </r>
       <r>   12.8507   -0.0000 </r>
       <r>   13.6786    0.0000 </r>
       <r>   13.6882    0.0000 </r>
       <r>   14.4536    0.0000 </r>
       <r>   14.6599    0.0000 </r>
       <r>   16.9698    0.0000 </r>
       <r>   17.9708    0.0000 </r>
       <r>   18.3850    0.0000 </r>
       <r>   19.3303    0.0000 </r>
       <r>   19.4286    0.0000 </r>
       <r>   19.6617    0.0000 </r>
       <r>   20.9910    0.0000 </r>
       <r>   21.0773    0.0000 </r>
       <r>   21.3235    0.0000 </r>
       <r>   21.4935    0.0000 </r>
       <r>   22.0014    0.0000 </r>
      </set>
      <set comment="kpoint 12">
       <r>  -13.5781    1.0000 </r>
       <r>  -13.5766    1.0000 </r>
       <r>  -13.5755    1.0000 </r>
       <r>  -13.5625    1.0000 </r>
       <r>  -13.5598    1.0000 </r>
       <r>  -13.5059    1.0000 </r>
       <r>  -13.5027    1.0000 </r>
       <r>  -13.4693    1.0000 </r>
       <r>  -13.4477    1.0000 </r>
       <r>  -13.4146    1.0000 </r>
       <r>  -13.4020    1.0000 </r>
       <r>  -13.3791    1.0000 </r>
       <r>  -13.3520    1.0000 </r>
       <r>  -13.3517    1.0000 </r>
       <r>  -13.3516    1.0000 </r>
       <r>  -13.3438    1.0000 </r>
       <r>  -13.3317    1.0000 </r>
       <r>  -13.3113    1.0000 </r>
       <r>  -13.3014    1.0000 </r>
       <r>  -13.2702    1.0000 </r>
       <r>   -1.4693    1.0000 </r>
       <r>   -0.5907    1.0000 </r>
       <r>   -0.5691    1.0000 </r>
       <r>    0.3069    1.0000 </r>
       <r>    7.4538    1.0001 </r>
       <r>    7.5796    1.0019 </r>
       <r>    7.8646    1.0213 </r>
       <r>    9.0069   -0.0000 </r>
       <r>    9.7441   -0.0000 </r>
       <r>   10.7271   -0.0000 </r>
       <r>   11.0539   -0.0000 </r>
       <r>   11.0565   -0.0000 </r>
       <r>   11.7821   -0.0000 </r>
       <r>   12.3220   -0.0000 </r>
       <r>   12.4579   -0.0000 </r>
       <r>   13.1790   -0.0000 </r>
       <r>   16.6122    0.0000 </r>
       <r>   18.7616    0.0000 </r>
       <r>   18.7949    0.0000 </r>
       <r>   19.1898    0.0000 </r>
       <r>   19.4035    0.0000 </r>
       <r>   19.5247    0.0000 </r>
       <r>   20.2808    0.0000 </r>
       <r>   20.4191    0.0000 </r>
       <r>   20.5037    0.0000 </r>
       <r>   21.1246    0.0000 </r>
       <r>   21.3452    0.0000 </r>
       <r>   21.7538    0.0000 </r>
      </set>
      <set comment="kpoint 13">
       <r>  -13.6578    1.0000 </r>
       <r>  -13.5644    1.0000 </r>
       <r>  -13.5334    1.0000 </r>
       <r>  -13.5273    1.0000 </r>
       <r>  -13.5037    1.0000 </r>
       <r>  -13.4378    1.0000 </r>
       <r>  -13.4378    1.0000 </r>
       <r>  -13.4298    1.0000 </r>
       <r>  -13.4298    1.0000 </r>
       <r>  -13.4268    1.0000 </r>
       <r>  -13.4246    1.0000 </r>
       <r>  -13.3972    1.0000 </r>
       <r>  -13.3972    1.0000 </r>
       <r>  -13.3944    1.0000 </r>
       <r>  -13.3944    1.0000 </r>
       <r>  -13.3840    1.0000 </r>
       <r>  -13.3573    1.0000 </r>
       <r>  -13.3206    1.0000 </r>
       <r>  -13.2882    1.0000 </r>
       <r>  -13.1834    1.0000 </r>
       <r>   -2.3453    1.0000 </r>
       <r>    1.0270    1.0000 </r>
       <r>    1.3338    1.0000 </r>
       <r>    3.9925    1.0000 </r>
       <r>    3.9925    1.0000 </r>
       <r>    5.1143    1.0000 </r>
       <r>    6.7270    1.0000 </r>
       <r>    6.7270    1.0000 </r>
       <r>    7.3381    1.0000 </r>
       <r>   10.4906   -0.0000 </r>
       <r>   10.4992   -0.0000 </r>
       <r>   11.6360   -0.0000 </r>
       <r>   13.0259   -0.0000 </r>
       <r>   13.0259   -0.0000 </r>
       <r>   13.9548    0.0000 </r>
       <r>   15.9534    0.0000 </r>
       <r>   15.9534    0.0000 </r>
       <r>   16.3332    0.0000 </r>
       <r>   16.3332    0.0000 </r>
       <r>   18.2950    0.0000 </r>
       <r>   18.9777    0.0000 </r>
       <r>   19.3228    0.0000 </r>
       <r>   19.3228    0.0000 </r>
       <r>   19.4695    0.0000 </r>
       <r>   21.0743    0.0000 </r>
       <r>   21.8957    0.0000 </r>
       <r>   21.8957    0.0000 </r>
       <r>   22.6620    0.0000 </r>
      </set>
      <set comment="kpoint 14">
       <r>  -13.6455    1.0000 </r>
       <r>  -13.5661    1.0000 </r>
       <r>  -13.5371    1.0000 </r>
       <r>  -13.5166    1.0000 </r>
       <r>  -13.5148    1.0000 </r>
       <r>  -13.4616    1.0000 </r>
       <r>  -13.4511    1.0000 </r>
       <r>  -13.4424    1.0000 </r>
       <r>  -13.4352    1.0000 </r>
       <r>  -13.4159    1.0000 </r>
       <r>  -13.4018    1.0000 </r>
       <r>  -13.4014    1.0000 </r>
       <r>  -13.3980    1.0000 </r>
       <r>  -13.3955    1.0000 </r>
       <r>  -13.3834    1.0000 </r>
       <r>  -13.3628    1.0000 </r>
       <r>  -13.3586    1.0000 </r>
       <r>  -13.3067    1.0000 </r>
       <r>  -13.2972    1.0000 </r>
       <r>  -13.1966    1.0000 </r>
       <r>   -2.1648    1.0000 </r>
       <r>    0.3848    1.0000 </r>
       <r>    1.3686    1.0000 </r>
       <r>    4.0395    1.0000 </r>
       <r>    4.1664    1.0000 </r>
       <r>    5.1046    1.0000 </r>
       <r>    6.2868    1.0000 </r>
       <r>    7.5612    1.0012 </r>
       <r>    8.1334    0.2046 </r>
       <r>    9.8043   -0.0000 </r>
       <r>   10.6824   -0.0000 </r>
       <r>   12.2815   -0.0000 </r>
       <r>   12.8130   -0.0000 </r>
       <r>   13.1407   -0.0000 </r>
       <r>   13.3144   -0.0000 </r>
       <r>   15.3295    0.0000 </r>
       <r>   15.4157    0.0000 </r>
       <r>   15.8570    0.0000 </r>
       <r>   16.5056    0.0000 </r>
       <r>   18.5765    0.0000 </r>
       <r>   18.5807    0.0000 </r>
       <r>   18.9226    0.0000 </r>
       <r>   19.4960    0.0000 </r>
       <r>   20.1980    0.0000 </r>
       <r>   20.8183    0.0000 </r>
       <r>   21.3294    0.0000 </r>
       <r>   21.7124    0.0000 </r>
       <r>   22.2579    0.0000 </r>
      </set>
      <set comment="kpoint 15">
       <r>  -13.6101    1.0000 </r>
       <r>  -13.5718    1.0000 </r>
       <r>  -13.5359    1.0000 </r>
       <r>  -13.5235    1.0000 </r>
       <r>  -13.5072    1.0000 </r>
       <r>  -13.5055    1.0000 </r>
       <r>  -13.4899    1.0000 </r>
       <r>  -13.4614    1.0000 </r>
       <r>  -13.4275    1.0000 </r>
       <r>  -13.4163    1.0000 </r>
       <r>  -13.4000    1.0000 </r>
       <r>  -13.3979    1.0000 </r>
       <r>  -13.3814    1.0000 </r>
       <r>  -13.3777    1.0000 </r>
       <r>  -13.3560    1.0000 </r>
       <r>  -13.3468    1.0000 </r>
       <r>  -13.3357    1.0000 </r>
       <r>  -13.3205    1.0000 </r>
       <r>  -13.2850    1.0000 </r>
       <r>  -13.2356    1.0000 </r>
       <r>   -1.6252    1.0000 </r>
       <r>   -0.7426    1.0000 </r>
       <r>    1.8923    1.0000 </r>
       <r>    2.7938    1.0000 </r>
       <r>    4.6700    1.0000 </r>
       <r>    5.4376    1.0000 </r>
       <r>    7.0514    1.0000 </r>
       <r>    8.3720   -0.0244 </r>
       <r>    8.4910   -0.0045 </r>
       <r>   10.1697   -0.0000 </r>
       <r>   10.6234   -0.0000 </r>
       <r>   11.5793   -0.0000 </r>
       <r>   11.9435   -0.0000 </r>
       <r>   13.3427   -0.0000 </r>
       <r>   13.5836    0.0000 </r>
       <r>   14.2933    0.0000 </r>
       <r>   14.5687    0.0000 </r>
       <r>   16.7460    0.0000 </r>
       <r>   16.9671    0.0000 </r>
       <r>   17.0162    0.0000 </r>
       <r>   17.8505    0.0000 </r>
       <r>   19.3098    0.0000 </r>
       <r>   19.3200    0.0000 </r>
       <r>   19.6496    0.0000 </r>
       <r>   20.6259    0.0000 </r>
       <r>   21.9841    0.0000 </r>
       <r>   22.3202    0.0000 </r>
       <r>   22.3877    0.0000 </r>
      </set>
      <set comment="kpoint 16">
       <r>  -13.6341    1.0000 </r>
       <r>  -13.5676    1.0000 </r>
       <r>  -13.5399    1.0000 </r>
       <r>  -13.5237    1.0000 </r>
       <r>  -13.5059    1.0000 </r>
       <r>  -13.4723    1.0000 </r>
       <r>  -13.4525    1.0000 </r>
       <r>  -13.4493    1.0000 </r>
       <r>  -13.4314    1.0000 </r>
       <r>  -13.4301    1.0000 </r>
       <r>  -13.4021    1.0000 </r>
       <r>  -13.3977    1.0000 </r>
       <r>  -13.3974    1.0000 </r>
       <r>  -13.3900    1.0000 </r>
       <r>  -13.3664    1.0000 </r>
       <r>  -13.3654    1.0000 </r>
       <r>  -13.3484    1.0000 </r>
       <r>  -13.3067    1.0000 </r>
       <r>  -13.2977    1.0000 </r>
       <r>  -13.2083    1.0000 </r>
       <r>   -1.9845    1.0000 </r>
       <r>    0.4883    1.0000 </r>
       <r>    0.6622    1.0000 </r>
       <r>    3.1680    1.0000 </r>
       <r>    5.1761    1.0000 </r>
       <r>    5.3764    1.0000 </r>
       <r>    7.0697    1.0000 </r>
       <r>    7.7812    1.0324 </r>
       <r>    8.0824    0.3974 </r>
       <r>    9.8065   -0.0000 </r>
       <r>   10.1479   -0.0000 </r>
       <r>   12.3503   -0.0000 </r>
       <r>   12.8571   -0.0000 </r>
       <r>   12.9549   -0.0000 </r>
       <r>   13.3233   -0.0000 </r>
       <r>   15.2560    0.0000 </r>
       <r>   15.3610    0.0000 </r>
       <r>   15.5111    0.0000 </r>
       <r>   15.7244    0.0000 </r>
       <r>   17.3789    0.0000 </r>
       <r>   17.8894    0.0000 </r>
       <r>   20.2264    0.0000 </r>
       <r>   20.7365    0.0000 </r>
       <r>   20.9742    0.0000 </r>
       <r>   21.1304    0.0000 </r>
       <r>   21.6663    0.0000 </r>
       <r>   21.6900    0.0000 </r>
       <r>   22.2428    0.0000 </r>
      </set>
      <set comment="kpoint 17">
       <r>  -13.6011    1.0000 </r>
       <r>  -13.5696    1.0000 </r>
       <r>  -13.5366    1.0000 </r>
       <r>  -13.5303    1.0000 </r>
       <r>  -13.5093    1.0000 </r>
       <r>  -13.5085    1.0000 </r>
       <r>  -13.4752    1.0000 </r>
       <r>  -13.4527    1.0000 </r>
       <r>  -13.4412    1.0000 </r>
       <r>  -13.4380    1.0000 </r>
       <r>  -13.3989    1.0000 </r>
       <r>  -13.3944    1.0000 </r>
       <r>  -13.3640    1.0000 </r>
       <r>  -13.3637    1.0000 </r>
       <r>  -13.3603    1.0000 </r>
       <r>  -13.3503    1.0000 </r>
       <r>  -13.3330    1.0000 </r>
       <r>  -13.3308    1.0000 </r>
       <r>  -13.2835    1.0000 </r>
       <r>  -13.2430    1.0000 </r>
       <r>   -1.4453    1.0000 </r>
       <r>   -0.5636    1.0000 </r>
       <r>    1.1111    1.0000 </r>
       <r>    1.9951    1.0000 </r>
       <r>    5.7599    1.0000 </r>
       <r>    6.5186    1.0000 </r>
       <r>    7.2472    1.0000 </r>
       <r>    8.5715   -0.0009 </r>
       <r>    8.6982   -0.0000 </r>
       <r>    9.7236   -0.0000 </r>
       <r>   10.5309   -0.0000 </r>
       <r>   11.0313   -0.0000 </r>
       <r>   11.1843   -0.0000 </r>
       <r>   12.9904   -0.0000 </r>
       <r>   13.4669    0.0000 </r>
       <r>   14.3211    0.0000 </r>
       <r>   14.9381    0.0000 </r>
       <r>   16.2348    0.0000 </r>
       <r>   16.4228    0.0000 </r>
       <r>   17.1830    0.0000 </r>
       <r>   17.8214    0.0000 </r>
       <r>   19.3069    0.0000 </r>
       <r>   19.6792    0.0000 </r>
       <r>   21.3624    0.0000 </r>
       <r>   21.5840    0.0000 </r>
       <r>   21.8517    0.0000 </r>
       <r>   22.1780    0.0000 </r>
       <r>   23.0623    0.0000 </r>
      </set>
      <set comment="kpoint 18">
       <r>  -13.5724    1.0000 </r>
       <r>  -13.5567    1.0000 </r>
       <r>  -13.5364    1.0000 </r>
       <r>  -13.5345    1.0000 </r>
       <r>  -13.5155    1.0000 </r>
       <r>  -13.5151    1.0000 </r>
       <r>  -13.5013    1.0000 </r>
       <r>  -13.4900    1.0000 </r>
       <r>  -13.4413    1.0000 </r>
       <r>  -13.4163    1.0000 </r>
       <r>  -13.3910    1.0000 </r>
       <r>  -13.3764    1.0000 </r>
       <r>  -13.3628    1.0000 </r>
       <r>  -13.3572    1.0000 </r>
       <r>  -13.3521    1.0000 </r>
       <r>  -13.3511    1.0000 </r>
       <r>  -13.3324    1.0000 </r>
       <r>  -13.3193    1.0000 </r>
       <r>  -13.2915    1.0000 </r>
       <r>  -13.2687    1.0000 </r>
       <r>   -0.9073    1.0000 </r>
       <r>   -0.0520    1.0000 </r>
       <r>   -0.0006    1.0000 </r>
       <r>    0.8535    1.0000 </r>
       <r>    7.4237    1.0000 </r>
       <r>    7.9397    0.9159 </r>
       <r>    8.0210    0.6531 </r>
       <r>    8.8349   -0.0000 </r>
       <r>    9.2631   -0.0000 </r>
       <r>    9.5533   -0.0000 </r>
       <r>   10.0605   -0.0000 </r>
       <r>   10.1298   -0.0000 </r>
       <r>   11.1772   -0.0000 </r>
       <r>   11.2527   -0.0000 </r>
       <r>   11.9220   -0.0000 </r>
       <r>   12.0838   -0.0000 </r>
       <r>   16.5910    0.0000 </r>
       <r>   17.5816    0.0000 </r>
       <r>   17.6902    0.0000 </r>
       <r>   18.0416    0.0000 </r>
       <r>   18.4312    0.0000 </r>
       <r>   18.9453    0.0000 </r>
       <r>   20.1050    0.0000 </r>
       <r>   20.3336    0.0000 </r>
       <r>   20.4209    0.0000 </r>
       <r>   20.6954    0.0000 </r>
       <r>   20.9843    0.0000 </r>
       <r>   22.4733    0.0000 </r>
      </set>
      <set comment="kpoint 19">
       <r>  -13.6384    1.0000 </r>
       <r>  -13.5709    1.0000 </r>
       <r>  -13.5081    1.0000 </r>
       <r>  -13.4732    1.0000 </r>
       <r>  -13.4732    1.0000 </r>
       <r>  -13.4699    1.0000 </r>
       <r>  -13.4672    1.0000 </r>
       <r>  -13.4672    1.0000 </r>
       <r>  -13.4446    1.0000 </r>
       <r>  -13.4381    1.0000 </r>
       <r>  -13.4182    1.0000 </r>
       <r>  -13.4182    1.0000 </r>
       <r>  -13.4153    1.0000 </r>
       <r>  -13.4153    1.0000 </r>
       <r>  -13.3388    1.0000 </r>
       <r>  -13.3339    1.0000 </r>
       <r>  -13.3160    1.0000 </r>
       <r>  -13.2958    1.0000 </r>
       <r>  -13.2690    1.0000 </r>
       <r>  -13.1946    1.0000 </r>
       <r>   -1.4033    1.0000 </r>
       <r>    1.5323    1.0000 </r>
       <r>    2.2972    1.0000 </r>
       <r>    4.9187    1.0000 </r>
       <r>    4.9187    1.0000 </r>
       <r>    5.2012    1.0000 </r>
       <r>    5.7927    1.0000 </r>
       <r>    7.2922    1.0000 </r>
       <r>    7.2922    1.0000 </r>
       <r>    8.0156    0.6745 </r>
       <r>    8.1794    0.0767 </r>
       <r>   11.4461   -0.0000 </r>
       <r>   11.4461   -0.0000 </r>
       <r>   11.5461   -0.0000 </r>
       <r>   12.4351   -0.0000 </r>
       <r>   13.9304    0.0000 </r>
       <r>   13.9304    0.0000 </r>
       <r>   16.8364    0.0000 </r>
       <r>   17.0955    0.0000 </r>
       <r>   17.0955    0.0000 </r>
       <r>   18.9493    0.0000 </r>
       <r>   19.8595    0.0000 </r>
       <r>   19.8595    0.0000 </r>
       <r>   20.0875    0.0000 </r>
       <r>   22.5624    0.0000 </r>
       <r>   22.6727    0.0000 </r>
       <r>   22.7586    0.0000 </r>
       <r>   22.7586    0.0000 </r>
      </set>
      <set comment="kpoint 20">
       <r>  -13.6320    1.0000 </r>
       <r>  -13.5768    1.0000 </r>
       <r>  -13.5044    1.0000 </r>
       <r>  -13.4968    1.0000 </r>
       <r>  -13.4845    1.0000 </r>
       <r>  -13.4750    1.0000 </r>
       <r>  -13.4656    1.0000 </r>
       <r>  -13.4491    1.0000 </r>
       <r>  -13.4479    1.0000 </r>
       <r>  -13.4350    1.0000 </r>
       <r>  -13.4184    1.0000 </r>
       <r>  -13.4164    1.0000 </r>
       <r>  -13.4094    1.0000 </r>
       <r>  -13.3983    1.0000 </r>
       <r>  -13.3429    1.0000 </r>
       <r>  -13.3254    1.0000 </r>
       <r>  -13.3124    1.0000 </r>
       <r>  -13.3041    1.0000 </r>
       <r>  -13.2652    1.0000 </r>
       <r>  -13.2048    1.0000 </r>
       <r>   -1.2252    1.0000 </r>
       <r>    1.1512    1.0000 </r>
       <r>    2.1529    1.0000 </r>
       <r>    4.7291    1.0000 </r>
       <r>    5.0172    1.0000 </r>
       <r>    5.0804    1.0000 </r>
       <r>    6.3415    1.0000 </r>
       <r>    6.9535    1.0000 </r>
       <r>    7.3973    1.0000 </r>
       <r>    8.0189    0.6618 </r>
       <r>    9.0702   -0.0000 </r>
       <r>   10.7559   -0.0000 </r>
       <r>   11.3339   -0.0000 </r>
       <r>   12.0982   -0.0000 </r>
       <r>   13.3115   -0.0000 </r>
       <r>   13.3732   -0.0000 </r>
       <r>   14.7194    0.0000 </r>
       <r>   15.1180    0.0000 </r>
       <r>   17.2614    0.0000 </r>
       <r>   17.7118    0.0000 </r>
       <r>   18.2188    0.0000 </r>
       <r>   19.3951    0.0000 </r>
       <r>   19.5654    0.0000 </r>
       <r>   20.2011    0.0000 </r>
       <r>   20.4754    0.0000 </r>
       <r>   21.7514    0.0000 </r>
       <r>   21.7660    0.0000 </r>
       <r>   23.5283    0.0000 </r>
      </set>
      <set comment="kpoint 21">
       <r>  -13.6079    1.0000 </r>
       <r>  -13.5808    1.0000 </r>
       <r>  -13.5197    1.0000 </r>
       <r>  -13.5017    1.0000 </r>
       <r>  -13.4959    1.0000 </r>
       <r>  -13.4865    1.0000 </r>
       <r>  -13.4859    1.0000 </r>
       <r>  -13.4806    1.0000 </r>
       <r>  -13.4459    1.0000 </r>
       <r>  -13.4294    1.0000 </r>
       <r>  -13.4198    1.0000 </r>
       <r>  -13.4187    1.0000 </r>
       <r>  -13.3443    1.0000 </r>
       <r>  -13.3437    1.0000 </r>
       <r>  -13.3425    1.0000 </r>
       <r>  -13.3244    1.0000 </r>
       <r>  -13.3195    1.0000 </r>
       <r>  -13.3124    1.0000 </r>
       <r>  -13.2652    1.0000 </r>
       <r>  -13.2371    1.0000 </r>
       <r>   -0.6959    1.0000 </r>
       <r>    0.1542    1.0000 </r>
       <r>    2.5972    1.0000 </r>
       <r>    3.4863    1.0000 </r>
       <r>    5.5449    1.0000 </r>
       <r>    5.5467    1.0000 </r>
       <r>    6.2353    1.0000 </r>
       <r>    6.4027    1.0000 </r>
       <r>    8.3684   -0.0253 </r>
       <r>    8.5394   -0.0017 </r>
       <r>    9.7351   -0.0000 </r>
       <r>   10.9146   -0.0000 </r>
       <r>   11.6282   -0.0000 </r>
       <r>   11.6444   -0.0000 </r>
       <r>   12.3509   -0.0000 </r>
       <r>   13.9400    0.0000 </r>
       <r>   15.1502    0.0000 </r>
       <r>   15.2467    0.0000 </r>
       <r>   17.3002    0.0000 </r>
       <r>   17.5601    0.0000 </r>
       <r>   17.7404    0.0000 </r>
       <r>   18.3556    0.0000 </r>
       <r>   18.4031    0.0000 </r>
       <r>   19.7284    0.0000 </r>
       <r>   19.9964    0.0000 </r>
       <r>   20.8863    0.0000 </r>
       <r>   20.9691    0.0000 </r>
       <r>   22.2026    0.0000 </r>
      </set>
      <set comment="kpoint 22">
       <r>  -13.6269    1.0000 </r>
       <r>  -13.5816    1.0000 </r>
       <r>  -13.5145    1.0000 </r>
       <r>  -13.5048    1.0000 </r>
       <r>  -13.4931    1.0000 </r>
       <r>  -13.4555    1.0000 </r>
       <r>  -13.4532    1.0000 </r>
       <r>  -13.4499    1.0000 </r>
       <r>  -13.4497    1.0000 </r>
       <r>  -13.4426    1.0000 </r>
       <r>  -13.4277    1.0000 </r>
       <r>  -13.4063    1.0000 </r>
       <r>  -13.4047    1.0000 </r>
       <r>  -13.3870    1.0000 </r>
       <r>  -13.3498    1.0000 </r>
       <r>  -13.3175    1.0000 </r>
       <r>  -13.3128    1.0000 </r>
       <r>  -13.3087    1.0000 </r>
       <r>  -13.2625    1.0000 </r>
       <r>  -13.2139    1.0000 </r>
       <r>   -1.0473    1.0000 </r>
       <r>    1.1933    1.0000 </r>
       <r>    1.6159    1.0000 </r>
       <r>    3.9384    1.0000 </r>
       <r>    4.8771    1.0000 </r>
       <r>    6.2525    1.0000 </r>
       <r>    6.6673    1.0000 </r>
       <r>    6.8509    1.0000 </r>
       <r>    7.5186    1.0005 </r>
       <r>    8.6360   -0.0002 </r>
       <r>    8.7640   -0.0000 </r>
       <r>   10.0255   -0.0000 </r>
       <r>   12.0093   -0.0000 </r>
       <r>   12.0862   -0.0000 </r>
       <r>   14.1118    0.0000 </r>
       <r>   14.1444    0.0000 </r>
       <r>   14.1605    0.0000 </r>
       <r>   15.1775    0.0000 </r>
       <r>   15.5034    0.0000 </r>
       <r>   17.2405    0.0000 </r>
       <r>   17.3742    0.0000 </r>
       <r>   19.1756    0.0000 </r>
       <r>   20.0278    0.0000 </r>
       <r>   20.2071    0.0000 </r>
       <r>   21.5046    0.0000 </r>
       <r>   21.5400    0.0000 </r>
       <r>   21.6032    0.0000 </r>
       <r>   21.6382    0.0000 </r>
      </set>
      <set comment="kpoint 23">
       <r>  -13.6057    1.0000 </r>
       <r>  -13.5837    1.0000 </r>
       <r>  -13.5255    1.0000 </r>
       <r>  -13.5151    1.0000 </r>
       <r>  -13.4974    1.0000 </r>
       <r>  -13.4969    1.0000 </r>
       <r>  -13.4710    1.0000 </r>
       <r>  -13.4558    1.0000 </r>
       <r>  -13.4471    1.0000 </r>
       <r>  -13.4436    1.0000 </r>
       <r>  -13.4100    1.0000 </r>
       <r>  -13.4008    1.0000 </r>
       <r>  -13.3560    1.0000 </r>
       <r>  -13.3465    1.0000 </r>
       <r>  -13.3410    1.0000 </r>
       <r>  -13.3323    1.0000 </r>
       <r>  -13.3129    1.0000 </r>
       <r>  -13.3107    1.0000 </r>
       <r>  -13.2649    1.0000 </r>
       <r>  -13.2434    1.0000 </r>
       <r>   -0.5184    1.0000 </r>
       <r>    0.3304    1.0000 </r>
       <r>    1.9365    1.0000 </r>
       <r>    2.8003    1.0000 </r>
       <r>    5.3493    1.0000 </r>
       <r>    6.1499    1.0000 </r>
       <r>    6.8719    1.0000 </r>
       <r>    7.3673    1.0000 </r>
       <r>    8.2312   -0.0051 </r>
       <r>    8.3618   -0.0268 </r>
       <r>    9.2744   -0.0000 </r>
       <r>   10.8464   -0.0000 </r>
       <r>   11.3872   -0.0000 </r>
       <r>   12.4082   -0.0000 </r>
       <r>   13.1655   -0.0000 </r>
       <r>   13.4603    0.0000 </r>
       <r>   14.8850    0.0000 </r>
       <r>   15.7398    0.0000 </r>
       <r>   16.2870    0.0000 </r>
       <r>   16.4006    0.0000 </r>
       <r>   17.1600    0.0000 </r>
       <r>   17.4238    0.0000 </r>
       <r>   18.9461    0.0000 </r>
       <r>   19.6957    0.0000 </r>
       <r>   20.5778    0.0000 </r>
       <r>   21.1120    0.0000 </r>
       <r>   21.1782    0.0000 </r>
       <r>   23.1028    0.0000 </r>
      </set>
      <set comment="kpoint 24">
       <r>  -13.5880    1.0000 </r>
       <r>  -13.5749    1.0000 </r>
       <r>  -13.5393    1.0000 </r>
       <r>  -13.5305    1.0000 </r>
       <r>  -13.5055    1.0000 </r>
       <r>  -13.5034    1.0000 </r>
       <r>  -13.4906    1.0000 </r>
       <r>  -13.4889    1.0000 </r>
       <r>  -13.4345    1.0000 </r>
       <r>  -13.4180    1.0000 </r>
       <r>  -13.3815    1.0000 </r>
       <r>  -13.3677    1.0000 </r>
       <r>  -13.3544    1.0000 </r>
       <r>  -13.3456    1.0000 </r>
       <r>  -13.3345    1.0000 </r>
       <r>  -13.3333    1.0000 </r>
       <r>  -13.3124    1.0000 </r>
       <r>  -13.3074    1.0000 </r>
       <r>  -13.2782    1.0000 </r>
       <r>  -13.2694    1.0000 </r>
       <r>    0.0101    1.0000 </r>
       <r>    0.8063    1.0000 </r>
       <r>    0.9236    1.0000 </r>
       <r>    1.7217    1.0000 </r>
       <r>    5.8181    1.0000 </r>
       <r>    6.5258    1.0000 </r>
       <r>    6.7504    1.0000 </r>
       <r>    7.3577    1.0000 </r>
       <r>    9.2967   -0.0000 </r>
       <r>    9.4548   -0.0000 </r>
       <r>    9.9017   -0.0000 </r>
       <r>   10.2957   -0.0000 </r>
       <r>   11.6514   -0.0000 </r>
       <r>   11.8529   -0.0000 </r>
       <r>   12.4730   -0.0000 </r>
       <r>   12.6224   -0.0000 </r>
       <r>   15.1355    0.0000 </r>
       <r>   15.7193    0.0000 </r>
       <r>   15.9206    0.0000 </r>
       <r>   16.3979    0.0000 </r>
       <r>   17.5026    0.0000 </r>
       <r>   17.7910    0.0000 </r>
       <r>   17.9502    0.0000 </r>
       <r>   18.3659    0.0000 </r>
       <r>   19.4931    0.0000 </r>
       <r>   21.0045    0.0000 </r>
       <r>   21.0280    0.0000 </r>
       <r>   23.0974    0.0000 </r>
      </set>
      <set comment="kpoint 25">
       <r>  -13.6146    1.0000 </r>
       <r>  -13.5906    1.0000 </r>
       <r>  -13.4945    1.0000 </r>
       <r>  -13.4945    1.0000 </r>
       <r>  -13.4923    1.0000 </r>
       <r>  -13.4923    1.0000 </r>
       <r>  -13.4862    1.0000 </r>
       <r>  -13.4645    1.0000 </r>
       <r>  -13.4312    1.0000 </r>
       <r>  -13.4312    1.0000 </r>
       <r>  -13.4300    1.0000 </r>
       <r>  -13.4300    1.0000 </r>
       <r>  -13.4214    1.0000 </r>
       <r>  -13.4065    1.0000 </r>
       <r>  -13.3216    1.0000 </r>
       <r>  -13.3071    1.0000 </r>
       <r>  -13.2725    1.0000 </r>
       <r>  -13.2671    1.0000 </r>
       <r>  -13.2279    1.0000 </r>
       <r>  -13.2063    1.0000 </r>
       <r>   -0.1366    1.0000 </r>
       <r>    1.1860    1.0000 </r>
       <r>    3.6364    1.0000 </r>
       <r>    4.6915    1.0000 </r>
       <r>    5.2386    1.0000 </r>
       <r>    5.9733    1.0000 </r>
       <r>    6.0837    1.0000 </r>
       <r>    6.0837    1.0000 </r>
       <r>    7.1501    1.0000 </r>
       <r>    7.1501    1.0000 </r>
       <r>    7.8608    1.0236 </r>
       <r>    9.4225   -0.0000 </r>
       <r>   11.0335   -0.0000 </r>
       <r>   11.0335   -0.0000 </r>
       <r>   12.1380   -0.0000 </r>
       <r>   12.1380   -0.0000 </r>
       <r>   13.5639    0.0000 </r>
       <r>   15.0296    0.0000 </r>
       <r>   18.3468    0.0000 </r>
       <r>   18.3468    0.0000 </r>
       <r>   19.6194    0.0000 </r>
       <r>   19.6194    0.0000 </r>
       <r>   19.8925    0.0000 </r>
       <r>   20.9275    0.0000 </r>
       <r>   21.1377    0.0000 </r>
       <r>   21.8876    0.0000 </r>
       <r>   23.3760    0.0000 </r>
       <r>   23.3760    0.0000 </r>
      </set>
      <set comment="kpoint 26">
       <r>  -13.6160    1.0000 </r>
       <r>  -13.5972    1.0000 </r>
       <r>  -13.5044    1.0000 </r>
       <r>  -13.4993    1.0000 </r>
       <r>  -13.4912    1.0000 </r>
       <r>  -13.4891    1.0000 </r>
       <r>  -13.4677    1.0000 </r>
       <r>  -13.4574    1.0000 </r>
       <r>  -13.4552    1.0000 </r>
       <r>  -13.4522    1.0000 </r>
       <r>  -13.4317    1.0000 </r>
       <r>  -13.4310    1.0000 </r>
       <r>  -13.3891    1.0000 </r>
       <r>  -13.3785    1.0000 </r>
       <r>  -13.3275    1.0000 </r>
       <r>  -13.3142    1.0000 </r>
       <r>  -13.2702    1.0000 </r>
       <r>  -13.2661    1.0000 </r>
       <r>  -13.2302    1.0000 </r>
       <r>  -13.2130    1.0000 </r>
       <r>    0.0303    1.0000 </r>
       <r>    1.2567    1.0000 </r>
       <r>    3.1079    1.0000 </r>
       <r>    4.4475    1.0000 </r>
       <r>    4.5752    1.0000 </r>
       <r>    5.8904    1.0000 </r>
       <r>    6.2060    1.0000 </r>
       <r>    7.0160    1.0000 </r>
       <r>    7.1052    1.0000 </r>
       <r>    7.2509    1.0000 </r>
       <r>    8.7693   -0.0000 </r>
       <r>    8.7979   -0.0000 </r>
       <r>   10.6470   -0.0000 </r>
       <r>   11.5715   -0.0000 </r>
       <r>   11.9031   -0.0000 </r>
       <r>   13.0870   -0.0000 </r>
       <r>   14.4777    0.0000 </r>
       <r>   15.9445    0.0000 </r>
       <r>   16.1111    0.0000 </r>
       <r>   17.4819    0.0000 </r>
       <r>   18.4696    0.0000 </r>
       <r>   19.5341    0.0000 </r>
       <r>   20.0600    0.0000 </r>
       <r>   20.4244    0.0000 </r>
       <r>   21.3112    0.0000 </r>
       <r>   21.5829    0.0000 </r>
       <r>   21.6967    0.0000 </r>
       <r>   22.9484    0.0000 </r>
      </set>
      <set comment="kpoint 27">
       <r>  -13.6046    1.0000 </r>
       <r>  -13.5954    1.0000 </r>
       <r>  -13.5203    1.0000 </r>
       <r>  -13.5140    1.0000 </r>
       <r>  -13.5088    1.0000 </r>
       <r>  -13.5066    1.0000 </r>
       <r>  -13.4747    1.0000 </r>
       <r>  -13.4713    1.0000 </r>
       <r>  -13.4441    1.0000 </r>
       <r>  -13.4374    1.0000 </r>
       <r>  -13.4328    1.0000 </r>
       <r>  -13.4327    1.0000 </r>
       <r>  -13.3363    1.0000 </r>
       <r>  -13.3298    1.0000 </r>
       <r>  -13.3224    1.0000 </r>
       <r>  -13.3199    1.0000 </r>
       <r>  -13.2755    1.0000 </r>
       <r>  -13.2746    1.0000 </r>
       <r>  -13.2421    1.0000 </r>
       <r>  -13.2354    1.0000 </r>
       <r>    0.5068    1.0000 </r>
       <r>    1.1132    1.0000 </r>
       <r>    2.6815    1.0000 </r>
       <r>    3.3090    1.0000 </r>
       <r>    5.0271    1.0000 </r>
       <r>    5.7915    1.0000 </r>
       <r>    6.5279    1.0000 </r>
       <r>    6.5978    1.0000 </r>
       <r>    6.8956    1.0000 </r>
       <r>    7.3357    1.0000 </r>
       <r>    9.7707   -0.0000 </r>
       <r>   10.3967   -0.0000 </r>
       <r>   10.7510   -0.0000 </r>
       <r>   10.7715   -0.0000 </r>
       <r>   12.6370   -0.0000 </r>
       <r>   13.6722    0.0000 </r>
       <r>   14.6660    0.0000 </r>
       <r>   15.6497    0.0000 </r>
       <r>   16.3659    0.0000 </r>
       <r>   17.7425    0.0000 </r>
       <r>   17.8685    0.0000 </r>
       <r>   18.6668    0.0000 </r>
       <r>   18.7504    0.0000 </r>
       <r>   18.7933    0.0000 </r>
       <r>   19.6146    0.0000 </r>
       <r>   20.4686    0.0000 </r>
       <r>   21.0711    0.0000 </r>
       <r>   21.5193    0.0000 </r>
      </set>
      <set comment="kpoint 28">
       <r>  -13.6176    1.0000 </r>
       <r>  -13.6025    1.0000 </r>
       <r>  -13.5177    1.0000 </r>
       <r>  -13.5153    1.0000 </r>
       <r>  -13.4801    1.0000 </r>
       <r>  -13.4667    1.0000 </r>
       <r>  -13.4657    1.0000 </r>
       <r>  -13.4648    1.0000 </r>
       <r>  -13.4530    1.0000 </r>
       <r>  -13.4516    1.0000 </r>
       <r>  -13.4366    1.0000 </r>
       <r>  -13.4245    1.0000 </r>
       <r>  -13.3769    1.0000 </r>
       <r>  -13.3656    1.0000 </r>
       <r>  -13.3344    1.0000 </r>
       <r>  -13.3218    1.0000 </r>
       <r>  -13.2679    1.0000 </r>
       <r>  -13.2651    1.0000 </r>
       <r>  -13.2326    1.0000 </r>
       <r>  -13.2193    1.0000 </r>
       <r>    0.1974    1.0000 </r>
       <r>    1.3506    1.0000 </r>
       <r>    2.9022    1.0000 </r>
       <r>    4.1014    1.0000 </r>
       <r>    4.1655    1.0000 </r>
       <r>    5.2011    1.0000 </r>
       <r>    6.4211    1.0000 </r>
       <r>    7.0153    1.0000 </r>
       <r>    7.5656    1.0014 </r>
       <r>    8.4151   -0.0150 </r>
       <r>    8.4908   -0.0045 </r>
       <r>    8.8788   -0.0000 </r>
       <r>   11.4810   -0.0000 </r>
       <r>   11.4847   -0.0000 </r>
       <r>   12.4521   -0.0000 </r>
       <r>   12.5541   -0.0000 </r>
       <r>   15.2599    0.0000 </r>
       <r>   16.1471    0.0000 </r>
       <r>   16.5055    0.0000 </r>
       <r>   16.5230    0.0000 </r>
       <r>   17.5576    0.0000 </r>
       <r>   17.7381    0.0000 </r>
       <r>   19.0922    0.0000 </r>
       <r>   19.8222    0.0000 </r>
       <r>   20.2161    0.0000 </r>
       <r>   20.8984    0.0000 </r>
       <r>   22.7142    0.0000 </r>
       <r>   22.7200    0.0000 </r>
      </set>
      <set comment="kpoint 29">
       <r>  -13.6077    1.0000 </r>
       <r>  -13.6004    1.0000 </r>
       <r>  -13.5306    1.0000 </r>
       <r>  -13.5263    1.0000 </r>
       <r>  -13.5055    1.0000 </r>
       <r>  -13.5049    1.0000 </r>
       <r>  -13.4617    1.0000 </r>
       <r>  -13.4582    1.0000 </r>
       <r>  -13.4553    1.0000 </r>
       <r>  -13.4524    1.0000 </r>
       <r>  -13.4091    1.0000 </r>
       <r>  -13.4039    1.0000 </r>
       <r>  -13.3489    1.0000 </r>
       <r>  -13.3426    1.0000 </r>
       <r>  -13.3209    1.0000 </r>
       <r>  -13.3166    1.0000 </r>
       <r>  -13.2737    1.0000 </r>
       <r>  -13.2737    1.0000 </r>
       <r>  -13.2447    1.0000 </r>
       <r>  -13.2404    1.0000 </r>
       <r>    0.6751    1.0000 </r>
       <r>    1.2752    1.0000 </r>
       <r>    2.5837    1.0000 </r>
       <r>    3.2084    1.0000 </r>
       <r>    4.3337    1.0000 </r>
       <r>    4.9355    1.0000 </r>
       <r>    5.9860    1.0000 </r>
       <r>    6.5323    1.0000 </r>
       <r>    8.0825    0.3967 </r>
       <r>    8.4449   -0.0098 </r>
       <r>    9.8897   -0.0000 </r>
       <r>   10.8329   -0.0000 </r>
       <r>   11.2128   -0.0000 </r>
       <r>   11.6528   -0.0000 </r>
       <r>   12.4077   -0.0000 </r>
       <r>   13.3762   -0.0000 </r>
       <r>   14.4374    0.0000 </r>
       <r>   15.4226    0.0000 </r>
       <r>   16.5139    0.0000 </r>
       <r>   16.7137    0.0000 </r>
       <r>   17.0922    0.0000 </r>
       <r>   17.1942    0.0000 </r>
       <r>   18.1941    0.0000 </r>
       <r>   18.7361    0.0000 </r>
       <r>   19.5642    0.0000 </r>
       <r>   19.7876    0.0000 </r>
       <r>   20.2702    0.0000 </r>
       <r>   21.6374    0.0000 </r>
      </set>
      <set comment="kpoint 30">
       <r>  -13.5974    1.0000 </r>
       <r>  -13.5929    1.0000 </r>
       <r>  -13.5499    1.0000 </r>
       <r>  -13.5462    1.0000 </r>
       <r>  -13.5098    1.0000 </r>
       <r>  -13.5091    1.0000 </r>
       <r>  -13.4916    1.0000 </r>
       <r>  -13.4912    1.0000 </r>
       <r>  -13.4283    1.0000 </r>
       <r>  -13.4224    1.0000 </r>
       <r>  -13.3743    1.0000 </r>
       <r>  -13.3691    1.0000 </r>
       <r>  -13.3491    1.0000 </r>
       <r>  -13.3418    1.0000 </r>
       <r>  -13.3151    1.0000 </r>
       <r>  -13.3064    1.0000 </r>
       <r>  -13.2745    1.0000 </r>
       <r>  -13.2730    1.0000 </r>
       <r>  -13.2672    1.0000 </r>
       <r>  -13.2660    1.0000 </r>
       <r>    1.1615    1.0000 </r>
       <r>    1.6587    1.0000 </r>
       <r>    2.0892    1.0000 </r>
       <r>    2.5958    1.0000 </r>
       <r>    4.2666    1.0000 </r>
       <r>    4.7429    1.0000 </r>
       <r>    5.1306    1.0000 </r>
       <r>    5.6048    1.0000 </r>
       <r>   10.1463   -0.0000 </r>
       <r>   10.4083   -0.0000 </r>
       <r>   10.5137   -0.0000 </r>
       <r>   10.9879   -0.0000 </r>
       <r>   12.1683   -0.0000 </r>
       <r>   12.2609   -0.0000 </r>
       <r>   12.6068   -0.0000 </r>
       <r>   12.7939   -0.0000 </r>
       <r>   14.2276    0.0000 </r>
       <r>   14.9586    0.0000 </r>
       <r>   15.0351    0.0000 </r>
       <r>   15.1846    0.0000 </r>
       <r>   16.2710    0.0000 </r>
       <r>   16.4075    0.0000 </r>
       <r>   16.5895    0.0000 </r>
       <r>   16.8785    0.0000 </r>
       <r>   19.9212    0.0000 </r>
       <r>   21.2979    0.0000 </r>
       <r>   22.1506    0.0000 </r>
       <r>   22.1796    0.0000 </r>
      </set>
     </set>
    </set>
   </array>
  </eigenvalues>
  <separator name="orbital magnetization" >
   <v name="MAGDIPOLOUT">      0.00000000      0.00000000      0.00000000</v>
  </separator>
 </calculation>
 <structure name="finalpos" >
  <crystal>
   <varray name="basis" >
    <v>       5.83130000       0.00000000       0.00000000 </v>
    <v>       0.00000000       5.83130000       0.00000000 </v>
    <v>       0.00000000       0.00000000       3.18150000 </v>
   </varray>
   <i name="volume">    108.18391590 </i>
   <varray name="rec_basis" >
    <v>       0.17148835       0.00000000       0.00000000 </v>
    <v>       0.00000000       0.17148835       0.00000000 </v>
    <v>       0.00000000       0.00000000       0.31431715 </v>
   </varray>
  </crystal>
  <varray name="positions" >
   <v>       0.00000000       0.75000000       0.12500000 </v>
   <v>       0.00000000       0.25000000       0.87500000 </v>
   <v>       0.50000000       0.25000000       0.62500000 </v>
   <v>       0.50000000       0.75000000       0.37500000 </v>
  </varray>
 </structure>
</modeling>
