<?xml version="1.0" encoding="ISO-8859-1"?>
<modeling>
 <generator>
  <i name="program" type="string">vasp </i>
  <i name="version" type="string">5.3.3  </i>
  <i name="subversion" type="string">18Dez12 (build Jul  9 2013 10:45:47) complex                          parallel </i>
  <i name="platform" type="string">LinuxIFC </i>
  <i name="date" type="string">2015 07 13 </i>
  <i name="time" type="string">04:39:40 </i>
 </generator>
 <incar>
  <i type="string" name="SYSTEM"> (Sn)4  (P1) ~ POSCAR_2x2x2_1 (VASP)</i>
  <i type="int" name="ISTART">     0</i>
  <i type="string" name="PREC">normal</i>
  <i type="string" name="ALGO"> Normal (blocked Davidson)</i>
  <i type="logical" name="ADDGRID"> F  </i>
  <i type="int" name="ISPIN">     1</i>
  <i type="int" name="ICHARG">     2</i>
  <i type="int" name="INIWAV">     1</i>
  <i type="int" name="NELM">    60</i>
  <i type="int" name="NELMIN">     2</i>
  <i type="int" name="IBRION">    -1</i>
  <i name="EDIFF">      0.00001000</i>
  <i name="EDIFFG">     -0.02000000</i>
  <i type="int" name="NSW">     0</i>
  <i type="int" name="NBLOCK">     1</i>
  <i name="ENCUT">    450.00000000</i>
  <v name="RWIGS">      1.41000000</v>
  <i type="logical" name="LREAL"> F  </i>
  <i type="int" name="ISMEAR">     1</i>
  <i name="SIGMA">      0.20000000</i>
  <i type="logical" name="LWAVE"> F  </i>
  <i type="logical" name="LCHARG"> F  </i>
  <i type="int" name="NELM">    60</i>
  <i type="int" name="VOSKOWN">     1</i>
 </incar>
 <kpoints>
  <generation param="Gamma">
   <v type="int" name="divisions">       3        3        5 </v>
   <v name="usershift">      0.00000000       0.00000000       0.00000000 </v>
   <v name="genvec1">      0.33333333       0.00000000       0.00000000 </v>
   <v name="genvec2">      0.00000000       0.33333333       0.00000000 </v>
   <v name="genvec3">      0.00000000       0.00000000       0.20000000 </v>
   <v name="shift">      0.00000000       0.00000000       0.00000000 </v>
  </generation>
  <varray name="kpointlist" >
   <v>       0.00000000       0.00000000       0.00000000 </v>
   <v>       0.33333333       0.00000000       0.00000000 </v>
   <v>       0.33333333       0.33333333       0.00000000 </v>
   <v>       0.00000000       0.00000000       0.20000000 </v>
   <v>       0.33333333       0.00000000       0.20000000 </v>
   <v>       0.33333333       0.33333333       0.20000000 </v>
   <v>       0.00000000       0.00000000       0.40000000 </v>
   <v>       0.33333333       0.00000000       0.40000000 </v>
   <v>       0.33333333       0.33333333       0.40000000 </v>
  </varray>
  <varray name="weights" >
   <v>       0.02222222 </v>
   <v>       0.08888889 </v>
   <v>       0.08888889 </v>
   <v>       0.04444444 </v>
   <v>       0.17777778 </v>
   <v>       0.17777778 </v>
   <v>       0.04444444 </v>
   <v>       0.17777778 </v>
   <v>       0.17777778 </v>
  </varray>
 </kpoints>
 <parameters>
  <separator name="general" >
   <i type="string" name="SYSTEM">(Sn)4  (P1) ~ POSCAR_2x2x2_1 (VASP)</i>
   <i type="logical" name="LCOMPAT"> F  </i>
  </separator>
  <separator name="electronic" >
   <i type="string" name="PREC">normal</i>
   <i name="ENMAX">    450.00000000</i>
   <i name="ENAUG">    439.82500000</i>
   <i name="EDIFF">      0.00001000</i>
   <i type="int" name="IALGO">    38</i>
   <i type="int" name="IWAVPR">    10</i>
   <i type="int" name="NBANDS">    48</i>
   <i name="NELECT">     56.00000000</i>
   <i type="int" name="TURBO">     0</i>
   <i type="int" name="IRESTART">     0</i>
   <i type="int" name="NREBOOT">     0</i>
   <i type="int" name="NMIN">     0</i>
   <i name="EREF">      0.00000000</i>
   <separator name="electronic smearing" >
    <i type="int" name="ISMEAR">     1</i>
    <i name="SIGMA">      0.20000000</i>
    <i name="KSPACING">      0.50000000</i>
    <i type="logical" name="KGAMMA"> T  </i>
   </separator>
   <separator name="electronic projectors" >
    <i type="logical" name="LREAL"> F  </i>
    <v name="ROPT">      0.00000000</v>
    <i type="int" name="LMAXPAW">  -100</i>
    <i type="int" name="LMAXMIX">     2</i>
    <i type="logical" name="NLSPLINE"> F  </i>
   </separator>
   <separator name="electronic startup" >
    <i type="int" name="ISTART">     0</i>
    <i type="int" name="ICHARG">     2</i>
    <i type="int" name="INIWAV">     1</i>
   </separator>
   <separator name="electronic spin" >
    <i type="int" name="ISPIN">     1</i>
    <i type="logical" name="LNONCOLLINEAR"> F  </i>
    <v name="MAGMOM">      1.00000000      1.00000000      1.00000000      1.00000000</v>
    <i name="NUPDOWN">     -1.00000000</i>
    <i type="logical" name="LSORBIT"> F  </i>
    <v name="SAXIS">      0.00000000      0.00000000      1.00000000</v>
    <i type="logical" name="LSPIRAL"> F  </i>
    <v name="QSPIRAL">      0.00000000      0.00000000      0.00000000</v>
    <i type="logical" name="LZEROZ"> F  </i>
   </separator>
   <separator name="electronic exchange-correlation" >
    <i type="logical" name="LASPH"> F  </i>
    <i type="logical" name="LMETAGGA"> F  </i>
   </separator>
   <separator name="electronic convergence" >
    <i type="int" name="NELM">    60</i>
    <i type="int" name="NELMDL">    -5</i>
    <i type="int" name="NELMIN">     2</i>
    <i name="ENINI">    450.00000000</i>
    <separator name="electronic convergence detail" >
     <i type="logical" name="LDIAG"> T  </i>
     <i type="logical" name="LSUBROT"> T  </i>
     <i name="WEIMIN">      0.00000000</i>
     <i name="EBREAK">      0.00000005</i>
     <i name="DEPER">      0.30000000</i>
     <i type="int" name="NRMM">     4</i>
     <i name="TIME">      0.40000000</i>
    </separator>
   </separator>
   <separator name="electronic mixer" >
    <i name="AMIX">      0.40000000</i>
    <i name="BMIX">      1.00000000</i>
    <i name="AMIN">      0.10000000</i>
    <i name="AMIX_MAG">      1.60000000</i>
    <i name="BMIX_MAG">      1.00000000</i>
    <separator name="electronic mixer details" >
     <i type="int" name="IMIX">     4</i>
     <i type="int" name="MAXMIX">   -45</i>
     <i name="WC">    100.00000000</i>
     <i type="int" name="INIMIX">     1</i>
     <i type="int" name="MIXPRE">     1</i>
     <i type="int" name="MREMOVE">     5</i>
    </separator>
   </separator>
   <separator name="electronic dipolcorrection" >
    <i type="logical" name="LDIPOL"> F  </i>
    <i type="logical" name="LMONO"> F  </i>
    <i type="int" name="IDIPOL">     0</i>
    <i name="EPSILON">      1.00000000</i>
    <v name="DIPOL">   -100.00000000   -100.00000000   -100.00000000</v>
    <i name="EFIELD">      0.00000000</i>
   </separator>
  </separator>
  <separator name="grids" >
   <i type="int" name="NGX">    30</i>
   <i type="int" name="NGY">    30</i>
   <i type="int" name="NGZ">    18</i>
   <i type="int" name="NGXF">    60</i>
   <i type="int" name="NGYF">    60</i>
   <i type="int" name="NGZF">    36</i>
   <i type="logical" name="ADDGRID"> F  </i>
  </separator>
  <separator name="ionic" >
   <i type="int" name="NSW">     0</i>
   <i type="int" name="IBRION">    -1</i>
   <i type="int" name="ISIF">     2</i>
   <i name="PSTRESS">      0.00000000</i>
   <i name="EDIFFG">     -0.02000000</i>
   <i type="int" name="NFREE">     0</i>
   <i name="POTIM">      0.50000000</i>
   <i name="SMASS">     -3.00000000</i>
   <i name="SCALEE">      1.00000000</i>
  </separator>
  <separator name="ionic md" >
   <i name="TEBEG">      0.00010000</i>
   <i name="TEEND">      0.00010000</i>
   <i type="int" name="NBLOCK">     1</i>
   <i type="int" name="KBLOCK">     1</i>
   <i type="int" name="NPACO">   256</i>
   <i name="APACO">     16.00000000</i>
  </separator>
  <separator name="symmetry" >
   <i type="int" name="ISYM">     2</i>
   <i name="SYMPREC">      0.00001000</i>
  </separator>
  <separator name="dos" >
   <i type="logical" name="LORBIT"> F  </i>
   <v name="RWIGS">      1.41000000</v>
   <i type="int" name="NEDOS">   301</i>
   <i name="EMIN">     10.00000000</i>
   <i name="EMAX">    -10.00000000</i>
   <i name="EFERMI">      0.00000000</i>
  </separator>
  <separator name="writing" >
   <i type="int" name="NWRITE">     2</i>
   <i type="logical" name="LWAVE"> F  </i>
   <i type="logical" name="LCHARG"> F  </i>
   <i type="logical" name="LPARD"> F  </i>
   <i type="logical" name="LVTOT"> F  </i>
   <i type="logical" name="LVHAR"> F  </i>
   <i type="logical" name="LELF"> F  </i>
   <i type="logical" name="LOPTICS"> F  </i>
   <v name="STM">      0.00000000      0.00000000      0.00000000      0.00000000      0.00000000      0.00000000      0.00000000</v>
  </separator>
  <separator name="performance" >
   <i type="int" name="NPAR">    16</i>
   <i type="int" name="NSIM">     4</i>
   <i type="int" name="NBLK">    -1</i>
   <i type="logical" name="LPLANE"> T  </i>
   <i type="logical" name="LSCALAPACK"> F  </i>
   <i type="logical" name="LSCAAWARE"> F  </i>
   <i type="logical" name="LSCALU"> F  </i>
   <i type="logical" name="LASYNC"> F  </i>
   <i type="logical" name="LORBITALREAL"> F  </i>
  </separator>
  <separator name="miscellaneous" >
   <i type="int" name="IDIOT">     3</i>
   <i type="logical" name="LMUSIC"> F  </i>
   <v name="POMASS">    118.71000000</v>
   <v name="DARWINR">      0.00000000</v>
   <v name="DARWINV">      1.00000000</v>
   <i type="logical" name="LCORR"> T  </i>
  </separator>
  <i type="logical" name="GGA_COMPAT"> T  </i>
  <i type="logical" name="LBERRY"> F  </i>
  <i type="int" name="ICORELEVEL">     0</i>
  <i type="logical" name="LDAU"> F  </i>
  <i type="int" name="I_CONSTRAINED_M">     0</i>
  <separator name="electronic exchange-correlation" >
   <i type="string" name="GGA">--</i>
   <i type="int" name="VOSKOWN">     1</i>
   <i type="logical" name="LHFCALC"> F  </i>
   <i type="string" name="PRECFOCK"></i>
   <i type="logical" name="LSYMGRAD"> F  </i>
   <i type="logical" name="LHFONE"> F  </i>
   <i type="logical" name="LRHFCALC"> F  </i>
   <i type="logical" name="LTHOMAS"> F  </i>
   <i type="logical" name="LMODELHF"> F  </i>
   <i name="ENCUT4O">     -1.00000000</i>
   <i type="int" name="EXXOEP">     0</i>
   <i type="int" name="FOURORBIT">     0</i>
   <i name="AEXX">      0.00000000</i>
   <i name="HFALPHA">      0.00000000</i>
   <i name="MCALPHA">      0.00000000</i>
   <i name="ALDAX">      1.00000000</i>
   <i name="AGGAX">      1.00000000</i>
   <i name="ALDAC">      1.00000000</i>
   <i name="AGGAC">      1.00000000</i>
   <i type="int" name="NKREDX">     1</i>
   <i type="int" name="NKREDY">     1</i>
   <i type="int" name="NKREDZ">     1</i>
   <i type="logical" name="SHIFTRED"> F  </i>
   <i type="logical" name="ODDONLY"> F  </i>
   <i type="logical" name="EVENONLY"> F  </i>
   <i type="int" name="LMAXFOCK">     0</i>
   <i type="int" name="NMAXFOCKAE">     0</i>
   <i type="logical" name="LFOCKAEDFT"> F  </i>
   <i name="HFSCREEN">      0.00000000</i>
   <i name="HFSCREENC">      0.00000000</i>
   <i type="int" name="NBANDSGWLOW">     0</i>
  </separator>
  <separator name="vdW DFT" >
   <i type="logical" name="LUSE_VDW"> F  </i>
   <i name="Zab_VDW">     -0.84910000</i>
   <i name="PARAM1">      0.12340000</i>
   <i name="PARAM2">      1.00000000</i>
   <i name="PARAM3">      0.00000000</i>
  </separator>
  <separator name="model GW" >
   <i type="int" name="MODEL_GW">     0</i>
   <i name="MODEL_EPS0">     16.22758739</i>
   <i name="MODEL_ALPHA">      1.00000000</i>
  </separator>
  <separator name="linear response parameters" >
   <i type="logical" name="LEPSILON"> F  </i>
   <i type="logical" name="LRPA"> F  </i>
   <i type="logical" name="LNABLA"> F  </i>
   <i type="logical" name="LVEL"> F  </i>
   <i type="int" name="KINTER">     0</i>
   <i name="CSHIFT">      0.10000000</i>
   <i name="OMEGAMAX">     -1.00000000</i>
   <i name="DEG_THRESHOLD">      0.00200000</i>
  </separator>
  <separator name="orbital magnetization" >
   <i type="logical" name="NUCIND"> F  </i>
   <v name="MAGPOS">      0.00000000      0.00000000      0.00000000</v>
   <i type="logical" name="LNICSALL"> T  </i>
   <i type="logical" name="ORBITALMAG"> F  </i>
   <i type="logical" name="LMAGBLOCH"> F  </i>
   <i type="logical" name="LCHIMAG"> F  </i>
   <i type="logical" name="LGAUGE"> T  </i>
   <i type="int" name="MAGATOM">     0</i>
   <v name="MAGDIPOL">      0.00000000      0.00000000      0.00000000</v>
   <v name="AVECCONST">      0.00000000      0.00000000      0.00000000</v>
  </separator>
  <separator name="response functions" >
   <i type="logical" name="LADDER"> F  </i>
   <i type="logical" name="LFXC"> F  </i>
   <i type="logical" name="LHARTREE"> T  </i>
   <i type="int" name="IBSE">     0</i>
   <i type="logical" name="LTCTE"> F  </i>
   <i type="logical" name="LTETE"> F  </i>
   <i type="logical" name="LTRIPLET"> F  </i>
   <i type="logical" name="LFXCEPS"> F  </i>
   <i type="logical" name="L2ORDER"> F  </i>
   <i type="logical" name="LUSEW"> F  </i>
   <i name="ENCUTGW">     -2.00000000</i>
   <i name="ENCUTGWSOFT">     -2.00000000</i>
   <i name="ENCUTLF">     -1.00000000</i>
   <i type="int" name="LMAXMP2">    -1</i>
   <i name="SCISSOR">      0.00000000</i>
   <i type="int" name="NOMEGA">     0</i>
   <i type="int" name="NOMEGAR">     0</i>
   <i type="int" name="NBANDSGW">    -1</i>
   <i type="int" name="NBANDSO">    -1</i>
   <i type="int" name="NBANDSV">    -1</i>
   <i type="int" name="NELM">    60</i>
   <i type="int" name="DIM">     3</i>
   <i type="int" name="ANTIRES">     0</i>
   <i name="OMEGAMAX">    -30.00000000</i>
   <i name="OMEGATL">   -200.00000000</i>
   <i type="int" name="OMEGAGRID">     0</i>
   <i name="CSHIFT">     -0.10000000</i>
   <i type="logical" name="SELFENERGY"> F  </i>
   <i type="logical" name="LSPECTRAL"> F  </i>
   <i type="logical" name="ODDONLYGW"> F  </i>
   <i type="logical" name="EVENONLYGW"> F  </i>
   <i type="int" name="NKREDLFX">     1</i>
   <i type="int" name="NKREDLFY">     1</i>
   <i type="int" name="NKREDLFZ">     1</i>
   <i type="int" name="MAXMEM">  1800</i>
   <i type="int" name="TELESCOPE">     0</i>
  </separator>
 </parameters>
 <atominfo>
  <atoms>       4 </atoms>
  <types>       1 </types>
  <array name="atoms" >
   <dimension dim="1">ion</dimension>
   <field type="string">element</field>
   <field type="int">atomtype</field>
   <set>
    <rc><c>Sn</c><c>   1</c></rc>
    <rc><c>Sn</c><c>   1</c></rc>
    <rc><c>Sn</c><c>   1</c></rc>
    <rc><c>Sn</c><c>   1</c></rc>
   </set>
  </array>
  <array name="atomtypes" >
   <dimension dim="1">type</dimension>
   <field type="int">atomspertype</field>
   <field type="string">element</field>
   <field>mass</field>
   <field>valence</field>
   <field type="string">pseudopotential</field>
   <set>
    <rc><c>   4</c><c>Sn</c><c>    118.71000000</c><c>     14.00000000</c><c> PAW_PBE Sn_d 06Sep2000                 </c></rc>
   </set>
  </array>
 </atominfo>
 <structure name="initialpos" >
  <crystal>
   <varray name="basis" >
    <v>       5.83130000       0.00000000       0.00000000 </v>
    <v>       0.00000000       5.83130000       0.00000000 </v>
    <v>       0.00000000       0.00000000       3.18150000 </v>
   </varray>
   <i name="volume">    108.18391590 </i>
   <varray name="rec_basis" >
    <v>       0.17148835       0.00000000       0.00000000 </v>
    <v>       0.00000000       0.17148835       0.00000000 </v>
    <v>       0.00000000       0.00000000       0.31431715 </v>
   </varray>
  </crystal>
  <varray name="positions" >
   <v>       0.00000000       0.75000000       0.12500000 </v>
   <v>       0.00000000       0.25000000       0.87500000 </v>
   <v>       0.50000000       0.25000000       0.62500000 </v>
   <v>       0.50000000       0.75000000       0.37500000 </v>
  </varray>
 </structure>
 <calculation>
  <scstep>
   <time name="dav">    0.58    0.61</time>
   <time name="total">    0.68    0.72</time>
   <energy>
    <i name="alphaZ">    165.15909015 </i>
    <i name="ewald">  -5374.96529713 </i>
    <i name="hartreedc">  -1990.89442271 </i>
    <i name="XCdc">    227.96367290 </i>
    <i name="pawpsdc">   5488.21437192 </i>
    <i name="pawaedc">  -5636.81509254 </i>
    <i name="eentropy">     -0.00310806 </i>
    <i name="bandstr">     -5.20049294 </i>
    <i name="atom">   7572.29571107 </i>
    <i name="e_fr_energy">    445.75443267 </i>
    <i name="e_wo_entrp">    445.75754073 </i>
    <i name="e_0_energy">    445.75546869 </i>
   </energy>
  </scstep>
  <scstep>
   <time name="dav">    0.54    0.54</time>
   <time name="total">    0.55    0.55</time>
   <energy>
    <i name="e_fr_energy">     33.94618565 </i>
    <i name="e_wo_entrp">     33.96747433 </i>
    <i name="e_0_energy">     33.95328188 </i>
   </energy>
  </scstep>
  <scstep>
   <time name="dav">    0.57    0.57</time>
   <time name="total">    0.57    0.57</time>
   <energy>
    <i name="e_fr_energy">    -14.58632783 </i>
    <i name="e_wo_entrp">    -14.59620088 </i>
    <i name="e_0_energy">    -14.58961884 </i>
   </energy>
  </scstep>
  <scstep>
   <time name="dav">    0.48    0.48</time>
   <time name="total">    0.48    0.49</time>
   <energy>
    <i name="e_fr_energy">    -16.00492482 </i>
    <i name="e_wo_entrp">    -16.01504648 </i>
    <i name="e_0_energy">    -16.00829871 </i>
   </energy>
  </scstep>
  <scstep>
   <time name="dav">    0.56    0.56</time>
   <time name="total">    0.58    0.59</time>
   <energy>
    <i name="e_fr_energy">    -16.04978126 </i>
    <i name="e_wo_entrp">    -16.05991144 </i>
    <i name="e_0_energy">    -16.05315799 </i>
   </energy>
  </scstep>
  <scstep>
   <time name="dav">    0.57    0.57</time>
   <time name="total">    0.60    0.60</time>
   <energy>
    <i name="e_fr_energy">    -16.02159256 </i>
    <i name="e_wo_entrp">    -16.03191282 </i>
    <i name="e_0_energy">    -16.02503264 </i>
   </energy>
  </scstep>
  <scstep>
   <time name="dav">    0.55    0.55</time>
   <time name="total">    0.59    0.60</time>
   <energy>
    <i name="e_fr_energy">    -16.01495142 </i>
    <i name="e_wo_entrp">    -16.02553481 </i>
    <i name="e_0_energy">    -16.01847922 </i>
   </energy>
  </scstep>
  <scstep>
   <time name="dav">    0.55    0.55</time>
   <time name="total">    0.58    0.59</time>
   <energy>
    <i name="e_fr_energy">    -16.01505634 </i>
    <i name="e_wo_entrp">    -16.02571452 </i>
    <i name="e_0_energy">    -16.01860907 </i>
   </energy>
  </scstep>
  <scstep>
   <time name="dav">    0.57    0.57</time>
   <time name="total">    0.61    0.61</time>
   <energy>
    <i name="e_fr_energy">    -16.01507975 </i>
    <i name="e_wo_entrp">    -16.02574227 </i>
    <i name="e_0_energy">    -16.01863392 </i>
   </energy>
  </scstep>
  <scstep>
   <time name="dav">    0.40    0.40</time>
   <time name="total">    0.45    0.45</time>
   <energy>
    <i name="e_fr_energy">    -16.01506800 </i>
    <i name="e_wo_entrp">    -16.02573096 </i>
    <i name="e_0_energy">    -16.01862232 </i>
   </energy>
  </scstep>
  <scstep>
   <time name="dav">    0.33    0.33</time>
   <time name="total">    0.34    0.35</time>
   <energy>
    <i name="alphaZ">    165.15909015 </i>
    <i name="ewald">  -5374.96529713 </i>
    <i name="hartreedc">  -1970.94810807 </i>
    <i name="XCdc">    227.14283376 </i>
    <i name="pawpsdc">   5610.61154445 </i>
    <i name="pawaedc">  -5764.29997073 </i>
    <i name="eentropy">      0.01066379 </i>
    <i name="bandstr">   -481.02153571 </i>
    <i name="atom">   7572.29571107 </i>
    <i name="e_fr_energy">    -16.01506842 </i>
    <i name="e_wo_entrp">    -16.02573220 </i>
    <i name="e_0_energy">    -16.01862301 </i>
   </energy>
  </scstep>
  <structure>
   <crystal>
    <varray name="basis" >
     <v>       5.83130000       0.00000000       0.00000000 </v>
     <v>       0.00000000       5.83130000       0.00000000 </v>
     <v>       0.00000000       0.00000000       3.18150000 </v>
    </varray>
    <i name="volume">    108.18391590 </i>
    <varray name="rec_basis" >
     <v>       0.17148835       0.00000000       0.00000000 </v>
     <v>       0.00000000       0.17148835       0.00000000 </v>
     <v>       0.00000000       0.00000000       0.31431715 </v>
    </varray>
   </crystal>
   <varray name="positions" >
    <v>       0.00000000       0.75000000       0.12500000 </v>
    <v>       0.00000000       0.25000000       0.87500000 </v>
    <v>       0.50000000       0.25000000       0.62500000 </v>
    <v>       0.50000000       0.75000000       0.37500000 </v>
   </varray>
  </structure>
  <varray name="forces" >
   <v>      -0.00000000       0.00000000       0.00000000 </v>
   <v>       0.00000000       0.00000000      -0.00000000 </v>
   <v>      -0.00000000      -0.00000000       0.00000000 </v>
   <v>       0.00000000      -0.00000000      -0.00000000 </v>
  </varray>
  <varray name="stress" >
   <v>      36.84094412      -0.00000000      -0.00000000 </v>
   <v>       0.00000000      36.84094412       0.00000000 </v>
   <v>      -0.00000000       0.00000000      -2.24468828 </v>
  </varray>
  <energy>
   <i name="e_fr_energy">    -16.01506842 </i>
   <i name="e_wo_entrp">    -16.01862301 </i>
   <i name="e_0_energy">      0.01066379 </i>
  </energy>
  <time name="totalsc">    6.25    6.33</time>
  <eigenvalues>
   <array>
    <dimension dim="1">band</dimension>
    <dimension dim="2">kpoint</dimension>
    <dimension dim="3">spin</dimension>
    <field>eigene</field>
    <field>occ</field>
    <set>
     <set comment="spin 1">
      <set comment="kpoint 1">
       <r>  -13.6533    1.0000 </r>
       <r>  -13.5915    1.0000 </r>
       <r>  -13.5915    1.0000 </r>
       <r>  -13.5811    1.0000 </r>
       <r>  -13.5291    1.0000 </r>
       <r>  -13.5262    1.0000 </r>
       <r>  -13.3875    1.0000 </r>
       <r>  -13.3875    1.0000 </r>
       <r>  -13.3770    1.0000 </r>
       <r>  -13.3770    1.0000 </r>
       <r>  -13.3747    1.0000 </r>
       <r>  -13.3747    1.0000 </r>
       <r>  -13.3718    1.0000 </r>
       <r>  -13.3718    1.0000 </r>
       <r>  -13.3638    1.0000 </r>
       <r>  -13.3638    1.0000 </r>
       <r>  -13.3592    1.0000 </r>
       <r>  -13.3592    1.0000 </r>
       <r>  -13.2660    1.0000 </r>
       <r>  -13.1527    1.0000 </r>
       <r>   -3.0961    1.0000 </r>
       <r>    0.5203    1.0000 </r>
       <r>    0.5203    1.0000 </r>
       <r>    3.2173    1.0000 </r>
       <r>    3.2173    1.0000 </r>
       <r>    4.4784    1.0000 </r>
       <r>    6.0636    1.0000 </r>
       <r>    6.0636    1.0000 </r>
       <r>   11.0121   -0.0000 </r>
       <r>   13.0673   -0.0000 </r>
       <r>   13.0673   -0.0000 </r>
       <r>   14.3094    0.0000 </r>
       <r>   14.3094    0.0000 </r>
       <r>   14.8983    0.0000 </r>
       <r>   14.9973    0.0000 </r>
       <r>   17.5080    0.0000 </r>
       <r>   17.5080    0.0000 </r>
       <r>   17.9141    0.0000 </r>
       <r>   18.5730    0.0000 </r>
       <r>   19.2483    0.0000 </r>
       <r>   19.3315    0.0000 </r>
       <r>   19.3315    0.0000 </r>
       <r>   19.4113    0.0000 </r>
       <r>   19.4113    0.0000 </r>
       <r>   19.8281    0.0000 </r>
       <r>   20.6457    0.0000 </r>
       <r>   20.6457    0.0000 </r>
       <r>   21.2704    0.0000 </r>
      </set>
      <set comment="kpoint 2">
       <r>  -13.6124    1.0000 </r>
       <r>  -13.5942    1.0000 </r>
       <r>  -13.5836    1.0000 </r>
       <r>  -13.5831    1.0000 </r>
       <r>  -13.5509    1.0000 </r>
       <r>  -13.4942    1.0000 </r>
       <r>  -13.4930    1.0000 </r>
       <r>  -13.4190    1.0000 </r>
       <r>  -13.3837    1.0000 </r>
       <r>  -13.3737    1.0000 </r>
       <r>  -13.3727    1.0000 </r>
       <r>  -13.3692    1.0000 </r>
       <r>  -13.3690    1.0000 </r>
       <r>  -13.3650    1.0000 </r>
       <r>  -13.3408    1.0000 </r>
       <r>  -13.3387    1.0000 </r>
       <r>  -13.3226    1.0000 </r>
       <r>  -13.2994    1.0000 </r>
       <r>  -13.2916    1.0000 </r>
       <r>  -13.1992    1.0000 </r>
       <r>   -2.5928    1.0000 </r>
       <r>   -1.1082    1.0000 </r>
       <r>    1.0120    1.0000 </r>
       <r>    2.5128    1.0000 </r>
       <r>    3.7093    1.0000 </r>
       <r>    5.0146    1.0000 </r>
       <r>    5.8892    1.0000 </r>
       <r>    9.1253   -0.0000 </r>
       <r>   10.3664   -0.0000 </r>
       <r>   12.9252   -0.0000 </r>
       <r>   13.2007   -0.0000 </r>
       <r>   13.4310   -0.0000 </r>
       <r>   14.0180    0.0000 </r>
       <r>   14.3754    0.0000 </r>
       <r>   14.4022    0.0000 </r>
       <r>   14.8623    0.0000 </r>
       <r>   16.3285    0.0000 </r>
       <r>   16.8092    0.0000 </r>
       <r>   18.6126    0.0000 </r>
       <r>   18.7292    0.0000 </r>
       <r>   18.7415    0.0000 </r>
       <r>   19.6742    0.0000 </r>
       <r>   19.7594    0.0000 </r>
       <r>   19.7625    0.0000 </r>
       <r>   19.7713    0.0000 </r>
       <r>   19.8277    0.0000 </r>
       <r>   21.0402    0.0000 </r>
       <r>   21.0744    0.0000 </r>
      </set>
      <set comment="kpoint 3">
       <r>  -13.5893    1.0000 </r>
       <r>  -13.5872    1.0000 </r>
       <r>  -13.5872    1.0000 </r>
       <r>  -13.5694    1.0000 </r>
       <r>  -13.5654    1.0000 </r>
       <r>  -13.4719    1.0000 </r>
       <r>  -13.4719    1.0000 </r>
       <r>  -13.4592    1.0000 </r>
       <r>  -13.4222    1.0000 </r>
       <r>  -13.3919    1.0000 </r>
       <r>  -13.3919    1.0000 </r>
       <r>  -13.3542    1.0000 </r>
       <r>  -13.3428    1.0000 </r>
       <r>  -13.3368    1.0000 </r>
       <r>  -13.3368    1.0000 </r>
       <r>  -13.3293    1.0000 </r>
       <r>  -13.3136    1.0000 </r>
       <r>  -13.2997    1.0000 </r>
       <r>  -13.2997    1.0000 </r>
       <r>  -13.2322    1.0000 </r>
       <r>   -2.0906    1.0000 </r>
       <r>   -0.6102    1.0000 </r>
       <r>   -0.6102    1.0000 </r>
       <r>    0.8634    1.0000 </r>
       <r>    6.3686    1.0000 </r>
       <r>    6.3686    1.0000 </r>
       <r>    7.2394    1.0000 </r>
       <r>    8.3674   -0.0056 </r>
       <r>   10.5010   -0.0000 </r>
       <r>   11.2766   -0.0000 </r>
       <r>   12.3027   -0.0000 </r>
       <r>   12.3027   -0.0000 </r>
       <r>   13.8119    0.0000 </r>
       <r>   13.8119    0.0000 </r>
       <r>   14.2134    0.0000 </r>
       <r>   14.3196    0.0000 </r>
       <r>   15.0560    0.0000 </r>
       <r>   17.7478    0.0000 </r>
       <r>   17.8436    0.0000 </r>
       <r>   18.2558    0.0000 </r>
       <r>   18.2558    0.0000 </r>
       <r>   19.1196    0.0000 </r>
       <r>   19.1196    0.0000 </r>
       <r>   21.5148    0.0000 </r>
       <r>   21.8924    0.0000 </r>
       <r>   21.9691    0.0000 </r>
       <r>   22.1346    0.0000 </r>
       <r>   22.9161    0.0000 </r>
      </set>
      <set comment="kpoint 4">
       <r>  -13.6425    1.0000 </r>
       <r>  -13.5504    1.0000 </r>
       <r>  -13.5335    1.0000 </r>
       <r>  -13.5143    1.0000 </r>
       <r>  -13.5070    1.0000 </r>
       <r>  -13.4319    1.0000 </r>
       <r>  -13.4184    1.0000 </r>
       <r>  -13.4184    1.0000 </r>
       <r>  -13.4104    1.0000 </r>
       <r>  -13.4104    1.0000 </r>
       <r>  -13.4071    1.0000 </r>
       <r>  -13.3814    1.0000 </r>
       <r>  -13.3810    1.0000 </r>
       <r>  -13.3810    1.0000 </r>
       <r>  -13.3785    1.0000 </r>
       <r>  -13.3785    1.0000 </r>
       <r>  -13.3447    1.0000 </r>
       <r>  -13.3140    1.0000 </r>
       <r>  -13.2706    1.0000 </r>
       <r>  -13.1628    1.0000 </r>
       <r>   -2.4815    1.0000 </r>
       <r>    0.9343    1.0000 </r>
       <r>    1.1940    1.0000 </r>
       <r>    3.8547    1.0000 </r>
       <r>    3.8547    1.0000 </r>
       <r>    5.0021    1.0000 </r>
       <r>    6.6181    1.0000 </r>
       <r>    6.6181    1.0000 </r>
       <r>    7.8577    1.0194 </r>
       <r>   11.0206   -0.0000 </r>
       <r>   11.0380   -0.0000 </r>
       <r>   11.5254   -0.0000 </r>
       <r>   13.3587   -0.0000 </r>
       <r>   13.3587   -0.0000 </r>
       <r>   14.4209    0.0000 </r>
       <r>   16.3058    0.0000 </r>
       <r>   16.3058    0.0000 </r>
       <r>   16.3419    0.0000 </r>
       <r>   16.3419    0.0000 </r>
       <r>   18.2045    0.0000 </r>
       <r>   19.2780    0.0000 </r>
       <r>   19.2780    0.0000 </r>
       <r>   19.3825    0.0000 </r>
       <r>   19.4521    0.0000 </r>
       <r>   20.5458    0.0000 </r>
       <r>   21.7717    0.0000 </r>
       <r>   21.7717    0.0000 </r>
       <r>   22.6493    0.0000 </r>
      </set>
      <set comment="kpoint 5">
       <r>  -13.6073    1.0000 </r>
       <r>  -13.5526    1.0000 </r>
       <r>  -13.5349    1.0000 </r>
       <r>  -13.5215    1.0000 </r>
       <r>  -13.4869    1.0000 </r>
       <r>  -13.4852    1.0000 </r>
       <r>  -13.4828    1.0000 </r>
       <r>  -13.4350    1.0000 </r>
       <r>  -13.4121    1.0000 </r>
       <r>  -13.3964    1.0000 </r>
       <r>  -13.3838    1.0000 </r>
       <r>  -13.3810    1.0000 </r>
       <r>  -13.3790    1.0000 </r>
       <r>  -13.3709    1.0000 </r>
       <r>  -13.3579    1.0000 </r>
       <r>  -13.3384    1.0000 </r>
       <r>  -13.3284    1.0000 </r>
       <r>  -13.2947    1.0000 </r>
       <r>  -13.2834    1.0000 </r>
       <r>  -13.2016    1.0000 </r>
       <r>   -1.9801    1.0000 </r>
       <r>   -0.5130    1.0000 </r>
       <r>    1.5584    1.0000 </r>
       <r>    3.0593    1.0000 </r>
       <r>    4.3341    1.0000 </r>
       <r>    5.6043    1.0000 </r>
       <r>    6.3600    1.0000 </r>
       <r>    8.4474   -0.0352 </r>
       <r>    9.1867   -0.0000 </r>
       <r>    9.8288   -0.0000 </r>
       <r>   11.0655   -0.0000 </r>
       <r>   11.8060   -0.0000 </r>
       <r>   12.8078   -0.0000 </r>
       <r>   13.1597   -0.0000 </r>
       <r>   14.1108    0.0000 </r>
       <r>   14.3982    0.0000 </r>
       <r>   15.0237    0.0000 </r>
       <r>   16.7251    0.0000 </r>
       <r>   16.7787    0.0000 </r>
       <r>   17.3954    0.0000 </r>
       <r>   18.2076    0.0000 </r>
       <r>   19.0938    0.0000 </r>
       <r>   19.5303    0.0000 </r>
       <r>   20.2383    0.0000 </r>
       <r>   20.7936    0.0000 </r>
       <r>   21.7507    0.0000 </r>
       <r>   21.7556    0.0000 </r>
       <r>   22.3630    0.0000 </r>
      </set>
      <set comment="kpoint 6">
       <r>  -13.5773    1.0000 </r>
       <r>  -13.5488    1.0000 </r>
       <r>  -13.5347    1.0000 </r>
       <r>  -13.5317    1.0000 </r>
       <r>  -13.5028    1.0000 </r>
       <r>  -13.4802    1.0000 </r>
       <r>  -13.4758    1.0000 </r>
       <r>  -13.4503    1.0000 </r>
       <r>  -13.4476    1.0000 </r>
       <r>  -13.4059    1.0000 </r>
       <r>  -13.3697    1.0000 </r>
       <r>  -13.3662    1.0000 </r>
       <r>  -13.3578    1.0000 </r>
       <r>  -13.3538    1.0000 </r>
       <r>  -13.3494    1.0000 </r>
       <r>  -13.3361    1.0000 </r>
       <r>  -13.3207    1.0000 </r>
       <r>  -13.3139    1.0000 </r>
       <r>  -13.2778    1.0000 </r>
       <r>  -13.2297    1.0000 </r>
       <r>   -1.4798    1.0000 </r>
       <r>   -0.0518    1.0000 </r>
       <r>    0.0232    1.0000 </r>
       <r>    1.4489    1.0000 </r>
       <r>    6.6682    1.0000 </r>
       <r>    6.9863    1.0000 </r>
       <r>    7.6101    1.0001 </r>
       <r>    8.8920   -0.0000 </r>
       <r>    9.0191   -0.0000 </r>
       <r>    9.6126   -0.0000 </r>
       <r>   10.3911   -0.0000 </r>
       <r>   11.2342   -0.0000 </r>
       <r>   11.7800   -0.0000 </r>
       <r>   11.8020   -0.0000 </r>
       <r>   13.0495   -0.0000 </r>
       <r>   13.1974   -0.0000 </r>
       <r>   15.3852    0.0000 </r>
       <r>   17.2087    0.0000 </r>
       <r>   17.3056    0.0000 </r>
       <r>   17.7721    0.0000 </r>
       <r>   18.4814    0.0000 </r>
       <r>   19.4181    0.0000 </r>
       <r>   20.3455    0.0000 </r>
       <r>   21.2508    0.0000 </r>
       <r>   21.2658    0.0000 </r>
       <r>   21.7677    0.0000 </r>
       <r>   21.9137    0.0000 </r>
       <r>   22.1958    0.0000 </r>
      </set>
      <set comment="kpoint 7">
       <r>  -13.6062    1.0000 </r>
       <r>  -13.5640    1.0000 </r>
       <r>  -13.4788    1.0000 </r>
       <r>  -13.4766    1.0000 </r>
       <r>  -13.4766    1.0000 </r>
       <r>  -13.4728    1.0000 </r>
       <r>  -13.4728    1.0000 </r>
       <r>  -13.4400    1.0000 </r>
       <r>  -13.4248    1.0000 </r>
       <r>  -13.4155    1.0000 </r>
       <r>  -13.4155    1.0000 </r>
       <r>  -13.4135    1.0000 </r>
       <r>  -13.4135    1.0000 </r>
       <r>  -13.4016    1.0000 </r>
       <r>  -13.3119    1.0000 </r>
       <r>  -13.2857    1.0000 </r>
       <r>  -13.2803    1.0000 </r>
       <r>  -13.2701    1.0000 </r>
       <r>  -13.2257    1.0000 </r>
       <r>  -13.1838    1.0000 </r>
       <r>   -0.6664    1.0000 </r>
       <r>    1.5187    1.0000 </r>
       <r>    3.0649    1.0000 </r>
       <r>    4.6178    1.0000 </r>
       <r>    5.6098    1.0000 </r>
       <r>    5.6098    1.0000 </r>
       <r>    5.7655    1.0000 </r>
       <r>    6.7296    1.0000 </r>
       <r>    7.3634    1.0000 </r>
       <r>    7.3634    1.0000 </r>
       <r>    7.5979    1.0001 </r>
       <r>   10.2247   -0.0000 </r>
       <r>   10.9886   -0.0000 </r>
       <r>   10.9886   -0.0000 </r>
       <r>   12.8105   -0.0000 </r>
       <r>   12.8105   -0.0000 </r>
       <r>   13.0824   -0.0000 </r>
       <r>   15.7212    0.0000 </r>
       <r>   17.8204    0.0000 </r>
       <r>   17.8204    0.0000 </r>
       <r>   19.4860    0.0000 </r>
       <r>   19.9117    0.0000 </r>
       <r>   19.9117    0.0000 </r>
       <r>   20.5774    0.0000 </r>
       <r>   21.7290    0.0000 </r>
       <r>   22.2334    0.0000 </r>
       <r>   23.1414    0.0000 </r>
       <r>   23.1414    0.0000 </r>
      </set>
      <set comment="kpoint 8">
       <r>  -13.5969    1.0000 </r>
       <r>  -13.5738    1.0000 </r>
       <r>  -13.4963    1.0000 </r>
       <r>  -13.4915    1.0000 </r>
       <r>  -13.4850    1.0000 </r>
       <r>  -13.4825    1.0000 </r>
       <r>  -13.4648    1.0000 </r>
       <r>  -13.4566    1.0000 </r>
       <r>  -13.4393    1.0000 </r>
       <r>  -13.4215    1.0000 </r>
       <r>  -13.4158    1.0000 </r>
       <r>  -13.4157    1.0000 </r>
       <r>  -13.3395    1.0000 </r>
       <r>  -13.3344    1.0000 </r>
       <r>  -13.3222    1.0000 </r>
       <r>  -13.3049    1.0000 </r>
       <r>  -13.2751    1.0000 </r>
       <r>  -13.2704    1.0000 </r>
       <r>  -13.2314    1.0000 </r>
       <r>  -13.2089    1.0000 </r>
       <r>   -0.1879    1.0000 </r>
       <r>    1.0642    1.0000 </r>
       <r>    2.6583    1.0000 </r>
       <r>    3.9862    1.0000 </r>
       <r>    4.7239    1.0000 </r>
       <r>    5.9993    1.0000 </r>
       <r>    6.0506    1.0000 </r>
       <r>    6.8937    1.0000 </r>
       <r>    7.1114    1.0000 </r>
       <r>    7.9722    1.0330 </r>
       <r>    9.0496   -0.0000 </r>
       <r>   10.4482   -0.0000 </r>
       <r>   10.6847   -0.0000 </r>
       <r>   11.6039   -0.0000 </r>
       <r>   12.3191   -0.0000 </r>
       <r>   14.2588    0.0000 </r>
       <r>   14.4820    0.0000 </r>
       <r>   15.1971    0.0000 </r>
       <r>   16.6058    0.0000 </r>
       <r>   17.7593    0.0000 </r>
       <r>   18.2162    0.0000 </r>
       <r>   18.2500    0.0000 </r>
       <r>   18.9442    0.0000 </r>
       <r>   19.6999    0.0000 </r>
       <r>   19.9015    0.0000 </r>
       <r>   20.8822    0.0000 </r>
       <r>   21.5435    0.0000 </r>
       <r>   21.9462    0.0000 </r>
      </set>
      <set comment="kpoint 9">
       <r>  -13.5920    1.0000 </r>
       <r>  -13.5785    1.0000 </r>
       <r>  -13.5215    1.0000 </r>
       <r>  -13.5145    1.0000 </r>
       <r>  -13.4858    1.0000 </r>
       <r>  -13.4853    1.0000 </r>
       <r>  -13.4659    1.0000 </r>
       <r>  -13.4657    1.0000 </r>
       <r>  -13.4350    1.0000 </r>
       <r>  -13.4180    1.0000 </r>
       <r>  -13.3670    1.0000 </r>
       <r>  -13.3511    1.0000 </r>
       <r>  -13.3491    1.0000 </r>
       <r>  -13.3363    1.0000 </r>
       <r>  -13.3300    1.0000 </r>
       <r>  -13.3151    1.0000 </r>
       <r>  -13.2702    1.0000 </r>
       <r>  -13.2700    1.0000 </r>
       <r>  -13.2412    1.0000 </r>
       <r>  -13.2313    1.0000 </r>
       <r>    0.2907    1.0000 </r>
       <r>    1.4044    1.0000 </r>
       <r>    1.8167    1.0000 </r>
       <r>    2.9534    1.0000 </r>
       <r>    4.4375    1.0000 </r>
       <r>    5.4864    1.0000 </r>
       <r>    5.8842    1.0000 </r>
       <r>    6.8390    1.0000 </r>
       <r>    8.8517   -0.0000 </r>
       <r>    9.1190   -0.0000 </r>
       <r>    9.7327   -0.0000 </r>
       <r>   10.2294   -0.0000 </r>
       <r>   12.1537   -0.0000 </r>
       <r>   12.1692   -0.0000 </r>
       <r>   13.1874   -0.0000 </r>
       <r>   13.2847   -0.0000 </r>
       <r>   14.2121    0.0000 </r>
       <r>   15.0233    0.0000 </r>
       <r>   15.6717    0.0000 </r>
       <r>   15.6935    0.0000 </r>
       <r>   17.2226    0.0000 </r>
       <r>   17.4480    0.0000 </r>
       <r>   17.5555    0.0000 </r>
       <r>   18.4418    0.0000 </r>
       <r>   19.3953    0.0000 </r>
       <r>   20.5978    0.0000 </r>
       <r>   21.7836    0.0000 </r>
       <r>   21.8017    0.0000 </r>
      </set>
     </set>
    </set>
   </array>
  </eigenvalues>
  <separator name="orbital magnetization" >
   <v name="MAGDIPOLOUT">      0.00000000      0.00000000      0.00000000</v>
  </separator>
 </calculation>
 <structure name="finalpos" >
  <crystal>
   <varray name="basis" >
    <v>       5.83130000       0.00000000       0.00000000 </v>
    <v>       0.00000000       5.83130000       0.00000000 </v>
    <v>       0.00000000       0.00000000       3.18150000 </v>
   </varray>
   <i name="volume">    108.18391590 </i>
   <varray name="rec_basis" >
    <v>       0.17148835       0.00000000       0.00000000 </v>
    <v>       0.00000000       0.17148835       0.00000000 </v>
    <v>       0.00000000       0.00000000       0.31431715 </v>
   </varray>
  </crystal>
  <varray name="positions" >
   <v>       0.00000000       0.75000000       0.12500000 </v>
   <v>       0.00000000       0.25000000       0.87500000 </v>
   <v>       0.50000000       0.25000000       0.62500000 </v>
   <v>       0.50000000       0.75000000       0.37500000 </v>
  </varray>
 </structure>
</modeling>
