<?xml version="1.0" encoding="ISO-8859-1"?>
<modeling>
 <generator>
  <i name="program" type="string">vasp </i>
  <i name="version" type="string">5.3.3  </i>
  <i name="subversion" type="string">18Dez12 (build Jul  9 2013 10:45:47) complex                          parallel </i>
  <i name="platform" type="string">LinuxIFC </i>
  <i name="date" type="string">2015 07 13 </i>
  <i name="time" type="string">04:41:53 </i>
 </generator>
 <incar>
  <i type="string" name="SYSTEM"> (Sn)4  (P1) ~ POSCAR_2x2x2_1 (VASP)</i>
  <i type="int" name="ISTART">     0</i>
  <i type="string" name="PREC">normal</i>
  <i type="string" name="ALGO"> Normal (blocked Davidson)</i>
  <i type="logical" name="ADDGRID"> F  </i>
  <i type="int" name="ISPIN">     1</i>
  <i type="int" name="ICHARG">     2</i>
  <i type="int" name="INIWAV">     1</i>
  <i type="int" name="NELM">    60</i>
  <i type="int" name="NELMIN">     2</i>
  <i type="int" name="IBRION">    -1</i>
  <i name="EDIFF">      0.00001000</i>
  <i name="EDIFFG">     -0.02000000</i>
  <i type="int" name="NSW">     0</i>
  <i type="int" name="NBLOCK">     1</i>
  <i name="ENCUT">    450.00000000</i>
  <v name="RWIGS">      1.41000000</v>
  <i type="logical" name="LREAL"> F  </i>
  <i type="int" name="ISMEAR">     1</i>
  <i name="SIGMA">      0.20000000</i>
  <i type="logical" name="LWAVE"> F  </i>
  <i type="logical" name="LCHARG"> F  </i>
  <i type="int" name="NELM">    60</i>
  <i type="int" name="VOSKOWN">     1</i>
 </incar>
 <kpoints>
  <generation param="Gamma">
   <v type="int" name="divisions">       3        3        4 </v>
   <v name="usershift">      0.00000000       0.00000000       0.00000000 </v>
   <v name="genvec1">      0.33333333       0.00000000       0.00000000 </v>
   <v name="genvec2">      0.00000000       0.33333333       0.00000000 </v>
   <v name="genvec3">      0.00000000       0.00000000       0.25000000 </v>
   <v name="shift">      0.00000000       0.00000000       0.00000000 </v>
  </generation>
  <varray name="kpointlist" >
   <v>       0.00000000       0.00000000       0.00000000 </v>
   <v>       0.33333333       0.00000000       0.00000000 </v>
   <v>       0.33333333       0.33333333       0.00000000 </v>
   <v>       0.00000000       0.00000000       0.25000000 </v>
   <v>       0.33333333       0.00000000       0.25000000 </v>
   <v>       0.33333333       0.33333333       0.25000000 </v>
   <v>       0.00000000       0.00000000       0.50000000 </v>
   <v>       0.33333333       0.00000000       0.50000000 </v>
   <v>       0.33333333       0.33333333       0.50000000 </v>
  </varray>
  <varray name="weights" >
   <v>       0.02777778 </v>
   <v>       0.11111111 </v>
   <v>       0.11111111 </v>
   <v>       0.05555556 </v>
   <v>       0.22222222 </v>
   <v>       0.22222222 </v>
   <v>       0.02777778 </v>
   <v>       0.11111111 </v>
   <v>       0.11111111 </v>
  </varray>
 </kpoints>
 <parameters>
  <separator name="general" >
   <i type="string" name="SYSTEM">(Sn)4  (P1) ~ POSCAR_2x2x2_1 (VASP)</i>
   <i type="logical" name="LCOMPAT"> F  </i>
  </separator>
  <separator name="electronic" >
   <i type="string" name="PREC">normal</i>
   <i name="ENMAX">    450.00000000</i>
   <i name="ENAUG">    439.82500000</i>
   <i name="EDIFF">      0.00001000</i>
   <i type="int" name="IALGO">    38</i>
   <i type="int" name="IWAVPR">    10</i>
   <i type="int" name="NBANDS">    48</i>
   <i name="NELECT">     56.00000000</i>
   <i type="int" name="TURBO">     0</i>
   <i type="int" name="IRESTART">     0</i>
   <i type="int" name="NREBOOT">     0</i>
   <i type="int" name="NMIN">     0</i>
   <i name="EREF">      0.00000000</i>
   <separator name="electronic smearing" >
    <i type="int" name="ISMEAR">     1</i>
    <i name="SIGMA">      0.20000000</i>
    <i name="KSPACING">      0.50000000</i>
    <i type="logical" name="KGAMMA"> T  </i>
   </separator>
   <separator name="electronic projectors" >
    <i type="logical" name="LREAL"> F  </i>
    <v name="ROPT">      0.00000000</v>
    <i type="int" name="LMAXPAW">  -100</i>
    <i type="int" name="LMAXMIX">     2</i>
    <i type="logical" name="NLSPLINE"> F  </i>
   </separator>
   <separator name="electronic startup" >
    <i type="int" name="ISTART">     0</i>
    <i type="int" name="ICHARG">     2</i>
    <i type="int" name="INIWAV">     1</i>
   </separator>
   <separator name="electronic spin" >
    <i type="int" name="ISPIN">     1</i>
    <i type="logical" name="LNONCOLLINEAR"> F  </i>
    <v name="MAGMOM">      1.00000000      1.00000000      1.00000000      1.00000000</v>
    <i name="NUPDOWN">     -1.00000000</i>
    <i type="logical" name="LSORBIT"> F  </i>
    <v name="SAXIS">      0.00000000      0.00000000      1.00000000</v>
    <i type="logical" name="LSPIRAL"> F  </i>
    <v name="QSPIRAL">      0.00000000      0.00000000      0.00000000</v>
    <i type="logical" name="LZEROZ"> F  </i>
   </separator>
   <separator name="electronic exchange-correlation" >
    <i type="logical" name="LASPH"> F  </i>
    <i type="logical" name="LMETAGGA"> F  </i>
   </separator>
   <separator name="electronic convergence" >
    <i type="int" name="NELM">    60</i>
    <i type="int" name="NELMDL">    -5</i>
    <i type="int" name="NELMIN">     2</i>
    <i name="ENINI">    450.00000000</i>
    <separator name="electronic convergence detail" >
     <i type="logical" name="LDIAG"> T  </i>
     <i type="logical" name="LSUBROT"> T  </i>
     <i name="WEIMIN">      0.00000000</i>
     <i name="EBREAK">      0.00000005</i>
     <i name="DEPER">      0.30000000</i>
     <i type="int" name="NRMM">     4</i>
     <i name="TIME">      0.40000000</i>
    </separator>
   </separator>
   <separator name="electronic mixer" >
    <i name="AMIX">      0.40000000</i>
    <i name="BMIX">      1.00000000</i>
    <i name="AMIN">      0.10000000</i>
    <i name="AMIX_MAG">      1.60000000</i>
    <i name="BMIX_MAG">      1.00000000</i>
    <separator name="electronic mixer details" >
     <i type="int" name="IMIX">     4</i>
     <i type="int" name="MAXMIX">   -45</i>
     <i name="WC">    100.00000000</i>
     <i type="int" name="INIMIX">     1</i>
     <i type="int" name="MIXPRE">     1</i>
     <i type="int" name="MREMOVE">     5</i>
    </separator>
   </separator>
   <separator name="electronic dipolcorrection" >
    <i type="logical" name="LDIPOL"> F  </i>
    <i type="logical" name="LMONO"> F  </i>
    <i type="int" name="IDIPOL">     0</i>
    <i name="EPSILON">      1.00000000</i>
    <v name="DIPOL">   -100.00000000   -100.00000000   -100.00000000</v>
    <i name="EFIELD">      0.00000000</i>
   </separator>
  </separator>
  <separator name="grids" >
   <i type="int" name="NGX">    30</i>
   <i type="int" name="NGY">    30</i>
   <i type="int" name="NGZ">    18</i>
   <i type="int" name="NGXF">    60</i>
   <i type="int" name="NGYF">    60</i>
   <i type="int" name="NGZF">    36</i>
   <i type="logical" name="ADDGRID"> F  </i>
  </separator>
  <separator name="ionic" >
   <i type="int" name="NSW">     0</i>
   <i type="int" name="IBRION">    -1</i>
   <i type="int" name="ISIF">     2</i>
   <i name="PSTRESS">      0.00000000</i>
   <i name="EDIFFG">     -0.02000000</i>
   <i type="int" name="NFREE">     0</i>
   <i name="POTIM">      0.50000000</i>
   <i name="SMASS">     -3.00000000</i>
   <i name="SCALEE">      1.00000000</i>
  </separator>
  <separator name="ionic md" >
   <i name="TEBEG">      0.00010000</i>
   <i name="TEEND">      0.00010000</i>
   <i type="int" name="NBLOCK">     1</i>
   <i type="int" name="KBLOCK">     1</i>
   <i type="int" name="NPACO">   256</i>
   <i name="APACO">     16.00000000</i>
  </separator>
  <separator name="symmetry" >
   <i type="int" name="ISYM">     2</i>
   <i name="SYMPREC">      0.00001000</i>
  </separator>
  <separator name="dos" >
   <i type="logical" name="LORBIT"> F  </i>
   <v name="RWIGS">      1.41000000</v>
   <i type="int" name="NEDOS">   301</i>
   <i name="EMIN">     10.00000000</i>
   <i name="EMAX">    -10.00000000</i>
   <i name="EFERMI">      0.00000000</i>
  </separator>
  <separator name="writing" >
   <i type="int" name="NWRITE">     2</i>
   <i type="logical" name="LWAVE"> F  </i>
   <i type="logical" name="LCHARG"> F  </i>
   <i type="logical" name="LPARD"> F  </i>
   <i type="logical" name="LVTOT"> F  </i>
   <i type="logical" name="LVHAR"> F  </i>
   <i type="logical" name="LELF"> F  </i>
   <i type="logical" name="LOPTICS"> F  </i>
   <v name="STM">      0.00000000      0.00000000      0.00000000      0.00000000      0.00000000      0.00000000      0.00000000</v>
  </separator>
  <separator name="performance" >
   <i type="int" name="NPAR">    16</i>
   <i type="int" name="NSIM">     4</i>
   <i type="int" name="NBLK">    -1</i>
   <i type="logical" name="LPLANE"> T  </i>
   <i type="logical" name="LSCALAPACK"> F  </i>
   <i type="logical" name="LSCAAWARE"> F  </i>
   <i type="logical" name="LSCALU"> F  </i>
   <i type="logical" name="LASYNC"> F  </i>
   <i type="logical" name="LORBITALREAL"> F  </i>
  </separator>
  <separator name="miscellaneous" >
   <i type="int" name="IDIOT">     3</i>
   <i type="logical" name="LMUSIC"> F  </i>
   <v name="POMASS">    118.71000000</v>
   <v name="DARWINR">      0.00000000</v>
   <v name="DARWINV">      1.00000000</v>
   <i type="logical" name="LCORR"> T  </i>
  </separator>
  <i type="logical" name="GGA_COMPAT"> T  </i>
  <i type="logical" name="LBERRY"> F  </i>
  <i type="int" name="ICORELEVEL">     0</i>
  <i type="logical" name="LDAU"> F  </i>
  <i type="int" name="I_CONSTRAINED_M">     0</i>
  <separator name="electronic exchange-correlation" >
   <i type="string" name="GGA">--</i>
   <i type="int" name="VOSKOWN">     1</i>
   <i type="logical" name="LHFCALC"> F  </i>
   <i type="string" name="PRECFOCK"></i>
   <i type="logical" name="LSYMGRAD"> F  </i>
   <i type="logical" name="LHFONE"> F  </i>
   <i type="logical" name="LRHFCALC"> F  </i>
   <i type="logical" name="LTHOMAS"> F  </i>
   <i type="logical" name="LMODELHF"> F  </i>
   <i name="ENCUT4O">     -1.00000000</i>
   <i type="int" name="EXXOEP">     0</i>
   <i type="int" name="FOURORBIT">     0</i>
   <i name="AEXX">      0.00000000</i>
   <i name="HFALPHA">      0.00000000</i>
   <i name="MCALPHA">      0.00000000</i>
   <i name="ALDAX">      1.00000000</i>
   <i name="AGGAX">      1.00000000</i>
   <i name="ALDAC">      1.00000000</i>
   <i name="AGGAC">      1.00000000</i>
   <i type="int" name="NKREDX">     1</i>
   <i type="int" name="NKREDY">     1</i>
   <i type="int" name="NKREDZ">     1</i>
   <i type="logical" name="SHIFTRED"> F  </i>
   <i type="logical" name="ODDONLY"> F  </i>
   <i type="logical" name="EVENONLY"> F  </i>
   <i type="int" name="LMAXFOCK">     0</i>
   <i type="int" name="NMAXFOCKAE">     0</i>
   <i type="logical" name="LFOCKAEDFT"> F  </i>
   <i name="HFSCREEN">      0.00000000</i>
   <i name="HFSCREENC">      0.00000000</i>
   <i type="int" name="NBANDSGWLOW">     0</i>
  </separator>
  <separator name="vdW DFT" >
   <i type="logical" name="LUSE_VDW"> F  </i>
   <i name="Zab_VDW">     -0.84910000</i>
   <i name="PARAM1">      0.12340000</i>
   <i name="PARAM2">      1.00000000</i>
   <i name="PARAM3">      0.00000000</i>
  </separator>
  <separator name="model GW" >
   <i type="int" name="MODEL_GW">     0</i>
   <i name="MODEL_EPS0">     16.22758739</i>
   <i name="MODEL_ALPHA">      1.00000000</i>
  </separator>
  <separator name="linear response parameters" >
   <i type="logical" name="LEPSILON"> F  </i>
   <i type="logical" name="LRPA"> F  </i>
   <i type="logical" name="LNABLA"> F  </i>
   <i type="logical" name="LVEL"> F  </i>
   <i type="int" name="KINTER">     0</i>
   <i name="CSHIFT">      0.10000000</i>
   <i name="OMEGAMAX">     -1.00000000</i>
   <i name="DEG_THRESHOLD">      0.00200000</i>
  </separator>
  <separator name="orbital magnetization" >
   <i type="logical" name="NUCIND"> F  </i>
   <v name="MAGPOS">      0.00000000      0.00000000      0.00000000</v>
   <i type="logical" name="LNICSALL"> T  </i>
   <i type="logical" name="ORBITALMAG"> F  </i>
   <i type="logical" name="LMAGBLOCH"> F  </i>
   <i type="logical" name="LCHIMAG"> F  </i>
   <i type="logical" name="LGAUGE"> T  </i>
   <i type="int" name="MAGATOM">     0</i>
   <v name="MAGDIPOL">      0.00000000      0.00000000      0.00000000</v>
   <v name="AVECCONST">      0.00000000      0.00000000      0.00000000</v>
  </separator>
  <separator name="response functions" >
   <i type="logical" name="LADDER"> F  </i>
   <i type="logical" name="LFXC"> F  </i>
   <i type="logical" name="LHARTREE"> T  </i>
   <i type="int" name="IBSE">     0</i>
   <i type="logical" name="LTCTE"> F  </i>
   <i type="logical" name="LTETE"> F  </i>
   <i type="logical" name="LTRIPLET"> F  </i>
   <i type="logical" name="LFXCEPS"> F  </i>
   <i type="logical" name="L2ORDER"> F  </i>
   <i type="logical" name="LUSEW"> F  </i>
   <i name="ENCUTGW">     -2.00000000</i>
   <i name="ENCUTGWSOFT">     -2.00000000</i>
   <i name="ENCUTLF">     -1.00000000</i>
   <i type="int" name="LMAXMP2">    -1</i>
   <i name="SCISSOR">      0.00000000</i>
   <i type="int" name="NOMEGA">     0</i>
   <i type="int" name="NOMEGAR">     0</i>
   <i type="int" name="NBANDSGW">    -1</i>
   <i type="int" name="NBANDSO">    -1</i>
   <i type="int" name="NBANDSV">    -1</i>
   <i type="int" name="NELM">    60</i>
   <i type="int" name="DIM">     3</i>
   <i type="int" name="ANTIRES">     0</i>
   <i name="OMEGAMAX">    -30.00000000</i>
   <i name="OMEGATL">   -200.00000000</i>
   <i type="int" name="OMEGAGRID">     0</i>
   <i name="CSHIFT">     -0.10000000</i>
   <i type="logical" name="SELFENERGY"> F  </i>
   <i type="logical" name="LSPECTRAL"> F  </i>
   <i type="logical" name="ODDONLYGW"> F  </i>
   <i type="logical" name="EVENONLYGW"> F  </i>
   <i type="int" name="NKREDLFX">     1</i>
   <i type="int" name="NKREDLFY">     1</i>
   <i type="int" name="NKREDLFZ">     1</i>
   <i type="int" name="MAXMEM">  1800</i>
   <i type="int" name="TELESCOPE">     0</i>
  </separator>
 </parameters>
 <atominfo>
  <atoms>       4 </atoms>
  <types>       1 </types>
  <array name="atoms" >
   <dimension dim="1">ion</dimension>
   <field type="string">element</field>
   <field type="int">atomtype</field>
   <set>
    <rc><c>Sn</c><c>   1</c></rc>
    <rc><c>Sn</c><c>   1</c></rc>
    <rc><c>Sn</c><c>   1</c></rc>
    <rc><c>Sn</c><c>   1</c></rc>
   </set>
  </array>
  <array name="atomtypes" >
   <dimension dim="1">type</dimension>
   <field type="int">atomspertype</field>
   <field type="string">element</field>
   <field>mass</field>
   <field>valence</field>
   <field type="string">pseudopotential</field>
   <set>
    <rc><c>   4</c><c>Sn</c><c>    118.71000000</c><c>     14.00000000</c><c> PAW_PBE Sn_d 06Sep2000                 </c></rc>
   </set>
  </array>
 </atominfo>
 <structure name="initialpos" >
  <crystal>
   <varray name="basis" >
    <v>       5.83130000       0.00000000       0.00000000 </v>
    <v>       0.00000000       5.83130000       0.00000000 </v>
    <v>       0.00000000       0.00000000       3.18150000 </v>
   </varray>
   <i name="volume">    108.18391590 </i>
   <varray name="rec_basis" >
    <v>       0.17148835       0.00000000       0.00000000 </v>
    <v>       0.00000000       0.17148835       0.00000000 </v>
    <v>       0.00000000       0.00000000       0.31431715 </v>
   </varray>
  </crystal>
  <varray name="positions" >
   <v>       0.00000000       0.75000000       0.12500000 </v>
   <v>       0.00000000       0.25000000       0.87500000 </v>
   <v>       0.50000000       0.25000000       0.62500000 </v>
   <v>       0.50000000       0.75000000       0.37500000 </v>
  </varray>
 </structure>
 <calculation>
  <scstep>
   <time name="dav">    0.53    0.56</time>
   <time name="total">    0.67    0.70</time>
   <energy>
    <i name="alphaZ">    165.15909015 </i>
    <i name="ewald">  -5374.96529713 </i>
    <i name="hartreedc">  -1990.89442271 </i>
    <i name="XCdc">    227.96367290 </i>
    <i name="pawpsdc">   5488.21437192 </i>
    <i name="pawaedc">  -5636.81509254 </i>
    <i name="eentropy">      0.00318469 </i>
    <i name="bandstr">    -16.32839631 </i>
    <i name="atom">   7572.29571107 </i>
    <i name="e_fr_energy">    434.63282205 </i>
    <i name="e_wo_entrp">    434.62963736 </i>
    <i name="e_0_energy">    434.63176049 </i>
   </energy>
  </scstep>
  <scstep>
   <time name="dav">    0.57    0.57</time>
   <time name="total">    0.58    0.58</time>
   <energy>
    <i name="e_fr_energy">     31.99037722 </i>
    <i name="e_wo_entrp">     32.00051276 </i>
    <i name="e_0_energy">     31.99375573 </i>
   </energy>
  </scstep>
  <scstep>
   <time name="dav">    0.51    0.51</time>
   <time name="total">    0.51    0.52</time>
   <energy>
    <i name="e_fr_energy">    -14.40369566 </i>
    <i name="e_wo_entrp">    -14.38819964 </i>
    <i name="e_0_energy">    -14.39853032 </i>
   </energy>
  </scstep>
  <scstep>
   <time name="dav">    0.48    0.48</time>
   <time name="total">    0.48    0.48</time>
   <energy>
    <i name="e_fr_energy">    -15.77637784 </i>
    <i name="e_wo_entrp">    -15.76093198 </i>
    <i name="e_0_energy">    -15.77122922 </i>
   </energy>
  </scstep>
  <scstep>
   <time name="dav">    0.58    0.58</time>
   <time name="total">    0.60    0.61</time>
   <energy>
    <i name="e_fr_energy">    -15.82146988 </i>
    <i name="e_wo_entrp">    -15.80603154 </i>
    <i name="e_0_energy">    -15.81632377 </i>
   </energy>
  </scstep>
  <scstep>
   <time name="dav">    0.54    0.56</time>
   <time name="total">    0.58    0.59</time>
   <energy>
    <i name="e_fr_energy">    -15.78568069 </i>
    <i name="e_wo_entrp">    -15.77056270 </i>
    <i name="e_0_energy">    -15.78064136 </i>
   </energy>
  </scstep>
  <scstep>
   <time name="dav">    0.58    0.58</time>
   <time name="total">    0.62    0.63</time>
   <energy>
    <i name="e_fr_energy">    -15.77564425 </i>
    <i name="e_wo_entrp">    -15.76093483 </i>
    <i name="e_0_energy">    -15.77074111 </i>
   </energy>
  </scstep>
  <scstep>
   <time name="dav">    0.50    0.52</time>
   <time name="total">    0.54    0.55</time>
   <energy>
    <i name="e_fr_energy">    -15.77565345 </i>
    <i name="e_wo_entrp">    -15.76099596 </i>
    <i name="e_0_energy">    -15.77076762 </i>
   </energy>
  </scstep>
  <scstep>
   <time name="dav">    0.59    0.59</time>
   <time name="total">    0.62    0.63</time>
   <energy>
    <i name="e_fr_energy">    -15.77566787 </i>
    <i name="e_wo_entrp">    -15.76100469 </i>
    <i name="e_0_energy">    -15.77078015 </i>
   </energy>
  </scstep>
  <scstep>
   <time name="dav">    0.39    0.40</time>
   <time name="total">    0.40    0.42</time>
   <energy>
    <i name="alphaZ">    165.15909015 </i>
    <i name="ewald">  -5374.96529713 </i>
    <i name="hartreedc">  -1969.85087545 </i>
    <i name="XCdc">    227.11008391 </i>
    <i name="pawpsdc">   5606.15890784 </i>
    <i name="pawaedc">  -5759.49381765 </i>
    <i name="eentropy">     -0.01466865 </i>
    <i name="bandstr">   -482.17479429 </i>
    <i name="atom">   7572.29571107 </i>
    <i name="e_fr_energy">    -15.77566021 </i>
    <i name="e_wo_entrp">    -15.76099156 </i>
    <i name="e_0_energy">    -15.77077066 </i>
   </energy>
  </scstep>
  <structure>
   <crystal>
    <varray name="basis" >
     <v>       5.83130000       0.00000000       0.00000000 </v>
     <v>       0.00000000       5.83130000       0.00000000 </v>
     <v>       0.00000000       0.00000000       3.18150000 </v>
    </varray>
    <i name="volume">    108.18391590 </i>
    <varray name="rec_basis" >
     <v>       0.17148835       0.00000000       0.00000000 </v>
     <v>       0.00000000       0.17148835       0.00000000 </v>
     <v>       0.00000000       0.00000000       0.31431715 </v>
    </varray>
   </crystal>
   <varray name="positions" >
    <v>       0.00000000       0.75000000       0.12500000 </v>
    <v>       0.00000000       0.25000000       0.87500000 </v>
    <v>       0.50000000       0.25000000       0.62500000 </v>
    <v>       0.50000000       0.75000000       0.37500000 </v>
   </varray>
  </structure>
  <varray name="forces" >
   <v>       0.00000000       0.00000000      -0.00000000 </v>
   <v>      -0.00000000       0.00000000       0.00000000 </v>
   <v>       0.00000000       0.00000000      -0.00000000 </v>
   <v>      -0.00000000      -0.00000000       0.00000000 </v>
  </varray>
  <varray name="stress" >
   <v>      18.49767192      -0.00000000       0.00000000 </v>
   <v>      -0.00000000      18.49767192      -0.00000000 </v>
   <v>      -0.00000000       0.00000000      25.93633662 </v>
  </varray>
  <energy>
   <i name="e_fr_energy">    -15.77566021 </i>
   <i name="e_wo_entrp">    -15.77077066 </i>
   <i name="e_0_energy">     -0.01466865 </i>
  </energy>
  <time name="totalsc">    5.82    5.93</time>
  <eigenvalues>
   <array>
    <dimension dim="1">band</dimension>
    <dimension dim="2">kpoint</dimension>
    <dimension dim="3">spin</dimension>
    <field>eigene</field>
    <field>occ</field>
    <set>
     <set comment="spin 1">
      <set comment="kpoint 1">
       <r>  -13.6791    1.0000 </r>
       <r>  -13.6264    1.0000 </r>
       <r>  -13.6264    1.0000 </r>
       <r>  -13.6181    1.0000 </r>
       <r>  -13.5638    1.0000 </r>
       <r>  -13.5531    1.0000 </r>
       <r>  -13.4160    1.0000 </r>
       <r>  -13.4160    1.0000 </r>
       <r>  -13.4080    1.0000 </r>
       <r>  -13.4080    1.0000 </r>
       <r>  -13.4051    1.0000 </r>
       <r>  -13.4051    1.0000 </r>
       <r>  -13.4015    1.0000 </r>
       <r>  -13.4015    1.0000 </r>
       <r>  -13.3971    1.0000 </r>
       <r>  -13.3971    1.0000 </r>
       <r>  -13.3925    1.0000 </r>
       <r>  -13.3925    1.0000 </r>
       <r>  -13.2908    1.0000 </r>
       <r>  -13.1793    1.0000 </r>
       <r>   -3.1079    1.0000 </r>
       <r>    0.5045    1.0000 </r>
       <r>    0.5045    1.0000 </r>
       <r>    3.2131    1.0000 </r>
       <r>    3.2131    1.0000 </r>
       <r>    4.4569    1.0000 </r>
       <r>    6.0568    1.0000 </r>
       <r>    6.0568    1.0000 </r>
       <r>   11.0113   -0.0000 </r>
       <r>   13.0528   -0.0000 </r>
       <r>   13.0528   -0.0000 </r>
       <r>   14.3027    0.0000 </r>
       <r>   14.3027    0.0000 </r>
       <r>   14.8796    0.0000 </r>
       <r>   14.9783    0.0000 </r>
       <r>   17.4951    0.0000 </r>
       <r>   17.4951    0.0000 </r>
       <r>   17.9049    0.0000 </r>
       <r>   18.5583    0.0000 </r>
       <r>   19.2354    0.0000 </r>
       <r>   19.3242    0.0000 </r>
       <r>   19.3242    0.0000 </r>
       <r>   19.4044    0.0000 </r>
       <r>   19.4044    0.0000 </r>
       <r>   19.8131    0.0000 </r>
       <r>   20.6411    0.0000 </r>
       <r>   20.6411    0.0000 </r>
       <r>   21.2484    0.0000 </r>
      </set>
      <set comment="kpoint 2">
       <r>  -13.6396    1.0000 </r>
       <r>  -13.6291    1.0000 </r>
       <r>  -13.6194    1.0000 </r>
       <r>  -13.6188    1.0000 </r>
       <r>  -13.5878    1.0000 </r>
       <r>  -13.5234    1.0000 </r>
       <r>  -13.5172    1.0000 </r>
       <r>  -13.4440    1.0000 </r>
       <r>  -13.4154    1.0000 </r>
       <r>  -13.4069    1.0000 </r>
       <r>  -13.4059    1.0000 </r>
       <r>  -13.4019    1.0000 </r>
       <r>  -13.4001    1.0000 </r>
       <r>  -13.3980    1.0000 </r>
       <r>  -13.3719    1.0000 </r>
       <r>  -13.3676    1.0000 </r>
       <r>  -13.3551    1.0000 </r>
       <r>  -13.3288    1.0000 </r>
       <r>  -13.3166    1.0000 </r>
       <r>  -13.2264    1.0000 </r>
       <r>   -2.6047    1.0000 </r>
       <r>   -1.1207    1.0000 </r>
       <r>    0.9962    1.0000 </r>
       <r>    2.4966    1.0000 </r>
       <r>    3.7048    1.0000 </r>
       <r>    5.0091    1.0000 </r>
       <r>    5.8817    1.0000 </r>
       <r>    9.1130   -0.0000 </r>
       <r>   10.3586   -0.0000 </r>
       <r>   12.9233   -0.0000 </r>
       <r>   13.1871   -0.0000 </r>
       <r>   13.4159   -0.0000 </r>
       <r>   14.0032    0.0000 </r>
       <r>   14.3585    0.0000 </r>
       <r>   14.3847    0.0000 </r>
       <r>   14.8550    0.0000 </r>
       <r>   16.3189    0.0000 </r>
       <r>   16.8066    0.0000 </r>
       <r>   18.5983    0.0000 </r>
       <r>   18.7202    0.0000 </r>
       <r>   18.7286    0.0000 </r>
       <r>   19.6663    0.0000 </r>
       <r>   19.7444    0.0000 </r>
       <r>   19.7451    0.0000 </r>
       <r>   19.7638    0.0000 </r>
       <r>   19.8208    0.0000 </r>
       <r>   21.0331    0.0000 </r>
       <r>   21.0661    0.0000 </r>
      </set>
      <set comment="kpoint 3">
       <r>  -13.6261    1.0000 </r>
       <r>  -13.6232    1.0000 </r>
       <r>  -13.6232    1.0000 </r>
       <r>  -13.6022    1.0000 </r>
       <r>  -13.5964    1.0000 </r>
       <r>  -13.5013    1.0000 </r>
       <r>  -13.5013    1.0000 </r>
       <r>  -13.4837    1.0000 </r>
       <r>  -13.4534    1.0000 </r>
       <r>  -13.4176    1.0000 </r>
       <r>  -13.4176    1.0000 </r>
       <r>  -13.3858    1.0000 </r>
       <r>  -13.3765    1.0000 </r>
       <r>  -13.3694    1.0000 </r>
       <r>  -13.3694    1.0000 </r>
       <r>  -13.3616    1.0000 </r>
       <r>  -13.3404    1.0000 </r>
       <r>  -13.3305    1.0000 </r>
       <r>  -13.3305    1.0000 </r>
       <r>  -13.2606    1.0000 </r>
       <r>   -2.1025    1.0000 </r>
       <r>   -0.6228    1.0000 </r>
       <r>   -0.6228    1.0000 </r>
       <r>    0.8502    1.0000 </r>
       <r>    6.3610    1.0000 </r>
       <r>    6.3610    1.0000 </r>
       <r>    7.2324    1.0000 </r>
       <r>    8.3560    0.0406 </r>
       <r>   10.4940   -0.0000 </r>
       <r>   11.2669   -0.0000 </r>
       <r>   12.2927   -0.0000 </r>
       <r>   12.2927   -0.0000 </r>
       <r>   13.7961    0.0000 </r>
       <r>   13.7961    0.0000 </r>
       <r>   14.1967    0.0000 </r>
       <r>   14.3021    0.0000 </r>
       <r>   15.0515    0.0000 </r>
       <r>   17.7371    0.0000 </r>
       <r>   17.8328    0.0000 </r>
       <r>   18.2444    0.0000 </r>
       <r>   18.2444    0.0000 </r>
       <r>   19.1132    0.0000 </r>
       <r>   19.1132    0.0000 </r>
       <r>   21.5090    0.0000 </r>
       <r>   21.8837    0.0000 </r>
       <r>   21.9583    0.0000 </r>
       <r>   22.1253    0.0000 </r>
       <r>   22.9062    0.0000 </r>
      </set>
      <set comment="kpoint 4">
       <r>  -13.6616    1.0000 </r>
       <r>  -13.5759    1.0000 </r>
       <r>  -13.5395    1.0000 </r>
       <r>  -13.5308    1.0000 </r>
       <r>  -13.5116    1.0000 </r>
       <r>  -13.4684    1.0000 </r>
       <r>  -13.4684    1.0000 </r>
       <r>  -13.4607    1.0000 </r>
       <r>  -13.4607    1.0000 </r>
       <r>  -13.4391    1.0000 </r>
       <r>  -13.4275    1.0000 </r>
       <r>  -13.4240    1.0000 </r>
       <r>  -13.4240    1.0000 </r>
       <r>  -13.4209    1.0000 </r>
       <r>  -13.4209    1.0000 </r>
       <r>  -13.3905    1.0000 </r>
       <r>  -13.3608    1.0000 </r>
       <r>  -13.3195    1.0000 </r>
       <r>  -13.2981    1.0000 </r>
       <r>  -13.1946    1.0000 </r>
       <r>   -2.1481    1.0000 </r>
       <r>    1.1559    1.0000 </r>
       <r>    1.5301    1.0000 </r>
       <r>    4.1991    1.0000 </r>
       <r>    4.1991    1.0000 </r>
       <r>    5.2663    1.0000 </r>
       <r>    6.7144    1.0000 </r>
       <r>    6.8820    1.0000 </r>
       <r>    6.8820    1.0000 </r>
       <r>    9.8320   -0.0000 </r>
       <r>    9.8383   -0.0000 </r>
       <r>   11.8148   -0.0000 </r>
       <r>   12.6019   -0.0000 </r>
       <r>   12.6019   -0.0000 </r>
       <r>   13.3304   -0.0000 </r>
       <r>   15.4535    0.0000 </r>
       <r>   15.4535    0.0000 </r>
       <r>   16.4434    0.0000 </r>
       <r>   16.4434    0.0000 </r>
       <r>   18.4221    0.0000 </r>
       <r>   18.4304    0.0000 </r>
       <r>   19.4287    0.0000 </r>
       <r>   19.4287    0.0000 </r>
       <r>   19.5986    0.0000 </r>
       <r>   21.7101    0.0000 </r>
       <r>   22.0894    0.0000 </r>
       <r>   22.0894    0.0000 </r>
       <r>   22.6594    0.0000 </r>
      </set>
      <set comment="kpoint 5">
       <r>  -13.6318    1.0000 </r>
       <r>  -13.5808    1.0000 </r>
       <r>  -13.5496    1.0000 </r>
       <r>  -13.5348    1.0000 </r>
       <r>  -13.5085    1.0000 </r>
       <r>  -13.5084    1.0000 </r>
       <r>  -13.5070    1.0000 </r>
       <r>  -13.4766    1.0000 </r>
       <r>  -13.4574    1.0000 </r>
       <r>  -13.4319    1.0000 </r>
       <r>  -13.4250    1.0000 </r>
       <r>  -13.4233    1.0000 </r>
       <r>  -13.4027    1.0000 </r>
       <r>  -13.3986    1.0000 </r>
       <r>  -13.3856    1.0000 </r>
       <r>  -13.3602    1.0000 </r>
       <r>  -13.3591    1.0000 </r>
       <r>  -13.3213    1.0000 </r>
       <r>  -13.3007    1.0000 </r>
       <r>  -13.2308    1.0000 </r>
       <r>   -1.6486    1.0000 </r>
       <r>   -0.1959    1.0000 </r>
       <r>    1.8370    1.0000 </r>
       <r>    3.3350    1.0000 </r>
       <r>    4.6689    1.0000 </r>
       <r>    5.9081    1.0000 </r>
       <r>    6.3696    1.0000 </r>
       <r>    7.5930    1.0000 </r>
       <r>    8.2782    0.2513 </r>
       <r>    9.6875   -0.0000 </r>
       <r>   10.5369   -0.0000 </r>
       <r>   11.5379   -0.0000 </r>
       <r>   11.7236   -0.0000 </r>
       <r>   12.7112   -0.0000 </r>
       <r>   14.0388    0.0000 </r>
       <r>   14.1441    0.0000 </r>
       <r>   14.5040    0.0000 </r>
       <r>   15.7864    0.0000 </r>
       <r>   16.9200    0.0000 </r>
       <r>   17.7121    0.0000 </r>
       <r>   18.3039    0.0000 </r>
       <r>   18.8983    0.0000 </r>
       <r>   19.3001    0.0000 </r>
       <r>   19.6639    0.0000 </r>
       <r>   20.7055    0.0000 </r>
       <r>   20.7736    0.0000 </r>
       <r>   22.7423    0.0000 </r>
       <r>   22.8303    0.0000 </r>
      </set>
      <set comment="kpoint 6">
       <r>  -13.6091    1.0000 </r>
       <r>  -13.5812    1.0000 </r>
       <r>  -13.5534    1.0000 </r>
       <r>  -13.5506    1.0000 </r>
       <r>  -13.5186    1.0000 </r>
       <r>  -13.5148    1.0000 </r>
       <r>  -13.5023    1.0000 </r>
       <r>  -13.4903    1.0000 </r>
       <r>  -13.4706    1.0000 </r>
       <r>  -13.4338    1.0000 </r>
       <r>  -13.3975    1.0000 </r>
       <r>  -13.3970    1.0000 </r>
       <r>  -13.3929    1.0000 </r>
       <r>  -13.3865    1.0000 </r>
       <r>  -13.3793    1.0000 </r>
       <r>  -13.3611    1.0000 </r>
       <r>  -13.3476    1.0000 </r>
       <r>  -13.3472    1.0000 </r>
       <r>  -13.2991    1.0000 </r>
       <r>  -13.2583    1.0000 </r>
       <r>   -1.1501    1.0000 </r>
       <r>    0.2503    1.0000 </r>
       <r>    0.3563    1.0000 </r>
       <r>    1.7575    1.0000 </r>
       <r>    6.5381    1.0000 </r>
       <r>    7.2680    1.0000 </r>
       <r>    7.5555    1.0000 </r>
       <r>    8.2789    0.2490 </r>
       <r>    8.5773   -0.0142 </r>
       <r>    9.2243   -0.0000 </r>
       <r>    9.5943   -0.0000 </r>
       <r>   10.2444   -0.0000 </r>
       <r>   11.8573   -0.0000 </r>
       <r>   11.9895   -0.0000 </r>
       <r>   13.2623   -0.0000 </r>
       <r>   13.2956   -0.0000 </r>
       <r>   15.2613    0.0000 </r>
       <r>   16.2746    0.0000 </r>
       <r>   16.7089    0.0000 </r>
       <r>   16.9352    0.0000 </r>
       <r>   17.5594    0.0000 </r>
       <r>   19.2329    0.0000 </r>
       <r>   20.2223    0.0000 </r>
       <r>   20.5330    0.0000 </r>
       <r>   20.8828    0.0000 </r>
       <r>   21.0756    0.0000 </r>
       <r>   21.5767    0.0000 </r>
       <r>   23.0446    0.0000 </r>
      </set>
      <set comment="kpoint 7">
       <r>  -13.6107    1.0000 </r>
       <r>  -13.6107    1.0000 </r>
       <r>  -13.5178    1.0000 </r>
       <r>  -13.5178    1.0000 </r>
       <r>  -13.5178    1.0000 </r>
       <r>  -13.5178    1.0000 </r>
       <r>  -13.4832    1.0000 </r>
       <r>  -13.4832    1.0000 </r>
       <r>  -13.4538    1.0000 </r>
       <r>  -13.4538    1.0000 </r>
       <r>  -13.4538    1.0000 </r>
       <r>  -13.4538    1.0000 </r>
       <r>  -13.4304    1.0000 </r>
       <r>  -13.4304    1.0000 </r>
       <r>  -13.3222    1.0000 </r>
       <r>  -13.3222    1.0000 </r>
       <r>  -13.2877    1.0000 </r>
       <r>  -13.2877    1.0000 </r>
       <r>  -13.2270    1.0000 </r>
       <r>  -13.2270    1.0000 </r>
       <r>    0.5563    1.0000 </r>
       <r>    0.5563    1.0000 </r>
       <r>    4.4188    1.0000 </r>
       <r>    4.4188    1.0000 </r>
       <r>    5.1788    1.0000 </r>
       <r>    5.1788    1.0000 </r>
       <r>    6.6789    1.0000 </r>
       <r>    6.6789    1.0000 </r>
       <r>    6.6789    1.0000 </r>
       <r>    6.6789    1.0000 </r>
       <r>    8.5246   -0.0258 </r>
       <r>    8.5246   -0.0258 </r>
       <r>   11.4522   -0.0000 </r>
       <r>   11.4522   -0.0000 </r>
       <r>   11.4522   -0.0000 </r>
       <r>   11.4522   -0.0000 </r>
       <r>   14.2637    0.0000 </r>
       <r>   14.2637    0.0000 </r>
       <r>   19.0254    0.0000 </r>
       <r>   19.0254    0.0000 </r>
       <r>   19.0254    0.0000 </r>
       <r>   19.0254    0.0000 </r>
       <r>   20.4751    0.0000 </r>
       <r>   20.4751    0.0000 </r>
       <r>   21.3982    0.0000 </r>
       <r>   21.3982    0.0000 </r>
       <r>   23.9818    0.0000 </r>
       <r>   23.9818    0.0000 </r>
      </set>
      <set comment="kpoint 8">
       <r>  -13.6164    1.0000 </r>
       <r>  -13.6164    1.0000 </r>
       <r>  -13.5279    1.0000 </r>
       <r>  -13.5279    1.0000 </r>
       <r>  -13.5243    1.0000 </r>
       <r>  -13.5243    1.0000 </r>
       <r>  -13.4919    1.0000 </r>
       <r>  -13.4919    1.0000 </r>
       <r>  -13.4580    1.0000 </r>
       <r>  -13.4580    1.0000 </r>
       <r>  -13.4539    1.0000 </r>
       <r>  -13.4539    1.0000 </r>
       <r>  -13.3610    1.0000 </r>
       <r>  -13.3610    1.0000 </r>
       <r>  -13.3377    1.0000 </r>
       <r>  -13.3377    1.0000 </r>
       <r>  -13.2884    1.0000 </r>
       <r>  -13.2884    1.0000 </r>
       <r>  -13.2434    1.0000 </r>
       <r>  -13.2434    1.0000 </r>
       <r>    0.9256    1.0000 </r>
       <r>    0.9256    1.0000 </r>
       <r>    3.0628    1.0000 </r>
       <r>    3.0628    1.0000 </r>
       <r>    5.3632    1.0000 </r>
       <r>    5.3632    1.0000 </r>
       <r>    6.8327    1.0000 </r>
       <r>    6.8327    1.0000 </r>
       <r>    6.8712    1.0000 </r>
       <r>    6.8712    1.0000 </r>
       <r>    9.6215   -0.0000 </r>
       <r>    9.6215   -0.0000 </r>
       <r>   10.5078   -0.0000 </r>
       <r>   10.5078   -0.0000 </r>
       <r>   13.2500   -0.0000 </r>
       <r>   13.2500   -0.0000 </r>
       <r>   15.2252    0.0000 </r>
       <r>   15.2252    0.0000 </r>
       <r>   16.3711    0.0000 </r>
       <r>   16.3711    0.0000 </r>
       <r>   18.9119    0.0000 </r>
       <r>   18.9119    0.0000 </r>
       <r>   19.1121    0.0000 </r>
       <r>   19.1121    0.0000 </r>
       <r>   20.5449    0.0000 </r>
       <r>   20.5449    0.0000 </r>
       <r>   21.3654    0.0000 </r>
       <r>   21.3654    0.0000 </r>
      </set>
      <set comment="kpoint 9">
       <r>  -13.6199    1.0000 </r>
       <r>  -13.6199    1.0000 </r>
       <r>  -13.5548    1.0000 </r>
       <r>  -13.5548    1.0000 </r>
       <r>  -13.5233    1.0000 </r>
       <r>  -13.5233    1.0000 </r>
       <r>  -13.5015    1.0000 </r>
       <r>  -13.5015    1.0000 </r>
       <r>  -13.4517    1.0000 </r>
       <r>  -13.4517    1.0000 </r>
       <r>  -13.3907    1.0000 </r>
       <r>  -13.3907    1.0000 </r>
       <r>  -13.3659    1.0000 </r>
       <r>  -13.3659    1.0000 </r>
       <r>  -13.3445    1.0000 </r>
       <r>  -13.3445    1.0000 </r>
       <r>  -13.2875    1.0000 </r>
       <r>  -13.2875    1.0000 </r>
       <r>  -13.2616    1.0000 </r>
       <r>  -13.2616    1.0000 </r>
       <r>    1.3257    1.0000 </r>
       <r>    1.3257    1.0000 </r>
       <r>    2.8851    1.0000 </r>
       <r>    2.8851    1.0000 </r>
       <r>    4.1789    1.0000 </r>
       <r>    4.1789    1.0000 </r>
       <r>    5.5736    1.0000 </r>
       <r>    5.5736    1.0000 </r>
       <r>    9.6528   -0.0000 </r>
       <r>    9.6528   -0.0000 </r>
       <r>   10.0158   -0.0000 </r>
       <r>   10.0158   -0.0000 </r>
       <r>   12.3417   -0.0000 </r>
       <r>   12.3417   -0.0000 </r>
       <r>   12.3425   -0.0000 </r>
       <r>   12.3425   -0.0000 </r>
       <r>   14.8948    0.0000 </r>
       <r>   14.8948    0.0000 </r>
       <r>   15.6785    0.0000 </r>
       <r>   15.6785    0.0000 </r>
       <r>   17.0936    0.0000 </r>
       <r>   17.0936    0.0000 </r>
       <r>   17.2569    0.0000 </r>
       <r>   17.2569    0.0000 </r>
       <r>   19.3571    0.0000 </r>
       <r>   19.3571    0.0000 </r>
       <r>   22.9720    0.0000 </r>
       <r>   22.9837    0.0000 </r>
      </set>
     </set>
    </set>
   </array>
  </eigenvalues>
  <separator name="orbital magnetization" >
   <v name="MAGDIPOLOUT">      0.00000000      0.00000000      0.00000000</v>
  </separator>
 </calculation>
 <structure name="finalpos" >
  <crystal>
   <varray name="basis" >
    <v>       5.83130000       0.00000000       0.00000000 </v>
    <v>       0.00000000       5.83130000       0.00000000 </v>
    <v>       0.00000000       0.00000000       3.18150000 </v>
   </varray>
   <i name="volume">    108.18391590 </i>
   <varray name="rec_basis" >
    <v>       0.17148835       0.00000000       0.00000000 </v>
    <v>       0.00000000       0.17148835       0.00000000 </v>
    <v>       0.00000000       0.00000000       0.31431715 </v>
   </varray>
  </crystal>
  <varray name="positions" >
   <v>       0.00000000       0.75000000       0.12500000 </v>
   <v>       0.00000000       0.25000000       0.87500000 </v>
   <v>       0.50000000       0.25000000       0.62500000 </v>
   <v>       0.50000000       0.75000000       0.37500000 </v>
  </varray>
 </structure>
</modeling>
