<?xml version="1.0" encoding="ISO-8859-1"?>
<modeling>
 <generator>
  <i name="program" type="string">vasp </i>
  <i name="version" type="string">5.3.3  </i>
  <i name="subversion" type="string">18Dez12 (build Jul  9 2013 10:45:47) complex                          parallel </i>
  <i name="platform" type="string">LinuxIFC </i>
  <i name="date" type="string">2015 07 13 </i>
  <i name="time" type="string">04:37:53 </i>
 </generator>
 <incar>
  <i type="string" name="SYSTEM"> (Sn)4  (P1) ~ POSCAR_2x2x2_1 (VASP)</i>
  <i type="int" name="ISTART">     0</i>
  <i type="string" name="PREC">normal</i>
  <i type="string" name="ALGO"> Normal (blocked Davidson)</i>
  <i type="logical" name="ADDGRID"> F  </i>
  <i type="int" name="ISPIN">     1</i>
  <i type="int" name="ICHARG">     2</i>
  <i type="int" name="INIWAV">     1</i>
  <i type="int" name="NELM">    60</i>
  <i type="int" name="NELMIN">     2</i>
  <i type="int" name="IBRION">    -1</i>
  <i name="EDIFF">      0.00001000</i>
  <i name="EDIFFG">     -0.02000000</i>
  <i type="int" name="NSW">     0</i>
  <i type="int" name="NBLOCK">     1</i>
  <i name="ENCUT">    450.00000000</i>
  <v name="RWIGS">      1.41000000</v>
  <i type="logical" name="LREAL"> F  </i>
  <i type="int" name="ISMEAR">     1</i>
  <i name="SIGMA">      0.20000000</i>
  <i type="logical" name="LWAVE"> F  </i>
  <i type="logical" name="LCHARG"> F  </i>
  <i type="int" name="NELM">    60</i>
  <i type="int" name="VOSKOWN">     1</i>
 </incar>
 <kpoints>
  <generation param="Gamma">
   <v type="int" name="divisions">       4        4        6 </v>
   <v name="usershift">      0.00000000       0.00000000       0.00000000 </v>
   <v name="genvec1">      0.25000000       0.00000000       0.00000000 </v>
   <v name="genvec2">      0.00000000       0.25000000       0.00000000 </v>
   <v name="genvec3">      0.00000000       0.00000000       0.16666667 </v>
   <v name="shift">      0.00000000       0.00000000       0.00000000 </v>
  </generation>
  <varray name="kpointlist" >
   <v>       0.00000000       0.00000000       0.00000000 </v>
   <v>       0.25000000       0.00000000       0.00000000 </v>
   <v>       0.50000000       0.00000000       0.00000000 </v>
   <v>       0.25000000       0.25000000       0.00000000 </v>
   <v>       0.50000000       0.25000000       0.00000000 </v>
   <v>       0.50000000       0.50000000       0.00000000 </v>
   <v>       0.00000000       0.00000000       0.16666667 </v>
   <v>       0.25000000       0.00000000       0.16666667 </v>
   <v>       0.50000000       0.00000000       0.16666667 </v>
   <v>       0.25000000       0.25000000       0.16666667 </v>
   <v>       0.50000000       0.25000000       0.16666667 </v>
   <v>       0.50000000       0.50000000       0.16666667 </v>
   <v>       0.00000000       0.00000000       0.33333333 </v>
   <v>       0.25000000       0.00000000       0.33333333 </v>
   <v>       0.50000000       0.00000000       0.33333333 </v>
   <v>       0.25000000       0.25000000       0.33333333 </v>
   <v>       0.50000000       0.25000000       0.33333333 </v>
   <v>       0.50000000       0.50000000       0.33333333 </v>
   <v>       0.00000000       0.00000000       0.50000000 </v>
   <v>       0.25000000       0.00000000       0.50000000 </v>
   <v>       0.50000000       0.00000000       0.50000000 </v>
   <v>       0.25000000       0.25000000       0.50000000 </v>
   <v>       0.50000000       0.25000000       0.50000000 </v>
   <v>       0.50000000       0.50000000       0.50000000 </v>
  </varray>
  <varray name="weights" >
   <v>       0.01041667 </v>
   <v>       0.04166667 </v>
   <v>       0.02083333 </v>
   <v>       0.04166667 </v>
   <v>       0.04166667 </v>
   <v>       0.01041667 </v>
   <v>       0.02083333 </v>
   <v>       0.08333333 </v>
   <v>       0.04166667 </v>
   <v>       0.08333333 </v>
   <v>       0.08333333 </v>
   <v>       0.02083333 </v>
   <v>       0.02083333 </v>
   <v>       0.08333333 </v>
   <v>       0.04166667 </v>
   <v>       0.08333333 </v>
   <v>       0.08333333 </v>
   <v>       0.02083333 </v>
   <v>       0.01041667 </v>
   <v>       0.04166667 </v>
   <v>       0.02083333 </v>
   <v>       0.04166667 </v>
   <v>       0.04166667 </v>
   <v>       0.01041667 </v>
  </varray>
 </kpoints>
 <parameters>
  <separator name="general" >
   <i type="string" name="SYSTEM">(Sn)4  (P1) ~ POSCAR_2x2x2_1 (VASP)</i>
   <i type="logical" name="LCOMPAT"> F  </i>
  </separator>
  <separator name="electronic" >
   <i type="string" name="PREC">normal</i>
   <i name="ENMAX">    450.00000000</i>
   <i name="ENAUG">    439.82500000</i>
   <i name="EDIFF">      0.00001000</i>
   <i type="int" name="IALGO">    38</i>
   <i type="int" name="IWAVPR">    10</i>
   <i type="int" name="NBANDS">    48</i>
   <i name="NELECT">     56.00000000</i>
   <i type="int" name="TURBO">     0</i>
   <i type="int" name="IRESTART">     0</i>
   <i type="int" name="NREBOOT">     0</i>
   <i type="int" name="NMIN">     0</i>
   <i name="EREF">      0.00000000</i>
   <separator name="electronic smearing" >
    <i type="int" name="ISMEAR">     1</i>
    <i name="SIGMA">      0.20000000</i>
    <i name="KSPACING">      0.50000000</i>
    <i type="logical" name="KGAMMA"> T  </i>
   </separator>
   <separator name="electronic projectors" >
    <i type="logical" name="LREAL"> F  </i>
    <v name="ROPT">      0.00000000</v>
    <i type="int" name="LMAXPAW">  -100</i>
    <i type="int" name="LMAXMIX">     2</i>
    <i type="logical" name="NLSPLINE"> F  </i>
   </separator>
   <separator name="electronic startup" >
    <i type="int" name="ISTART">     0</i>
    <i type="int" name="ICHARG">     2</i>
    <i type="int" name="INIWAV">     1</i>
   </separator>
   <separator name="electronic spin" >
    <i type="int" name="ISPIN">     1</i>
    <i type="logical" name="LNONCOLLINEAR"> F  </i>
    <v name="MAGMOM">      1.00000000      1.00000000      1.00000000      1.00000000</v>
    <i name="NUPDOWN">     -1.00000000</i>
    <i type="logical" name="LSORBIT"> F  </i>
    <v name="SAXIS">      0.00000000      0.00000000      1.00000000</v>
    <i type="logical" name="LSPIRAL"> F  </i>
    <v name="QSPIRAL">      0.00000000      0.00000000      0.00000000</v>
    <i type="logical" name="LZEROZ"> F  </i>
   </separator>
   <separator name="electronic exchange-correlation" >
    <i type="logical" name="LASPH"> F  </i>
    <i type="logical" name="LMETAGGA"> F  </i>
   </separator>
   <separator name="electronic convergence" >
    <i type="int" name="NELM">    60</i>
    <i type="int" name="NELMDL">    -5</i>
    <i type="int" name="NELMIN">     2</i>
    <i name="ENINI">    450.00000000</i>
    <separator name="electronic convergence detail" >
     <i type="logical" name="LDIAG"> T  </i>
     <i type="logical" name="LSUBROT"> T  </i>
     <i name="WEIMIN">      0.00000000</i>
     <i name="EBREAK">      0.00000005</i>
     <i name="DEPER">      0.30000000</i>
     <i type="int" name="NRMM">     4</i>
     <i name="TIME">      0.40000000</i>
    </separator>
   </separator>
   <separator name="electronic mixer" >
    <i name="AMIX">      0.40000000</i>
    <i name="BMIX">      1.00000000</i>
    <i name="AMIN">      0.10000000</i>
    <i name="AMIX_MAG">      1.60000000</i>
    <i name="BMIX_MAG">      1.00000000</i>
    <separator name="electronic mixer details" >
     <i type="int" name="IMIX">     4</i>
     <i type="int" name="MAXMIX">   -45</i>
     <i name="WC">    100.00000000</i>
     <i type="int" name="INIMIX">     1</i>
     <i type="int" name="MIXPRE">     1</i>
     <i type="int" name="MREMOVE">     5</i>
    </separator>
   </separator>
   <separator name="electronic dipolcorrection" >
    <i type="logical" name="LDIPOL"> F  </i>
    <i type="logical" name="LMONO"> F  </i>
    <i type="int" name="IDIPOL">     0</i>
    <i name="EPSILON">      1.00000000</i>
    <v name="DIPOL">   -100.00000000   -100.00000000   -100.00000000</v>
    <i name="EFIELD">      0.00000000</i>
   </separator>
  </separator>
  <separator name="grids" >
   <i type="int" name="NGX">    30</i>
   <i type="int" name="NGY">    30</i>
   <i type="int" name="NGZ">    18</i>
   <i type="int" name="NGXF">    60</i>
   <i type="int" name="NGYF">    60</i>
   <i type="int" name="NGZF">    36</i>
   <i type="logical" name="ADDGRID"> F  </i>
  </separator>
  <separator name="ionic" >
   <i type="int" name="NSW">     0</i>
   <i type="int" name="IBRION">    -1</i>
   <i type="int" name="ISIF">     2</i>
   <i name="PSTRESS">      0.00000000</i>
   <i name="EDIFFG">     -0.02000000</i>
   <i type="int" name="NFREE">     0</i>
   <i name="POTIM">      0.50000000</i>
   <i name="SMASS">     -3.00000000</i>
   <i name="SCALEE">      1.00000000</i>
  </separator>
  <separator name="ionic md" >
   <i name="TEBEG">      0.00010000</i>
   <i name="TEEND">      0.00010000</i>
   <i type="int" name="NBLOCK">     1</i>
   <i type="int" name="KBLOCK">     1</i>
   <i type="int" name="NPACO">   256</i>
   <i name="APACO">     16.00000000</i>
  </separator>
  <separator name="symmetry" >
   <i type="int" name="ISYM">     2</i>
   <i name="SYMPREC">      0.00001000</i>
  </separator>
  <separator name="dos" >
   <i type="logical" name="LORBIT"> F  </i>
   <v name="RWIGS">      1.41000000</v>
   <i type="int" name="NEDOS">   301</i>
   <i name="EMIN">     10.00000000</i>
   <i name="EMAX">    -10.00000000</i>
   <i name="EFERMI">      0.00000000</i>
  </separator>
  <separator name="writing" >
   <i type="int" name="NWRITE">     2</i>
   <i type="logical" name="LWAVE"> F  </i>
   <i type="logical" name="LCHARG"> F  </i>
   <i type="logical" name="LPARD"> F  </i>
   <i type="logical" name="LVTOT"> F  </i>
   <i type="logical" name="LVHAR"> F  </i>
   <i type="logical" name="LELF"> F  </i>
   <i type="logical" name="LOPTICS"> F  </i>
   <v name="STM">      0.00000000      0.00000000      0.00000000      0.00000000      0.00000000      0.00000000      0.00000000</v>
  </separator>
  <separator name="performance" >
   <i type="int" name="NPAR">    16</i>
   <i type="int" name="NSIM">     4</i>
   <i type="int" name="NBLK">    -1</i>
   <i type="logical" name="LPLANE"> T  </i>
   <i type="logical" name="LSCALAPACK"> F  </i>
   <i type="logical" name="LSCAAWARE"> F  </i>
   <i type="logical" name="LSCALU"> F  </i>
   <i type="logical" name="LASYNC"> F  </i>
   <i type="logical" name="LORBITALREAL"> F  </i>
  </separator>
  <separator name="miscellaneous" >
   <i type="int" name="IDIOT">     3</i>
   <i type="logical" name="LMUSIC"> F  </i>
   <v name="POMASS">    118.71000000</v>
   <v name="DARWINR">      0.00000000</v>
   <v name="DARWINV">      1.00000000</v>
   <i type="logical" name="LCORR"> T  </i>
  </separator>
  <i type="logical" name="GGA_COMPAT"> T  </i>
  <i type="logical" name="LBERRY"> F  </i>
  <i type="int" name="ICORELEVEL">     0</i>
  <i type="logical" name="LDAU"> F  </i>
  <i type="int" name="I_CONSTRAINED_M">     0</i>
  <separator name="electronic exchange-correlation" >
   <i type="string" name="GGA">--</i>
   <i type="int" name="VOSKOWN">     1</i>
   <i type="logical" name="LHFCALC"> F  </i>
   <i type="string" name="PRECFOCK"></i>
   <i type="logical" name="LSYMGRAD"> F  </i>
   <i type="logical" name="LHFONE"> F  </i>
   <i type="logical" name="LRHFCALC"> F  </i>
   <i type="logical" name="LTHOMAS"> F  </i>
   <i type="logical" name="LMODELHF"> F  </i>
   <i name="ENCUT4O">     -1.00000000</i>
   <i type="int" name="EXXOEP">     0</i>
   <i type="int" name="FOURORBIT">     0</i>
   <i name="AEXX">      0.00000000</i>
   <i name="HFALPHA">      0.00000000</i>
   <i name="MCALPHA">      0.00000000</i>
   <i name="ALDAX">      1.00000000</i>
   <i name="AGGAX">      1.00000000</i>
   <i name="ALDAC">      1.00000000</i>
   <i name="AGGAC">      1.00000000</i>
   <i type="int" name="NKREDX">     1</i>
   <i type="int" name="NKREDY">     1</i>
   <i type="int" name="NKREDZ">     1</i>
   <i type="logical" name="SHIFTRED"> F  </i>
   <i type="logical" name="ODDONLY"> F  </i>
   <i type="logical" name="EVENONLY"> F  </i>
   <i type="int" name="LMAXFOCK">     0</i>
   <i type="int" name="NMAXFOCKAE">     0</i>
   <i type="logical" name="LFOCKAEDFT"> F  </i>
   <i name="HFSCREEN">      0.00000000</i>
   <i name="HFSCREENC">      0.00000000</i>
   <i type="int" name="NBANDSGWLOW">     0</i>
  </separator>
  <separator name="vdW DFT" >
   <i type="logical" name="LUSE_VDW"> F  </i>
   <i name="Zab_VDW">     -0.84910000</i>
   <i name="PARAM1">      0.12340000</i>
   <i name="PARAM2">      1.00000000</i>
   <i name="PARAM3">      0.00000000</i>
  </separator>
  <separator name="model GW" >
   <i type="int" name="MODEL_GW">     0</i>
   <i name="MODEL_EPS0">     16.22758739</i>
   <i name="MODEL_ALPHA">      1.00000000</i>
  </separator>
  <separator name="linear response parameters" >
   <i type="logical" name="LEPSILON"> F  </i>
   <i type="logical" name="LRPA"> F  </i>
   <i type="logical" name="LNABLA"> F  </i>
   <i type="logical" name="LVEL"> F  </i>
   <i type="int" name="KINTER">     0</i>
   <i name="CSHIFT">      0.10000000</i>
   <i name="OMEGAMAX">     -1.00000000</i>
   <i name="DEG_THRESHOLD">      0.00200000</i>
  </separator>
  <separator name="orbital magnetization" >
   <i type="logical" name="NUCIND"> F  </i>
   <v name="MAGPOS">      0.00000000      0.00000000      0.00000000</v>
   <i type="logical" name="LNICSALL"> T  </i>
   <i type="logical" name="ORBITALMAG"> F  </i>
   <i type="logical" name="LMAGBLOCH"> F  </i>
   <i type="logical" name="LCHIMAG"> F  </i>
   <i type="logical" name="LGAUGE"> T  </i>
   <i type="int" name="MAGATOM">     0</i>
   <v name="MAGDIPOL">      0.00000000      0.00000000      0.00000000</v>
   <v name="AVECCONST">      0.00000000      0.00000000      0.00000000</v>
  </separator>
  <separator name="response functions" >
   <i type="logical" name="LADDER"> F  </i>
   <i type="logical" name="LFXC"> F  </i>
   <i type="logical" name="LHARTREE"> T  </i>
   <i type="int" name="IBSE">     0</i>
   <i type="logical" name="LTCTE"> F  </i>
   <i type="logical" name="LTETE"> F  </i>
   <i type="logical" name="LTRIPLET"> F  </i>
   <i type="logical" name="LFXCEPS"> F  </i>
   <i type="logical" name="L2ORDER"> F  </i>
   <i type="logical" name="LUSEW"> F  </i>
   <i name="ENCUTGW">     -2.00000000</i>
   <i name="ENCUTGWSOFT">     -2.00000000</i>
   <i name="ENCUTLF">     -1.00000000</i>
   <i type="int" name="LMAXMP2">    -1</i>
   <i name="SCISSOR">      0.00000000</i>
   <i type="int" name="NOMEGA">     0</i>
   <i type="int" name="NOMEGAR">     0</i>
   <i type="int" name="NBANDSGW">    -1</i>
   <i type="int" name="NBANDSO">    -1</i>
   <i type="int" name="NBANDSV">    -1</i>
   <i type="int" name="NELM">    60</i>
   <i type="int" name="DIM">     3</i>
   <i type="int" name="ANTIRES">     0</i>
   <i name="OMEGAMAX">    -30.00000000</i>
   <i name="OMEGATL">   -200.00000000</i>
   <i type="int" name="OMEGAGRID">     0</i>
   <i name="CSHIFT">     -0.10000000</i>
   <i type="logical" name="SELFENERGY"> F  </i>
   <i type="logical" name="LSPECTRAL"> F  </i>
   <i type="logical" name="ODDONLYGW"> F  </i>
   <i type="logical" name="EVENONLYGW"> F  </i>
   <i type="int" name="NKREDLFX">     1</i>
   <i type="int" name="NKREDLFY">     1</i>
   <i type="int" name="NKREDLFZ">     1</i>
   <i type="int" name="MAXMEM">  1800</i>
   <i type="int" name="TELESCOPE">     0</i>
  </separator>
 </parameters>
 <atominfo>
  <atoms>       4 </atoms>
  <types>       1 </types>
  <array name="atoms" >
   <dimension dim="1">ion</dimension>
   <field type="string">element</field>
   <field type="int">atomtype</field>
   <set>
    <rc><c>Sn</c><c>   1</c></rc>
    <rc><c>Sn</c><c>   1</c></rc>
    <rc><c>Sn</c><c>   1</c></rc>
    <rc><c>Sn</c><c>   1</c></rc>
   </set>
  </array>
  <array name="atomtypes" >
   <dimension dim="1">type</dimension>
   <field type="int">atomspertype</field>
   <field type="string">element</field>
   <field>mass</field>
   <field>valence</field>
   <field type="string">pseudopotential</field>
   <set>
    <rc><c>   4</c><c>Sn</c><c>    118.71000000</c><c>     14.00000000</c><c> PAW_PBE Sn_d 06Sep2000                 </c></rc>
   </set>
  </array>
 </atominfo>
 <structure name="initialpos" >
  <crystal>
   <varray name="basis" >
    <v>       5.83130000       0.00000000       0.00000000 </v>
    <v>       0.00000000       5.83130000       0.00000000 </v>
    <v>       0.00000000       0.00000000       3.18150000 </v>
   </varray>
   <i name="volume">    108.18391590 </i>
   <varray name="rec_basis" >
    <v>       0.17148835       0.00000000       0.00000000 </v>
    <v>       0.00000000       0.17148835       0.00000000 </v>
    <v>       0.00000000       0.00000000       0.31431715 </v>
   </varray>
  </crystal>
  <varray name="positions" >
   <v>       0.00000000       0.75000000       0.12500000 </v>
   <v>       0.00000000       0.25000000       0.87500000 </v>
   <v>       0.50000000       0.25000000       0.62500000 </v>
   <v>       0.50000000       0.75000000       0.37500000 </v>
  </varray>
 </structure>
 <calculation>
  <scstep>
   <time name="dav">    1.33    1.39</time>
   <time name="total">    1.65    1.71</time>
   <energy>
    <i name="alphaZ">    165.15909015 </i>
    <i name="ewald">  -5374.96529713 </i>
    <i name="hartreedc">  -1990.89442271 </i>
    <i name="XCdc">    227.96367290 </i>
    <i name="pawpsdc">   5488.21437192 </i>
    <i name="pawaedc">  -5636.81509254 </i>
    <i name="eentropy">     -0.00384443 </i>
    <i name="bandstr">      2.03039370 </i>
    <i name="atom">   7572.29571107 </i>
    <i name="e_fr_energy">    452.98458294 </i>
    <i name="e_wo_entrp">    452.98842737 </i>
    <i name="e_0_energy">    452.98586442 </i>
   </energy>
  </scstep>
  <scstep>
   <time name="dav">    1.13    1.16</time>
   <time name="total">    1.14    1.17</time>
   <energy>
    <i name="e_fr_energy">     34.16716005 </i>
    <i name="e_wo_entrp">     34.17037736 </i>
    <i name="e_0_energy">     34.16823249 </i>
   </energy>
  </scstep>
  <scstep>
   <time name="dav">    1.35    1.38</time>
   <time name="total">    1.36    1.38</time>
   <energy>
    <i name="e_fr_energy">    -14.28096262 </i>
    <i name="e_wo_entrp">    -14.27405254 </i>
    <i name="e_0_energy">    -14.27865926 </i>
   </energy>
  </scstep>
  <scstep>
   <time name="dav">    1.22    1.25</time>
   <time name="total">    1.23    1.26</time>
   <energy>
    <i name="e_fr_energy">    -15.71444889 </i>
    <i name="e_wo_entrp">    -15.70801068 </i>
    <i name="e_0_energy">    -15.71230282 </i>
   </energy>
  </scstep>
  <scstep>
   <time name="dav">    1.53    1.53</time>
   <time name="total">    1.57    1.57</time>
   <energy>
    <i name="e_fr_energy">    -15.76001111 </i>
    <i name="e_wo_entrp">    -15.75359735 </i>
    <i name="e_0_energy">    -15.75787319 </i>
   </energy>
  </scstep>
  <scstep>
   <time name="dav">    1.45    1.47</time>
   <time name="total">    1.50    1.53</time>
   <energy>
    <i name="e_fr_energy">    -15.73116569 </i>
    <i name="e_wo_entrp">    -15.72525683 </i>
    <i name="e_0_energy">    -15.72919607 </i>
   </energy>
  </scstep>
  <scstep>
   <time name="dav">    1.50    1.52</time>
   <time name="total">    1.57    1.59</time>
   <energy>
    <i name="e_fr_energy">    -15.72347186 </i>
    <i name="e_wo_entrp">    -15.71807260 </i>
    <i name="e_0_energy">    -15.72167211 </i>
   </energy>
  </scstep>
  <scstep>
   <time name="dav">    1.40    1.43</time>
   <time name="total">    1.45    1.48</time>
   <energy>
    <i name="e_fr_energy">    -15.72341404 </i>
    <i name="e_wo_entrp">    -15.71802814 </i>
    <i name="e_0_energy">    -15.72161874 </i>
   </energy>
  </scstep>
  <scstep>
   <time name="dav">    1.65    1.68</time>
   <time name="total">    1.70    1.73</time>
   <energy>
    <i name="e_fr_energy">    -15.72342235 </i>
    <i name="e_wo_entrp">    -15.71803704 </i>
    <i name="e_0_energy">    -15.72162725 </i>
   </energy>
  </scstep>
  <scstep>
   <time name="dav">    1.00    1.00</time>
   <time name="total">    1.05    1.05</time>
   <energy>
    <i name="e_fr_energy">    -15.72341062 </i>
    <i name="e_wo_entrp">    -15.71802336 </i>
    <i name="e_0_energy">    -15.72161487 </i>
   </energy>
  </scstep>
  <scstep>
   <time name="dav">    0.86    0.87</time>
   <time name="total">    0.88    0.89</time>
   <energy>
    <i name="alphaZ">    165.15909015 </i>
    <i name="ewald">  -5374.96529713 </i>
    <i name="hartreedc">  -1970.55855981 </i>
    <i name="XCdc">    227.13080843 </i>
    <i name="pawpsdc">   5609.63193380 </i>
    <i name="pawaedc">  -5763.27417688 </i>
    <i name="eentropy">     -0.00538712 </i>
    <i name="bandstr">   -481.13753410 </i>
    <i name="atom">   7572.29571107 </i>
    <i name="e_fr_energy">    -15.72341159 </i>
    <i name="e_wo_entrp">    -15.71802447 </i>
    <i name="e_0_energy">    -15.72161588 </i>
   </energy>
  </scstep>
  <structure>
   <crystal>
    <varray name="basis" >
     <v>       5.83130000       0.00000000       0.00000000 </v>
     <v>       0.00000000       5.83130000       0.00000000 </v>
     <v>       0.00000000       0.00000000       3.18150000 </v>
    </varray>
    <i name="volume">    108.18391590 </i>
    <varray name="rec_basis" >
     <v>       0.17148835       0.00000000       0.00000000 </v>
     <v>       0.00000000       0.17148835       0.00000000 </v>
     <v>       0.00000000       0.00000000       0.31431715 </v>
    </varray>
   </crystal>
   <varray name="positions" >
    <v>       0.00000000       0.75000000       0.12500000 </v>
    <v>       0.00000000       0.25000000       0.87500000 </v>
    <v>       0.50000000       0.25000000       0.62500000 </v>
    <v>       0.50000000       0.75000000       0.37500000 </v>
   </varray>
  </structure>
  <varray name="forces" >
   <v>       0.00000000       0.00000000      -0.00000000 </v>
   <v>       0.00000000      -0.00000000       0.00000000 </v>
   <v>      -0.00000000      -0.00000000      -0.00000000 </v>
   <v>       0.00000000      -0.00000000       0.00000000 </v>
  </varray>
  <varray name="stress" >
   <v>      41.72728834       0.00000000       0.00000000 </v>
   <v>       0.00000000      41.72728834      -0.00000000 </v>
   <v>       0.00000000      -0.00000000       9.14564461 </v>
  </varray>
  <energy>
   <i name="e_fr_energy">    -15.72341159 </i>
   <i name="e_wo_entrp">    -15.72161588 </i>
   <i name="e_0_energy">     -0.00538712 </i>
  </energy>
  <time name="totalsc">   15.49   15.78</time>
  <eigenvalues>
   <array>
    <dimension dim="1">band</dimension>
    <dimension dim="2">kpoint</dimension>
    <dimension dim="3">spin</dimension>
    <field>eigene</field>
    <field>occ</field>
    <set>
     <set comment="spin 1">
      <set comment="kpoint 1">
       <r>  -13.6771    1.0000 </r>
       <r>  -13.5917    1.0000 </r>
       <r>  -13.5917    1.0000 </r>
       <r>  -13.5746    1.0000 </r>
       <r>  -13.5494    1.0000 </r>
       <r>  -13.5189    1.0000 </r>
       <r>  -13.4039    1.0000 </r>
       <r>  -13.4039    1.0000 </r>
       <r>  -13.3973    1.0000 </r>
       <r>  -13.3973    1.0000 </r>
       <r>  -13.3758    1.0000 </r>
       <r>  -13.3758    1.0000 </r>
       <r>  -13.3729    1.0000 </r>
       <r>  -13.3729    1.0000 </r>
       <r>  -13.3647    1.0000 </r>
       <r>  -13.3647    1.0000 </r>
       <r>  -13.3601    1.0000 </r>
       <r>  -13.3601    1.0000 </r>
       <r>  -13.2863    1.0000 </r>
       <r>  -13.1762    1.0000 </r>
       <r>   -3.1029    1.0000 </r>
       <r>    0.5168    1.0000 </r>
       <r>    0.5168    1.0000 </r>
       <r>    3.2027    1.0000 </r>
       <r>    3.2027    1.0000 </r>
       <r>    4.4796    1.0000 </r>
       <r>    6.0527    1.0000 </r>
       <r>    6.0527    1.0000 </r>
       <r>   10.9895   -0.0000 </r>
       <r>   13.0674   -0.0000 </r>
       <r>   13.0674   -0.0000 </r>
       <r>   14.2982    0.0000 </r>
       <r>   14.2982    0.0000 </r>
       <r>   14.8983    0.0000 </r>
       <r>   15.0028    0.0000 </r>
       <r>   17.4996    0.0000 </r>
       <r>   17.4996    0.0000 </r>
       <r>   17.9108    0.0000 </r>
       <r>   18.5784    0.0000 </r>
       <r>   19.2537    0.0000 </r>
       <r>   19.3210    0.0000 </r>
       <r>   19.3210    0.0000 </r>
       <r>   19.4054    0.0000 </r>
       <r>   19.4054    0.0000 </r>
       <r>   19.8080    0.0000 </r>
       <r>   20.6172    0.0000 </r>
       <r>   20.6172    0.0000 </r>
       <r>   21.2851    0.0000 </r>
      </set>
      <set comment="kpoint 2">
       <r>  -13.6517    1.0000 </r>
       <r>  -13.5937    1.0000 </r>
       <r>  -13.5858    1.0000 </r>
       <r>  -13.5782    1.0000 </r>
       <r>  -13.5351    1.0000 </r>
       <r>  -13.5283    1.0000 </r>
       <r>  -13.4765    1.0000 </r>
       <r>  -13.4221    1.0000 </r>
       <r>  -13.3965    1.0000 </r>
       <r>  -13.3857    1.0000 </r>
       <r>  -13.3753    1.0000 </r>
       <r>  -13.3747    1.0000 </r>
       <r>  -13.3712    1.0000 </r>
       <r>  -13.3659    1.0000 </r>
       <r>  -13.3563    1.0000 </r>
       <r>  -13.3492    1.0000 </r>
       <r>  -13.3335    1.0000 </r>
       <r>  -13.3311    1.0000 </r>
       <r>  -13.3009    1.0000 </r>
       <r>  -13.2016    1.0000 </r>
       <r>   -2.8198    1.0000 </r>
       <r>   -0.6189    1.0000 </r>
       <r>    0.7925    1.0000 </r>
       <r>    3.0389    1.0000 </r>
       <r>    3.4825    1.0000 </r>
       <r>    4.9278    1.0000 </r>
       <r>    5.3768    1.0000 </r>
       <r>    8.1141    0.9688 </r>
       <r>   11.5612   -0.0000 </r>
       <r>   12.1513   -0.0000 </r>
       <r>   13.2179   -0.0000 </r>
       <r>   13.2736   -0.0000 </r>
       <r>   14.6126    0.0000 </r>
       <r>   14.6150    0.0000 </r>
       <r>   14.6688    0.0000 </r>
       <r>   15.0609    0.0000 </r>
       <r>   16.7397    0.0000 </r>
       <r>   17.8935    0.0000 </r>
       <r>   18.4692    0.0000 </r>
       <r>   18.5755    0.0000 </r>
       <r>   18.6990    0.0000 </r>
       <r>   19.5687    0.0000 </r>
       <r>   19.6402    0.0000 </r>
       <r>   19.9608    0.0000 </r>
       <r>   20.1792    0.0000 </r>
       <r>   20.1925    0.0000 </r>
       <r>   20.9769    0.0000 </r>
       <r>   20.9868    0.0000 </r>
      </set>
      <set comment="kpoint 3">
       <r>  -13.6029    1.0000 </r>
       <r>  -13.6029    1.0000 </r>
       <r>  -13.5652    1.0000 </r>
       <r>  -13.5652    1.0000 </r>
       <r>  -13.5609    1.0000 </r>
       <r>  -13.5609    1.0000 </r>
       <r>  -13.4762    1.0000 </r>
       <r>  -13.4762    1.0000 </r>
       <r>  -13.3822    1.0000 </r>
       <r>  -13.3822    1.0000 </r>
       <r>  -13.3724    1.0000 </r>
       <r>  -13.3724    1.0000 </r>
       <r>  -13.3704    1.0000 </r>
       <r>  -13.3704    1.0000 </r>
       <r>  -13.3341    1.0000 </r>
       <r>  -13.3341    1.0000 </r>
       <r>  -13.3265    1.0000 </r>
       <r>  -13.3265    1.0000 </r>
       <r>  -13.2647    1.0000 </r>
       <r>  -13.2647    1.0000 </r>
       <r>   -1.9729    1.0000 </r>
       <r>   -1.9729    1.0000 </r>
       <r>    1.6313    1.0000 </r>
       <r>    1.6313    1.0000 </r>
       <r>    4.2749    1.0000 </r>
       <r>    4.2749    1.0000 </r>
       <r>    8.0115    1.0354 </r>
       <r>    8.0115    1.0354 </r>
       <r>   11.3089   -0.0000 </r>
       <r>   11.3089   -0.0000 </r>
       <r>   13.8656    0.0000 </r>
       <r>   13.8656    0.0000 </r>
       <r>   13.9116    0.0000 </r>
       <r>   13.9116    0.0000 </r>
       <r>   14.7101    0.0000 </r>
       <r>   14.7101    0.0000 </r>
       <r>   15.5028    0.0000 </r>
       <r>   15.5028    0.0000 </r>
       <r>   19.0770    0.0000 </r>
       <r>   19.0770    0.0000 </r>
       <r>   19.1078    0.0000 </r>
       <r>   19.1078    0.0000 </r>
       <r>   19.1162    0.0000 </r>
       <r>   19.1162    0.0000 </r>
       <r>   20.3092    0.0000 </r>
       <r>   20.3092    0.0000 </r>
       <r>   20.3369    0.0000 </r>
       <r>   20.3369    0.0000 </r>
      </set>
      <set comment="kpoint 4">
       <r>  -13.6263    1.0000 </r>
       <r>  -13.5876    1.0000 </r>
       <r>  -13.5876    1.0000 </r>
       <r>  -13.5817    1.0000 </r>
       <r>  -13.5464    1.0000 </r>
       <r>  -13.5076    1.0000 </r>
       <r>  -13.4652    1.0000 </r>
       <r>  -13.4652    1.0000 </r>
       <r>  -13.4065    1.0000 </r>
       <r>  -13.4065    1.0000 </r>
       <r>  -13.4049    1.0000 </r>
       <r>  -13.3562    1.0000 </r>
       <r>  -13.3529    1.0000 </r>
       <r>  -13.3464    1.0000 </r>
       <r>  -13.3460    1.0000 </r>
       <r>  -13.3460    1.0000 </r>
       <r>  -13.3210    1.0000 </r>
       <r>  -13.3210    1.0000 </r>
       <r>  -13.3139    1.0000 </r>
       <r>  -13.2220    1.0000 </r>
       <r>   -2.5371    1.0000 </r>
       <r>   -0.3398    1.0000 </r>
       <r>   -0.3398    1.0000 </r>
       <r>    1.8521    1.0000 </r>
       <r>    5.2030    1.0000 </r>
       <r>    5.2030    1.0000 </r>
       <r>    6.7198    1.0000 </r>
       <r>    7.7795    1.0018 </r>
       <r>   11.5444   -0.0000 </r>
       <r>   12.1869   -0.0000 </r>
       <r>   13.3050   -0.0000 </r>
       <r>   13.3050   -0.0000 </r>
       <r>   13.4337   -0.0000 </r>
       <r>   14.2165    0.0000 </r>
       <r>   14.2165    0.0000 </r>
       <r>   14.4292    0.0000 </r>
       <r>   14.5851    0.0000 </r>
       <r>   17.9400    0.0000 </r>
       <r>   18.0598    0.0000 </r>
       <r>   18.9179    0.0000 </r>
       <r>   18.9179    0.0000 </r>
       <r>   19.4155    0.0000 </r>
       <r>   19.4155    0.0000 </r>
       <r>   20.3260    0.0000 </r>
       <r>   20.9600    0.0000 </r>
       <r>   21.3089    0.0000 </r>
       <r>   21.3372    0.0000 </r>
       <r>   21.8809    0.0000 </r>
      </set>
      <set comment="kpoint 5">
       <r>  -13.5905    1.0000 </r>
       <r>  -13.5905    1.0000 </r>
       <r>  -13.5696    1.0000 </r>
       <r>  -13.5696    1.0000 </r>
       <r>  -13.5526    1.0000 </r>
       <r>  -13.5526    1.0000 </r>
       <r>  -13.4583    1.0000 </r>
       <r>  -13.4583    1.0000 </r>
       <r>  -13.4364    1.0000 </r>
       <r>  -13.4364    1.0000 </r>
       <r>  -13.3737    1.0000 </r>
       <r>  -13.3737    1.0000 </r>
       <r>  -13.3433    1.0000 </r>
       <r>  -13.3433    1.0000 </r>
       <r>  -13.3367    1.0000 </r>
       <r>  -13.3367    1.0000 </r>
       <r>  -13.3213    1.0000 </r>
       <r>  -13.3213    1.0000 </r>
       <r>  -13.2723    1.0000 </r>
       <r>  -13.2723    1.0000 </r>
       <r>   -1.6912    1.0000 </r>
       <r>   -1.6912    1.0000 </r>
       <r>    0.4977    1.0000 </r>
       <r>    0.4977    1.0000 </r>
       <r>    5.9821    1.0000 </r>
       <r>    5.9821    1.0000 </r>
       <r>    8.2757    0.4316 </r>
       <r>    8.2757    0.4316 </r>
       <r>   10.4481   -0.0000 </r>
       <r>   10.4481   -0.0000 </r>
       <r>   12.6963   -0.0000 </r>
       <r>   12.6963   -0.0000 </r>
       <r>   13.9654    0.0000 </r>
       <r>   13.9654    0.0000 </r>
       <r>   14.0712    0.0000 </r>
       <r>   14.0712    0.0000 </r>
       <r>   16.0938    0.0000 </r>
       <r>   16.0938    0.0000 </r>
       <r>   18.1022    0.0000 </r>
       <r>   18.1022    0.0000 </r>
       <r>   18.1787    0.0000 </r>
       <r>   18.1787    0.0000 </r>
       <r>   21.0461    0.0000 </r>
       <r>   21.0461    0.0000 </r>
       <r>   21.8268    0.0000 </r>
       <r>   21.8268    0.0000 </r>
       <r>   22.1840    0.0000 </r>
       <r>   22.1840    0.0000 </r>
      </set>
      <set comment="kpoint 6">
       <r>  -13.5784    1.0000 </r>
       <r>  -13.5784    1.0000 </r>
       <r>  -13.5784    1.0000 </r>
       <r>  -13.5784    1.0000 </r>
       <r>  -13.5054    1.0000 </r>
       <r>  -13.5054    1.0000 </r>
       <r>  -13.5054    1.0000 </r>
       <r>  -13.5054    1.0000 </r>
       <r>  -13.4141    1.0000 </r>
       <r>  -13.4141    1.0000 </r>
       <r>  -13.4141    1.0000 </r>
       <r>  -13.4141    1.0000 </r>
       <r>  -13.3315    1.0000 </r>
       <r>  -13.3315    1.0000 </r>
       <r>  -13.3315    1.0000 </r>
       <r>  -13.3315    1.0000 </r>
       <r>  -13.2973    1.0000 </r>
       <r>  -13.2973    1.0000 </r>
       <r>  -13.2973    1.0000 </r>
       <r>  -13.2973    1.0000 </r>
       <r>   -0.8491    1.0000 </r>
       <r>   -0.8491    1.0000 </r>
       <r>   -0.8491    1.0000 </r>
       <r>   -0.8491    1.0000 </r>
       <r>    8.6347   -0.0117 </r>
       <r>    8.6347   -0.0117 </r>
       <r>    8.6347   -0.0117 </r>
       <r>    8.6347   -0.0117 </r>
       <r>    9.6502   -0.0000 </r>
       <r>    9.6502   -0.0000 </r>
       <r>    9.6502   -0.0000 </r>
       <r>    9.6502   -0.0000 </r>
       <r>   14.0585    0.0000 </r>
       <r>   14.0585    0.0000 </r>
       <r>   14.0585    0.0000 </r>
       <r>   14.0585    0.0000 </r>
       <r>   17.5645    0.0000 </r>
       <r>   17.5645    0.0000 </r>
       <r>   17.5645    0.0000 </r>
       <r>   17.5645    0.0000 </r>
       <r>   18.8967    0.0000 </r>
       <r>   18.8967    0.0000 </r>
       <r>   18.8967    0.0000 </r>
       <r>   18.8967    0.0000 </r>
       <r>   23.1889    0.0000 </r>
       <r>   23.1892    0.0000 </r>
       <r>   23.1910    0.0000 </r>
       <r>   23.1959    0.0000 </r>
      </set>
      <set comment="kpoint 7">
       <r>  -13.6693    1.0000 </r>
       <r>  -13.5670    1.0000 </r>
       <r>  -13.5508    1.0000 </r>
       <r>  -13.5390    1.0000 </r>
       <r>  -13.5213    1.0000 </r>
       <r>  -13.4514    1.0000 </r>
       <r>  -13.4224    1.0000 </r>
       <r>  -13.4085    1.0000 </r>
       <r>  -13.4085    1.0000 </r>
       <r>  -13.4007    1.0000 </r>
       <r>  -13.4007    1.0000 </r>
       <r>  -13.3992    1.0000 </r>
       <r>  -13.3760    1.0000 </r>
       <r>  -13.3760    1.0000 </r>
       <r>  -13.3743    1.0000 </r>
       <r>  -13.3743    1.0000 </r>
       <r>  -13.3705    1.0000 </r>
       <r>  -13.3458    1.0000 </r>
       <r>  -13.2895    1.0000 </r>
       <r>  -13.1831    1.0000 </r>
       <r>   -2.6762    1.0000 </r>
       <r>    0.7939    1.0000 </r>
       <r>    0.9985    1.0000 </r>
       <r>    3.6474    1.0000 </r>
       <r>    3.6474    1.0000 </r>
       <r>    4.8441    1.0000 </r>
       <r>    6.4454    1.0000 </r>
       <r>    6.4454    1.0000 </r>
       <r>    8.6675   -0.0070 </r>
       <r>   11.3458   -0.0000 </r>
       <r>   11.8302   -0.0000 </r>
       <r>   11.8580   -0.0000 </r>
       <r>   13.7633    0.0000 </r>
       <r>   13.7633    0.0000 </r>
       <r>   15.0259    0.0000 </r>
       <r>   16.3863    0.0000 </r>
       <r>   16.3863    0.0000 </r>
       <r>   16.8253    0.0000 </r>
       <r>   16.8253    0.0000 </r>
       <r>   18.0745    0.0000 </r>
       <r>   19.2397    0.0000 </r>
       <r>   19.3021    0.0000 </r>
       <r>   19.3021    0.0000 </r>
       <r>   19.8212    0.0000 </r>
       <r>   20.1459    0.0000 </r>
       <r>   21.5891    0.0000 </r>
       <r>   21.5891    0.0000 </r>
       <r>   22.6160    0.0000 </r>
      </set>
      <set comment="kpoint 8">
       <r>  -13.6468    1.0000 </r>
       <r>  -13.5672    1.0000 </r>
       <r>  -13.5505    1.0000 </r>
       <r>  -13.5298    1.0000 </r>
       <r>  -13.5201    1.0000 </r>
       <r>  -13.4818    1.0000 </r>
       <r>  -13.4650    1.0000 </r>
       <r>  -13.4346    1.0000 </r>
       <r>  -13.4060    1.0000 </r>
       <r>  -13.3956    1.0000 </r>
       <r>  -13.3881    1.0000 </r>
       <r>  -13.3828    1.0000 </r>
       <r>  -13.3787    1.0000 </r>
       <r>  -13.3760    1.0000 </r>
       <r>  -13.3690    1.0000 </r>
       <r>  -13.3632    1.0000 </r>
       <r>  -13.3478    1.0000 </r>
       <r>  -13.3146    1.0000 </r>
       <r>  -13.3036    1.0000 </r>
       <r>  -13.2048    1.0000 </r>
       <r>   -2.3936    1.0000 </r>
       <r>   -0.2132    1.0000 </r>
       <r>    1.1752    1.0000 </r>
       <r>    3.4195    1.0000 </r>
       <r>    3.9224    1.0000 </r>
       <r>    5.3149    1.0000 </r>
       <r>    5.7837    1.0000 </r>
       <r>    8.4507   -0.0200 </r>
       <r>    8.9652   -0.0000 </r>
       <r>   10.7081   -0.0000 </r>
       <r>   11.9135   -0.0000 </r>
       <r>   12.4558   -0.0000 </r>
       <r>   12.4812   -0.0000 </r>
       <r>   13.9845    0.0000 </r>
       <r>   14.0974    0.0000 </r>
       <r>   15.3919    0.0000 </r>
       <r>   15.9688    0.0000 </r>
       <r>   16.6369    0.0000 </r>
       <r>   16.6473    0.0000 </r>
       <r>   18.0672    0.0000 </r>
       <r>   18.8001    0.0000 </r>
       <r>   18.9059    0.0000 </r>
       <r>   19.2762    0.0000 </r>
       <r>   19.9611    0.0000 </r>
       <r>   21.2607    0.0000 </r>
       <r>   21.6405    0.0000 </r>
       <r>   21.6415    0.0000 </r>
       <r>   22.0631    0.0000 </r>
      </set>
      <set comment="kpoint 9">
       <r>  -13.5921    1.0000 </r>
       <r>  -13.5921    1.0000 </r>
       <r>  -13.5302    1.0000 </r>
       <r>  -13.5302    1.0000 </r>
       <r>  -13.5246    1.0000 </r>
       <r>  -13.5246    1.0000 </r>
       <r>  -13.4752    1.0000 </r>
       <r>  -13.4752    1.0000 </r>
       <r>  -13.3998    1.0000 </r>
       <r>  -13.3998    1.0000 </r>
       <r>  -13.3802    1.0000 </r>
       <r>  -13.3802    1.0000 </r>
       <r>  -13.3783    1.0000 </r>
       <r>  -13.3783    1.0000 </r>
       <r>  -13.3363    1.0000 </r>
       <r>  -13.3363    1.0000 </r>
       <r>  -13.3315    1.0000 </r>
       <r>  -13.3315    1.0000 </r>
       <r>  -13.2638    1.0000 </r>
       <r>  -13.2638    1.0000 </r>
       <r>   -1.5504    1.0000 </r>
       <r>   -1.5504    1.0000 </r>
       <r>    2.0130    1.0000 </r>
       <r>    2.0130    1.0000 </r>
       <r>    4.7014    1.0000 </r>
       <r>    4.7014    1.0000 </r>
       <r>    8.2126    0.6924 </r>
       <r>    8.2126    0.6924 </r>
       <r>    9.8901   -0.0000 </r>
       <r>    9.8901   -0.0000 </r>
       <r>   11.6574   -0.0000 </r>
       <r>   11.6574   -0.0000 </r>
       <r>   13.0762   -0.0000 </r>
       <r>   13.0762   -0.0000 </r>
       <r>   14.5243    0.0000 </r>
       <r>   14.5243    0.0000 </r>
       <r>   15.4045    0.0000 </r>
       <r>   15.4045    0.0000 </r>
       <r>   17.4275    0.0000 </r>
       <r>   17.4275    0.0000 </r>
       <r>   19.0756    0.0000 </r>
       <r>   19.0756    0.0000 </r>
       <r>   19.5651    0.0000 </r>
       <r>   19.5651    0.0000 </r>
       <r>   20.5396    0.0000 </r>
       <r>   20.5396    0.0000 </r>
       <r>   22.9165    0.0000 </r>
       <r>   22.9165    0.0000 </r>
      </set>
      <set comment="kpoint 10">
       <r>  -13.6254    1.0000 </r>
       <r>  -13.5642    1.0000 </r>
       <r>  -13.5503    1.0000 </r>
       <r>  -13.5368    1.0000 </r>
       <r>  -13.5045    1.0000 </r>
       <r>  -13.4919    1.0000 </r>
       <r>  -13.4623    1.0000 </r>
       <r>  -13.4602    1.0000 </r>
       <r>  -13.4254    1.0000 </r>
       <r>  -13.4216    1.0000 </r>
       <r>  -13.3840    1.0000 </r>
       <r>  -13.3734    1.0000 </r>
       <r>  -13.3690    1.0000 </r>
       <r>  -13.3660    1.0000 </r>
       <r>  -13.3638    1.0000 </r>
       <r>  -13.3519    1.0000 </r>
       <r>  -13.3321    1.0000 </r>
       <r>  -13.3181    1.0000 </r>
       <r>  -13.3011    1.0000 </r>
       <r>  -13.2220    1.0000 </r>
       <r>   -2.1113    1.0000 </r>
       <r>    0.0221    1.0000 </r>
       <r>    0.1155    1.0000 </r>
       <r>    2.2519    1.0000 </r>
       <r>    5.5132    1.0000 </r>
       <r>    5.6571    1.0000 </r>
       <r>    7.0615    1.0000 </r>
       <r>    8.1570    0.8768 </r>
       <r>    9.2595   -0.0000 </r>
       <r>   10.6831   -0.0000 </r>
       <r>   11.2493   -0.0000 </r>
       <r>   12.5222   -0.0000 </r>
       <r>   12.5967   -0.0000 </r>
       <r>   12.8873   -0.0000 </r>
       <r>   13.7480    0.0000 </r>
       <r>   14.4796    0.0000 </r>
       <r>   14.6006    0.0000 </r>
       <r>   16.8771    0.0000 </r>
       <r>   16.9722    0.0000 </r>
       <r>   18.0992    0.0000 </r>
       <r>   18.6045    0.0000 </r>
       <r>   19.7186    0.0000 </r>
       <r>   20.4506    0.0000 </r>
       <r>   20.5234    0.0000 </r>
       <r>   21.5977    0.0000 </r>
       <r>   21.7529    0.0000 </r>
       <r>   22.1069    0.0000 </r>
       <r>   22.6097    0.0000 </r>
      </set>
      <set comment="kpoint 11">
       <r>  -13.5753    1.0000 </r>
       <r>  -13.5753    1.0000 </r>
       <r>  -13.5329    1.0000 </r>
       <r>  -13.5329    1.0000 </r>
       <r>  -13.5285    1.0000 </r>
       <r>  -13.5285    1.0000 </r>
       <r>  -13.4574    1.0000 </r>
       <r>  -13.4574    1.0000 </r>
       <r>  -13.4455    1.0000 </r>
       <r>  -13.4455    1.0000 </r>
       <r>  -13.3773    1.0000 </r>
       <r>  -13.3773    1.0000 </r>
       <r>  -13.3511    1.0000 </r>
       <r>  -13.3511    1.0000 </r>
       <r>  -13.3476    1.0000 </r>
       <r>  -13.3476    1.0000 </r>
       <r>  -13.3262    1.0000 </r>
       <r>  -13.3262    1.0000 </r>
       <r>  -13.2693    1.0000 </r>
       <r>  -13.2693    1.0000 </r>
       <r>   -1.2693    1.0000 </r>
       <r>   -1.2693    1.0000 </r>
       <r>    0.9050    1.0000 </r>
       <r>    0.9050    1.0000 </r>
       <r>    6.3452    1.0000 </r>
       <r>    6.3452    1.0000 </r>
       <r>    8.4723   -0.0306 </r>
       <r>    8.4723   -0.0306 </r>
       <r>   10.1092   -0.0000 </r>
       <r>   10.1092   -0.0000 </r>
       <r>   10.8093   -0.0000 </r>
       <r>   10.8093   -0.0000 </r>
       <r>   12.0402   -0.0000 </r>
       <r>   12.0402   -0.0000 </r>
       <r>   13.3536   -0.0000 </r>
       <r>   13.3536   -0.0000 </r>
       <r>   16.2721    0.0000 </r>
       <r>   16.2721    0.0000 </r>
       <r>   17.7522    0.0000 </r>
       <r>   17.7522    0.0000 </r>
       <r>   19.5419    0.0000 </r>
       <r>   19.5419    0.0000 </r>
       <r>   20.5594    0.0000 </r>
       <r>   20.5594    0.0000 </r>
       <r>   21.4834    0.0000 </r>
       <r>   21.4834    0.0000 </r>
       <r>   22.1715    0.0000 </r>
       <r>   22.1715    0.0000 </r>
      </set>
      <set comment="kpoint 12">
       <r>  -13.5378    1.0000 </r>
       <r>  -13.5378    1.0000 </r>
       <r>  -13.5378    1.0000 </r>
       <r>  -13.5378    1.0000 </r>
       <r>  -13.5179    1.0000 </r>
       <r>  -13.5179    1.0000 </r>
       <r>  -13.5179    1.0000 </r>
       <r>  -13.5179    1.0000 </r>
       <r>  -13.4102    1.0000 </r>
       <r>  -13.4102    1.0000 </r>
       <r>  -13.4102    1.0000 </r>
       <r>  -13.4102    1.0000 </r>
       <r>  -13.3410    1.0000 </r>
       <r>  -13.3410    1.0000 </r>
       <r>  -13.3410    1.0000 </r>
       <r>  -13.3410    1.0000 </r>
       <r>  -13.2980    1.0000 </r>
       <r>  -13.2980    1.0000 </r>
       <r>  -13.2980    1.0000 </r>
       <r>  -13.2980    1.0000 </r>
       <r>   -0.4302    1.0000 </r>
       <r>   -0.4302    1.0000 </r>
       <r>   -0.4302    1.0000 </r>
       <r>   -0.4302    1.0000 </r>
       <r>    8.7354   -0.0019 </r>
       <r>    8.7354   -0.0019 </r>
       <r>    8.7354   -0.0019 </r>
       <r>    8.7354   -0.0019 </r>
       <r>   10.0174   -0.0000 </r>
       <r>   10.0174   -0.0000 </r>
       <r>   10.0174   -0.0000 </r>
       <r>   10.0174   -0.0000 </r>
       <r>   11.1898   -0.0000 </r>
       <r>   11.1898   -0.0000 </r>
       <r>   11.1898   -0.0000 </r>
       <r>   11.1898   -0.0000 </r>
       <r>   18.7704    0.0000 </r>
       <r>   18.7704    0.0000 </r>
       <r>   18.7704    0.0000 </r>
       <r>   18.7704    0.0000 </r>
       <r>   20.1884    0.0000 </r>
       <r>   20.1884    0.0000 </r>
       <r>   20.1884    0.0000 </r>
       <r>   20.1884    0.0000 </r>
       <r>   20.7024    0.0000 </r>
       <r>   20.7024    0.0000 </r>
       <r>   20.7024    0.0000 </r>
       <r>   20.7024    0.0000 </r>
      </set>
      <set comment="kpoint 13">
       <r>  -13.6429    1.0000 </r>
       <r>  -13.5738    1.0000 </r>
       <r>  -13.5122    1.0000 </r>
       <r>  -13.4622    1.0000 </r>
       <r>  -13.4622    1.0000 </r>
       <r>  -13.4598    1.0000 </r>
       <r>  -13.4562    1.0000 </r>
       <r>  -13.4562    1.0000 </r>
       <r>  -13.4487    1.0000 </r>
       <r>  -13.4234    1.0000 </r>
       <r>  -13.4072    1.0000 </r>
       <r>  -13.4072    1.0000 </r>
       <r>  -13.4043    1.0000 </r>
       <r>  -13.4043    1.0000 </r>
       <r>  -13.3427    1.0000 </r>
       <r>  -13.3175    1.0000 </r>
       <r>  -13.3012    1.0000 </r>
       <r>  -13.2997    1.0000 </r>
       <r>  -13.2675    1.0000 </r>
       <r>  -13.1979    1.0000 </r>
       <r>   -1.4025    1.0000 </r>
       <r>    1.5315    1.0000 </r>
       <r>    2.3028    1.0000 </r>
       <r>    4.9109    1.0000 </r>
       <r>    4.9109    1.0000 </r>
       <r>    5.2144    1.0000 </r>
       <r>    5.7978    1.0000 </r>
       <r>    7.2842    1.0000 </r>
       <r>    7.2842    1.0000 </r>
       <r>    8.0281    1.0347 </r>
       <r>    8.1963    0.7532 </r>
       <r>   11.4449   -0.0000 </r>
       <r>   11.4449   -0.0000 </r>
       <r>   11.5639   -0.0000 </r>
       <r>   12.4230   -0.0000 </r>
       <r>   13.9285    0.0000 </r>
       <r>   13.9285    0.0000 </r>
       <r>   16.8244    0.0000 </r>
       <r>   17.0966    0.0000 </r>
       <r>   17.0966    0.0000 </r>
       <r>   18.9486    0.0000 </r>
       <r>   19.8608    0.0000 </r>
       <r>   19.8608    0.0000 </r>
       <r>   20.0895    0.0000 </r>
       <r>   22.5748    0.0000 </r>
       <r>   22.6699    0.0000 </r>
       <r>   22.7505    0.0000 </r>
       <r>   22.7506    0.0000 </r>
      </set>
      <set comment="kpoint 14">
       <r>  -13.6310    1.0000 </r>
       <r>  -13.5789    1.0000 </r>
       <r>  -13.5036    1.0000 </r>
       <r>  -13.4947    1.0000 </r>
       <r>  -13.4755    1.0000 </r>
       <r>  -13.4710    1.0000 </r>
       <r>  -13.4535    1.0000 </r>
       <r>  -13.4507    1.0000 </r>
       <r>  -13.4465    1.0000 </r>
       <r>  -13.4316    1.0000 </r>
       <r>  -13.4082    1.0000 </r>
       <r>  -13.4061    1.0000 </r>
       <r>  -13.3819    1.0000 </r>
       <r>  -13.3716    1.0000 </r>
       <r>  -13.3478    1.0000 </r>
       <r>  -13.3121    1.0000 </r>
       <r>  -13.3074    1.0000 </r>
       <r>  -13.2976    1.0000 </r>
       <r>  -13.2622    1.0000 </r>
       <r>  -13.2130    1.0000 </r>
       <r>   -1.1247    1.0000 </r>
       <r>    0.9167    1.0000 </r>
       <r>    2.2126    1.0000 </r>
       <r>    4.3938    1.0000 </r>
       <r>    5.1211    1.0000 </r>
       <r>    5.1621    1.0000 </r>
       <r>    6.7824    1.0000 </r>
       <r>    6.8189    1.0000 </r>
       <r>    7.1751    1.0000 </r>
       <r>    8.1279    0.9443 </r>
       <r>    9.5915   -0.0000 </r>
       <r>   10.4793   -0.0000 </r>
       <r>   11.3544   -0.0000 </r>
       <r>   12.2151   -0.0000 </r>
       <r>   13.0620   -0.0000 </r>
       <r>   13.7758    0.0000 </r>
       <r>   14.7109    0.0000 </r>
       <r>   14.8619    0.0000 </r>
       <r>   17.3546    0.0000 </r>
       <r>   17.8209    0.0000 </r>
       <r>   18.0591    0.0000 </r>
       <r>   19.1318    0.0000 </r>
       <r>   19.5219    0.0000 </r>
       <r>   19.6410    0.0000 </r>
       <r>   19.9018    0.0000 </r>
       <r>   21.5117    0.0000 </r>
       <r>   22.0617    0.0000 </r>
       <r>   23.6912    0.0000 </r>
      </set>
      <set comment="kpoint 15">
       <r>  -13.5932    1.0000 </r>
       <r>  -13.5932    1.0000 </r>
       <r>  -13.5094    1.0000 </r>
       <r>  -13.5094    1.0000 </r>
       <r>  -13.4867    1.0000 </r>
       <r>  -13.4867    1.0000 </r>
       <r>  -13.4734    1.0000 </r>
       <r>  -13.4734    1.0000 </r>
       <r>  -13.4329    1.0000 </r>
       <r>  -13.4329    1.0000 </r>
       <r>  -13.4094    1.0000 </r>
       <r>  -13.4094    1.0000 </r>
       <r>  -13.3383    1.0000 </r>
       <r>  -13.3383    1.0000 </r>
       <r>  -13.3132    1.0000 </r>
       <r>  -13.3132    1.0000 </r>
       <r>  -13.3077    1.0000 </r>
       <r>  -13.3077    1.0000 </r>
       <r>  -13.2571    1.0000 </r>
       <r>  -13.2571    1.0000 </r>
       <r>   -0.3060    1.0000 </r>
       <r>   -0.3060    1.0000 </r>
       <r>    2.9944    1.0000 </r>
       <r>    2.9944    1.0000 </r>
       <r>    5.8623    1.0000 </r>
       <r>    5.8623    1.0000 </r>
       <r>    5.9502    1.0000 </r>
       <r>    5.9502    1.0000 </r>
       <r>    8.8223   -0.0003 </r>
       <r>    8.8223   -0.0003 </r>
       <r>   10.0104   -0.0000 </r>
       <r>   10.0104   -0.0000 </r>
       <r>   11.9411   -0.0000 </r>
       <r>   11.9411   -0.0000 </r>
       <r>   12.7351   -0.0000 </r>
       <r>   12.7351   -0.0000 </r>
       <r>   16.1769    0.0000 </r>
       <r>   16.1769    0.0000 </r>
       <r>   16.3565    0.0000 </r>
       <r>   16.3565    0.0000 </r>
       <r>   18.0728    0.0000 </r>
       <r>   18.0728    0.0000 </r>
       <r>   19.1657    0.0000 </r>
       <r>   19.1657    0.0000 </r>
       <r>   20.6577    0.0000 </r>
       <r>   20.6577    0.0000 </r>
       <r>   21.0121    0.0000 </r>
       <r>   21.0121    0.0000 </r>
      </set>
      <set comment="kpoint 16">
       <r>  -13.6216    1.0000 </r>
       <r>  -13.5822    1.0000 </r>
       <r>  -13.5130    1.0000 </r>
       <r>  -13.5001    1.0000 </r>
       <r>  -13.4856    1.0000 </r>
       <r>  -13.4607    1.0000 </r>
       <r>  -13.4554    1.0000 </r>
       <r>  -13.4498    1.0000 </r>
       <r>  -13.4463    1.0000 </r>
       <r>  -13.4410    1.0000 </r>
       <r>  -13.4052    1.0000 </r>
       <r>  -13.3832    1.0000 </r>
       <r>  -13.3787    1.0000 </r>
       <r>  -13.3602    1.0000 </r>
       <r>  -13.3586    1.0000 </r>
       <r>  -13.3249    1.0000 </r>
       <r>  -13.2979    1.0000 </r>
       <r>  -13.2936    1.0000 </r>
       <r>  -13.2591    1.0000 </r>
       <r>  -13.2258    1.0000 </r>
       <r>   -0.8471    1.0000 </r>
       <r>    1.0675    1.0000 </r>
       <r>    1.4010    1.0000 </r>
       <r>    3.3546    1.0000 </r>
       <r>    5.0319    1.0000 </r>
       <r>    6.7298    1.0000 </r>
       <r>    6.8004    1.0000 </r>
       <r>    7.2494    1.0000 </r>
       <r>    7.3005    1.0000 </r>
       <r>    8.9028   -0.0000 </r>
       <r>    9.1587   -0.0000 </r>
       <r>    9.5141   -0.0000 </r>
       <r>   12.2544   -0.0000 </r>
       <r>   12.2760   -0.0000 </r>
       <r>   14.0763    0.0000 </r>
       <r>   14.1096    0.0000 </r>
       <r>   14.2737    0.0000 </r>
       <r>   15.1735    0.0000 </r>
       <r>   15.4376    0.0000 </r>
       <r>   16.5588    0.0000 </r>
       <r>   16.7021    0.0000 </r>
       <r>   19.1893    0.0000 </r>
       <r>   19.6045    0.0000 </r>
       <r>   20.1105    0.0000 </r>
       <r>   20.9944    0.0000 </r>
       <r>   21.3812    0.0000 </r>
       <r>   21.4353    0.0000 </r>
       <r>   21.5544    0.0000 </r>
      </set>
      <set comment="kpoint 17">
       <r>  -13.5894    1.0000 </r>
       <r>  -13.5894    1.0000 </r>
       <r>  -13.5176    1.0000 </r>
       <r>  -13.5176    1.0000 </r>
       <r>  -13.4947    1.0000 </r>
       <r>  -13.4947    1.0000 </r>
       <r>  -13.4574    1.0000 </r>
       <r>  -13.4574    1.0000 </r>
       <r>  -13.4447    1.0000 </r>
       <r>  -13.4447    1.0000 </r>
       <r>  -13.3828    1.0000 </r>
       <r>  -13.3828    1.0000 </r>
       <r>  -13.3583    1.0000 </r>
       <r>  -13.3583    1.0000 </r>
       <r>  -13.3084    1.0000 </r>
       <r>  -13.3084    1.0000 </r>
       <r>  -13.3059    1.0000 </r>
       <r>  -13.3059    1.0000 </r>
       <r>  -13.2611    1.0000 </r>
       <r>  -13.2611    1.0000 </r>
       <r>   -0.0293    1.0000 </r>
       <r>   -0.0293    1.0000 </r>
       <r>    2.0550    1.0000 </r>
       <r>    2.0550    1.0000 </r>
       <r>    5.7994    1.0000 </r>
       <r>    5.7994    1.0000 </r>
       <r>    7.4001    1.0000 </r>
       <r>    7.4001    1.0000 </r>
       <r>    8.3686    0.1059 </r>
       <r>    8.3686    0.1059 </r>
       <r>   10.1629   -0.0000 </r>
       <r>   10.1629   -0.0000 </r>
       <r>   12.0242   -0.0000 </r>
       <r>   12.0242   -0.0000 </r>
       <r>   12.9603   -0.0000 </r>
       <r>   12.9603   -0.0000 </r>
       <r>   15.3580    0.0000 </r>
       <r>   15.3580    0.0000 </r>
       <r>   16.2645    0.0000 </r>
       <r>   16.2645    0.0000 </r>
       <r>   17.4905    0.0000 </r>
       <r>   17.4905    0.0000 </r>
       <r>   18.5753    0.0000 </r>
       <r>   18.5753    0.0000 </r>
       <r>   20.3081    0.0000 </r>
       <r>   20.3081    0.0000 </r>
       <r>   22.6630    0.0000 </r>
       <r>   22.6630    0.0000 </r>
      </set>
      <set comment="kpoint 18">
       <r>  -13.5554    1.0000 </r>
       <r>  -13.5554    1.0000 </r>
       <r>  -13.5554    1.0000 </r>
       <r>  -13.5554    1.0000 </r>
       <r>  -13.4910    1.0000 </r>
       <r>  -13.4910    1.0000 </r>
       <r>  -13.4910    1.0000 </r>
       <r>  -13.4910    1.0000 </r>
       <r>  -13.4037    1.0000 </r>
       <r>  -13.4037    1.0000 </r>
       <r>  -13.4037    1.0000 </r>
       <r>  -13.4037    1.0000 </r>
       <r>  -13.3134    1.0000 </r>
       <r>  -13.3134    1.0000 </r>
       <r>  -13.3134    1.0000 </r>
       <r>  -13.3134    1.0000 </r>
       <r>  -13.2961    1.0000 </r>
       <r>  -13.2961    1.0000 </r>
       <r>  -13.2961    1.0000 </r>
       <r>  -13.2961    1.0000 </r>
       <r>    0.7902    1.0000 </r>
       <r>    0.7902    1.0000 </r>
       <r>    0.7902    1.0000 </r>
       <r>    0.7902    1.0000 </r>
       <r>    6.5672    1.0000 </r>
       <r>    6.5672    1.0000 </r>
       <r>    6.5672    1.0000 </r>
       <r>    6.5672    1.0000 </r>
       <r>   10.7388   -0.0000 </r>
       <r>   10.7388   -0.0000 </r>
       <r>   10.7388   -0.0000 </r>
       <r>   10.7388   -0.0000 </r>
       <r>   11.0805   -0.0000 </r>
       <r>   11.0805   -0.0000 </r>
       <r>   11.0805   -0.0000 </r>
       <r>   11.0805   -0.0000 </r>
       <r>   16.5066    0.0000 </r>
       <r>   16.5066    0.0000 </r>
       <r>   16.5066    0.0000 </r>
       <r>   16.5066    0.0000 </r>
       <r>   17.1071    0.0000 </r>
       <r>   17.1071    0.0000 </r>
       <r>   17.1071    0.0000 </r>
       <r>   17.1071    0.0000 </r>
       <r>   20.9443    0.0000 </r>
       <r>   20.9443    0.0000 </r>
       <r>   20.9443    0.0000 </r>
       <r>   20.9443    0.0000 </r>
      </set>
      <set comment="kpoint 19">
       <r>  -13.6066    1.0000 </r>
       <r>  -13.6066    1.0000 </r>
       <r>  -13.4856    1.0000 </r>
       <r>  -13.4856    1.0000 </r>
       <r>  -13.4856    1.0000 </r>
       <r>  -13.4856    1.0000 </r>
       <r>  -13.4793    1.0000 </r>
       <r>  -13.4793    1.0000 </r>
       <r>  -13.4216    1.0000 </r>
       <r>  -13.4216    1.0000 </r>
       <r>  -13.4216    1.0000 </r>
       <r>  -13.4216    1.0000 </r>
       <r>  -13.3981    1.0000 </r>
       <r>  -13.3981    1.0000 </r>
       <r>  -13.3179    1.0000 </r>
       <r>  -13.3179    1.0000 </r>
       <r>  -13.2462    1.0000 </r>
       <r>  -13.2462    1.0000 </r>
       <r>  -13.2142    1.0000 </r>
       <r>  -13.2142    1.0000 </r>
       <r>    0.5572    1.0000 </r>
       <r>    0.5572    1.0000 </r>
       <r>    4.4317    1.0000 </r>
       <r>    4.4317    1.0000 </r>
       <r>    5.2102    1.0000 </r>
       <r>    5.2102    1.0000 </r>
       <r>    6.6624    1.0000 </r>
       <r>    6.6624    1.0000 </r>
       <r>    6.6624    1.0000 </r>
       <r>    6.6624    1.0000 </r>
       <r>    8.5650   -0.0264 </r>
       <r>    8.5650   -0.0264 </r>
       <r>   11.4560   -0.0000 </r>
       <r>   11.4560   -0.0000 </r>
       <r>   11.4560   -0.0000 </r>
       <r>   11.4560   -0.0000 </r>
       <r>   14.2423    0.0000 </r>
       <r>   14.2423    0.0000 </r>
       <r>   19.0249    0.0000 </r>
       <r>   19.0249    0.0000 </r>
       <r>   19.0249    0.0000 </r>
       <r>   19.0249    0.0000 </r>
       <r>   20.4761    0.0000 </r>
       <r>   20.4761    0.0000 </r>
       <r>   21.4154    0.0000 </r>
       <r>   21.4154    0.0000 </r>
       <r>   23.9969    0.0000 </r>
       <r>   23.9969    0.0000 </r>
      </set>
      <set comment="kpoint 20">
       <r>  -13.6087    1.0000 </r>
       <r>  -13.6087    1.0000 </r>
       <r>  -13.4990    1.0000 </r>
       <r>  -13.4990    1.0000 </r>
       <r>  -13.4850    1.0000 </r>
       <r>  -13.4850    1.0000 </r>
       <r>  -13.4556    1.0000 </r>
       <r>  -13.4556    1.0000 </r>
       <r>  -13.4552    1.0000 </r>
       <r>  -13.4552    1.0000 </r>
       <r>  -13.4229    1.0000 </r>
       <r>  -13.4229    1.0000 </r>
       <r>  -13.3551    1.0000 </r>
       <r>  -13.3551    1.0000 </r>
       <r>  -13.3274    1.0000 </r>
       <r>  -13.3274    1.0000 </r>
       <r>  -13.2454    1.0000 </r>
       <r>  -13.2454    1.0000 </r>
       <r>  -13.2211    1.0000 </r>
       <r>  -13.2211    1.0000 </r>
       <r>    0.7780    1.0000 </r>
       <r>    0.7780    1.0000 </r>
       <r>    3.4905    1.0000 </r>
       <r>    3.4905    1.0000 </r>
       <r>    5.2025    1.0000 </r>
       <r>    5.2025    1.0000 </r>
       <r>    6.7614    1.0000 </r>
       <r>    6.7614    1.0000 </r>
       <r>    7.2677    1.0000 </r>
       <r>    7.2677    1.0000 </r>
       <r>    8.8071   -0.0004 </r>
       <r>    8.8071   -0.0004 </r>
       <r>   10.7690   -0.0000 </r>
       <r>   10.7690   -0.0000 </r>
       <r>   12.7688   -0.0000 </r>
       <r>   12.7688   -0.0000 </r>
       <r>   15.5759    0.0000 </r>
       <r>   15.5759    0.0000 </r>
       <r>   16.1169    0.0000 </r>
       <r>   16.1169    0.0000 </r>
       <r>   19.1047    0.0000 </r>
       <r>   19.1047    0.0000 </r>
       <r>   19.9310    0.0000 </r>
       <r>   19.9310    0.0000 </r>
       <r>   21.2739    0.0000 </r>
       <r>   21.2739    0.0000 </r>
       <r>   21.5862    0.0000 </r>
       <r>   21.5862    0.0000 </r>
      </set>
      <set comment="kpoint 21">
       <r>  -13.5979    1.0000 </r>
       <r>  -13.5979    1.0000 </r>
       <r>  -13.5198    1.0000 </r>
       <r>  -13.5198    1.0000 </r>
       <r>  -13.5037    1.0000 </r>
       <r>  -13.5037    1.0000 </r>
       <r>  -13.4624    1.0000 </r>
       <r>  -13.4624    1.0000 </r>
       <r>  -13.4373    1.0000 </r>
       <r>  -13.4373    1.0000 </r>
       <r>  -13.4249    1.0000 </r>
       <r>  -13.4249    1.0000 </r>
       <r>  -13.3390    1.0000 </r>
       <r>  -13.3390    1.0000 </r>
       <r>  -13.2816    1.0000 </r>
       <r>  -13.2816    1.0000 </r>
       <r>  -13.2740    1.0000 </r>
       <r>  -13.2740    1.0000 </r>
       <r>  -13.2339    1.0000 </r>
       <r>  -13.2339    1.0000 </r>
       <r>    1.1250    1.0000 </r>
       <r>    1.1250    1.0000 </r>
       <r>    2.6396    1.0000 </r>
       <r>    2.6396    1.0000 </r>
       <r>    5.7580    1.0000 </r>
       <r>    5.7580    1.0000 </r>
       <r>    6.3444    1.0000 </r>
       <r>    6.3444    1.0000 </r>
       <r>    6.8736    1.0000 </r>
       <r>    6.8736    1.0000 </r>
       <r>   10.2700   -0.0000 </r>
       <r>   10.2700   -0.0000 </r>
       <r>   10.9064   -0.0000 </r>
       <r>   10.9064   -0.0000 </r>
       <r>   12.7528   -0.0000 </r>
       <r>   12.7528   -0.0000 </r>
       <r>   15.2461    0.0000 </r>
       <r>   15.2461    0.0000 </r>
       <r>   17.6791    0.0000 </r>
       <r>   17.6791    0.0000 </r>
       <r>   17.8956    0.0000 </r>
       <r>   17.8956    0.0000 </r>
       <r>   18.3515    0.0000 </r>
       <r>   18.3515    0.0000 </r>
       <r>   19.5616    0.0000 </r>
       <r>   19.5616    0.0000 </r>
       <r>   21.4956    0.0000 </r>
       <r>   21.4956    0.0000 </r>
      </set>
      <set comment="kpoint 22">
       <r>  -13.6108    1.0000 </r>
       <r>  -13.6108    1.0000 </r>
       <r>  -13.5149    1.0000 </r>
       <r>  -13.5149    1.0000 </r>
       <r>  -13.4726    1.0000 </r>
       <r>  -13.4726    1.0000 </r>
       <r>  -13.4654    1.0000 </r>
       <r>  -13.4654    1.0000 </r>
       <r>  -13.4520    1.0000 </r>
       <r>  -13.4520    1.0000 </r>
       <r>  -13.4071    1.0000 </r>
       <r>  -13.4071    1.0000 </r>
       <r>  -13.3480    1.0000 </r>
       <r>  -13.3480    1.0000 </r>
       <r>  -13.3317    1.0000 </r>
       <r>  -13.3317    1.0000 </r>
       <r>  -13.2443    1.0000 </r>
       <r>  -13.2443    1.0000 </r>
       <r>  -13.2278    1.0000 </r>
       <r>  -13.2278    1.0000 </r>
       <r>    1.0053    1.0000 </r>
       <r>    1.0053    1.0000 </r>
       <r>    3.3242    1.0000 </r>
       <r>    3.3242    1.0000 </r>
       <r>    4.3412    1.0000 </r>
       <r>    4.3412    1.0000 </r>
       <r>    6.3363    1.0000 </r>
       <r>    6.3363    1.0000 </r>
       <r>    8.6524   -0.0090 </r>
       <r>    8.6524   -0.0090 </r>
       <r>    9.0117   -0.0000 </r>
       <r>    9.0117   -0.0000 </r>
       <r>   12.0079   -0.0000 </r>
       <r>   12.0079   -0.0000 </r>
       <r>   12.0700   -0.0000 </r>
       <r>   12.0700   -0.0000 </r>
       <r>   15.7573    0.0000 </r>
       <r>   15.7573    0.0000 </r>
       <r>   16.5646    0.0000 </r>
       <r>   16.5646    0.0000 </r>
       <r>   17.0344    0.0000 </r>
       <r>   17.0344    0.0000 </r>
       <r>   18.6043    0.0000 </r>
       <r>   18.6043    0.0000 </r>
       <r>   19.4925    0.0000 </r>
       <r>   19.4925    0.0000 </r>
       <r>   23.1802    0.0000 </r>
       <r>   23.1918    0.0000 </r>
      </set>
      <set comment="kpoint 23">
       <r>  -13.6006    1.0000 </r>
       <r>  -13.6006    1.0000 </r>
       <r>  -13.5311    1.0000 </r>
       <r>  -13.5311    1.0000 </r>
       <r>  -13.5023    1.0000 </r>
       <r>  -13.5023    1.0000 </r>
       <r>  -13.4586    1.0000 </r>
       <r>  -13.4586    1.0000 </r>
       <r>  -13.4474    1.0000 </r>
       <r>  -13.4474    1.0000 </r>
       <r>  -13.3820    1.0000 </r>
       <r>  -13.3820    1.0000 </r>
       <r>  -13.3583    1.0000 </r>
       <r>  -13.3583    1.0000 </r>
       <r>  -13.2822    1.0000 </r>
       <r>  -13.2822    1.0000 </r>
       <r>  -13.2726    1.0000 </r>
       <r>  -13.2726    1.0000 </r>
       <r>  -13.2382    1.0000 </r>
       <r>  -13.2382    1.0000 </r>
       <r>    1.3791    1.0000 </r>
       <r>    1.3791    1.0000 </r>
       <r>    2.6586    1.0000 </r>
       <r>    2.6586    1.0000 </r>
       <r>    4.4991    1.0000 </r>
       <r>    4.4991    1.0000 </r>
       <r>    5.5564    1.0000 </r>
       <r>    5.5564    1.0000 </r>
       <r>    8.9676   -0.0000 </r>
       <r>    8.9676   -0.0000 </r>
       <r>   11.1728   -0.0000 </r>
       <r>   11.1728   -0.0000 </r>
       <r>   11.4559   -0.0000 </r>
       <r>   11.4559   -0.0000 </r>
       <r>   12.5250   -0.0000 </r>
       <r>   12.5250   -0.0000 </r>
       <r>   14.8695    0.0000 </r>
       <r>   14.8695    0.0000 </r>
       <r>   16.1402    0.0000 </r>
       <r>   16.1402    0.0000 </r>
       <r>   16.4489    0.0000 </r>
       <r>   16.4489    0.0000 </r>
       <r>   18.0129    0.0000 </r>
       <r>   18.0129    0.0000 </r>
       <r>   20.1311    0.0000 </r>
       <r>   20.1311    0.0000 </r>
       <r>   20.2432    0.0000 </r>
       <r>   20.2432    0.0000 </r>
      </set>
      <set comment="kpoint 24">
       <r>  -13.5720    1.0000 </r>
       <r>  -13.5720    1.0000 </r>
       <r>  -13.5720    1.0000 </r>
       <r>  -13.5720    1.0000 </r>
       <r>  -13.4947    1.0000 </r>
       <r>  -13.4947    1.0000 </r>
       <r>  -13.4947    1.0000 </r>
       <r>  -13.4947    1.0000 </r>
       <r>  -13.4016    1.0000 </r>
       <r>  -13.4016    1.0000 </r>
       <r>  -13.4016    1.0000 </r>
       <r>  -13.4016    1.0000 </r>
       <r>  -13.3035    1.0000 </r>
       <r>  -13.3035    1.0000 </r>
       <r>  -13.3035    1.0000 </r>
       <r>  -13.3035    1.0000 </r>
       <r>  -13.2644    1.0000 </r>
       <r>  -13.2644    1.0000 </r>
       <r>  -13.2644    1.0000 </r>
       <r>  -13.2644    1.0000 </r>
       <r>    2.0812    1.0000 </r>
       <r>    2.0812    1.0000 </r>
       <r>    2.0812    1.0000 </r>
       <r>    2.0812    1.0000 </r>
       <r>    4.4913    1.0000 </r>
       <r>    4.4913    1.0000 </r>
       <r>    4.4913    1.0000 </r>
       <r>    4.4913    1.0000 </r>
       <r>   11.6351   -0.0000 </r>
       <r>   11.6351   -0.0000 </r>
       <r>   11.6351   -0.0000 </r>
       <r>   11.6351   -0.0000 </r>
       <r>   12.0250   -0.0000 </r>
       <r>   12.0250   -0.0000 </r>
       <r>   12.0250   -0.0000 </r>
       <r>   12.0250   -0.0000 </r>
       <r>   14.8087    0.0000 </r>
       <r>   14.8087    0.0000 </r>
       <r>   14.8087    0.0000 </r>
       <r>   14.8087    0.0000 </r>
       <r>   15.4359    0.0000 </r>
       <r>   15.4359    0.0000 </r>
       <r>   15.4359    0.0000 </r>
       <r>   15.4359    0.0000 </r>
       <r>   22.6362    0.0000 </r>
       <r>   22.6362    0.0000 </r>
       <r>   22.6363    0.0000 </r>
       <r>   22.6374    0.0000 </r>
      </set>
     </set>
    </set>
   </array>
  </eigenvalues>
  <separator name="orbital magnetization" >
   <v name="MAGDIPOLOUT">      0.00000000      0.00000000      0.00000000</v>
  </separator>
 </calculation>
 <structure name="finalpos" >
  <crystal>
   <varray name="basis" >
    <v>       5.83130000       0.00000000       0.00000000 </v>
    <v>       0.00000000       5.83130000       0.00000000 </v>
    <v>       0.00000000       0.00000000       3.18150000 </v>
   </varray>
   <i name="volume">    108.18391590 </i>
   <varray name="rec_basis" >
    <v>       0.17148835       0.00000000       0.00000000 </v>
    <v>       0.00000000       0.17148835       0.00000000 </v>
    <v>       0.00000000       0.00000000       0.31431715 </v>
   </varray>
  </crystal>
  <varray name="positions" >
   <v>       0.00000000       0.75000000       0.12500000 </v>
   <v>       0.00000000       0.25000000       0.87500000 </v>
   <v>       0.50000000       0.25000000       0.62500000 </v>
   <v>       0.50000000       0.75000000       0.37500000 </v>
  </varray>
 </structure>
</modeling>
