<?xml version="1.0" encoding="ISO-8859-1"?>
<modeling>
 <generator>
  <i name="program" type="string">vasp </i>
  <i name="version" type="string">5.3.3  </i>
  <i name="subversion" type="string">18Dez12 (build Jul  9 2013 10:45:47) complex                          parallel </i>
  <i name="platform" type="string">LinuxIFC </i>
  <i name="date" type="string">2015 07 13 </i>
  <i name="time" type="string">04:35:53 </i>
 </generator>
 <incar>
  <i type="string" name="SYSTEM"> (Sn)4  (P1) ~ POSCAR_2x2x2_1 (VASP)</i>
  <i type="int" name="ISTART">     0</i>
  <i type="string" name="PREC">normal</i>
  <i type="string" name="ALGO"> Normal (blocked Davidson)</i>
  <i type="logical" name="ADDGRID"> F  </i>
  <i type="int" name="ISPIN">     1</i>
  <i type="int" name="ICHARG">     2</i>
  <i type="int" name="INIWAV">     1</i>
  <i type="int" name="NELM">    60</i>
  <i type="int" name="NELMIN">     2</i>
  <i type="int" name="IBRION">    -1</i>
  <i name="EDIFF">      0.00001000</i>
  <i name="EDIFFG">     -0.02000000</i>
  <i type="int" name="NSW">     0</i>
  <i type="int" name="NBLOCK">     1</i>
  <i name="ENCUT">    450.00000000</i>
  <v name="RWIGS">      1.41000000</v>
  <i type="logical" name="LREAL"> F  </i>
  <i type="int" name="ISMEAR">     1</i>
  <i name="SIGMA">      0.20000000</i>
  <i type="logical" name="LWAVE"> F  </i>
  <i type="logical" name="LCHARG"> F  </i>
  <i type="int" name="NELM">    60</i>
  <i type="int" name="VOSKOWN">     1</i>
 </incar>
 <kpoints>
  <generation param="Gamma">
   <v type="int" name="divisions">       4        4        8 </v>
   <v name="usershift">      0.00000000       0.00000000       0.00000000 </v>
   <v name="genvec1">      0.25000000       0.00000000       0.00000000 </v>
   <v name="genvec2">      0.00000000       0.25000000       0.00000000 </v>
   <v name="genvec3">      0.00000000       0.00000000       0.12500000 </v>
   <v name="shift">      0.00000000       0.00000000       0.00000000 </v>
  </generation>
  <varray name="kpointlist" >
   <v>       0.00000000       0.00000000       0.00000000 </v>
   <v>       0.25000000       0.00000000       0.00000000 </v>
   <v>       0.50000000       0.00000000       0.00000000 </v>
   <v>       0.25000000       0.25000000       0.00000000 </v>
   <v>       0.50000000       0.25000000       0.00000000 </v>
   <v>       0.50000000       0.50000000       0.00000000 </v>
   <v>       0.00000000       0.00000000       0.12500000 </v>
   <v>       0.25000000       0.00000000       0.12500000 </v>
   <v>       0.50000000       0.00000000       0.12500000 </v>
   <v>       0.25000000       0.25000000       0.12500000 </v>
   <v>       0.50000000       0.25000000       0.12500000 </v>
   <v>       0.50000000       0.50000000       0.12500000 </v>
   <v>       0.00000000       0.00000000       0.25000000 </v>
   <v>       0.25000000       0.00000000       0.25000000 </v>
   <v>       0.50000000       0.00000000       0.25000000 </v>
   <v>       0.25000000       0.25000000       0.25000000 </v>
   <v>       0.50000000       0.25000000       0.25000000 </v>
   <v>       0.50000000       0.50000000       0.25000000 </v>
   <v>       0.00000000       0.00000000       0.37500000 </v>
   <v>       0.25000000       0.00000000       0.37500000 </v>
   <v>       0.50000000       0.00000000       0.37500000 </v>
   <v>       0.25000000       0.25000000       0.37500000 </v>
   <v>       0.50000000       0.25000000       0.37500000 </v>
   <v>       0.50000000       0.50000000       0.37500000 </v>
   <v>       0.00000000       0.00000000       0.50000000 </v>
   <v>       0.25000000       0.00000000       0.50000000 </v>
   <v>       0.50000000       0.00000000       0.50000000 </v>
   <v>       0.25000000       0.25000000       0.50000000 </v>
   <v>       0.50000000       0.25000000       0.50000000 </v>
   <v>       0.50000000       0.50000000       0.50000000 </v>
  </varray>
  <varray name="weights" >
   <v>       0.00781250 </v>
   <v>       0.03125000 </v>
   <v>       0.01562500 </v>
   <v>       0.03125000 </v>
   <v>       0.03125000 </v>
   <v>       0.00781250 </v>
   <v>       0.01562500 </v>
   <v>       0.06250000 </v>
   <v>       0.03125000 </v>
   <v>       0.06250000 </v>
   <v>       0.06250000 </v>
   <v>       0.01562500 </v>
   <v>       0.01562500 </v>
   <v>       0.06250000 </v>
   <v>       0.03125000 </v>
   <v>       0.06250000 </v>
   <v>       0.06250000 </v>
   <v>       0.01562500 </v>
   <v>       0.01562500 </v>
   <v>       0.06250000 </v>
   <v>       0.03125000 </v>
   <v>       0.06250000 </v>
   <v>       0.06250000 </v>
   <v>       0.01562500 </v>
   <v>       0.00781250 </v>
   <v>       0.03125000 </v>
   <v>       0.01562500 </v>
   <v>       0.03125000 </v>
   <v>       0.03125000 </v>
   <v>       0.00781250 </v>
  </varray>
 </kpoints>
 <parameters>
  <separator name="general" >
   <i type="string" name="SYSTEM">(Sn)4  (P1) ~ POSCAR_2x2x2_1 (VASP)</i>
   <i type="logical" name="LCOMPAT"> F  </i>
  </separator>
  <separator name="electronic" >
   <i type="string" name="PREC">normal</i>
   <i name="ENMAX">    450.00000000</i>
   <i name="ENAUG">    439.82500000</i>
   <i name="EDIFF">      0.00001000</i>
   <i type="int" name="IALGO">    38</i>
   <i type="int" name="IWAVPR">    10</i>
   <i type="int" name="NBANDS">    48</i>
   <i name="NELECT">     56.00000000</i>
   <i type="int" name="TURBO">     0</i>
   <i type="int" name="IRESTART">     0</i>
   <i type="int" name="NREBOOT">     0</i>
   <i type="int" name="NMIN">     0</i>
   <i name="EREF">      0.00000000</i>
   <separator name="electronic smearing" >
    <i type="int" name="ISMEAR">     1</i>
    <i name="SIGMA">      0.20000000</i>
    <i name="KSPACING">      0.50000000</i>
    <i type="logical" name="KGAMMA"> T  </i>
   </separator>
   <separator name="electronic projectors" >
    <i type="logical" name="LREAL"> F  </i>
    <v name="ROPT">      0.00000000</v>
    <i type="int" name="LMAXPAW">  -100</i>
    <i type="int" name="LMAXMIX">     2</i>
    <i type="logical" name="NLSPLINE"> F  </i>
   </separator>
   <separator name="electronic startup" >
    <i type="int" name="ISTART">     0</i>
    <i type="int" name="ICHARG">     2</i>
    <i type="int" name="INIWAV">     1</i>
   </separator>
   <separator name="electronic spin" >
    <i type="int" name="ISPIN">     1</i>
    <i type="logical" name="LNONCOLLINEAR"> F  </i>
    <v name="MAGMOM">      1.00000000      1.00000000      1.00000000      1.00000000</v>
    <i name="NUPDOWN">     -1.00000000</i>
    <i type="logical" name="LSORBIT"> F  </i>
    <v name="SAXIS">      0.00000000      0.00000000      1.00000000</v>
    <i type="logical" name="LSPIRAL"> F  </i>
    <v name="QSPIRAL">      0.00000000      0.00000000      0.00000000</v>
    <i type="logical" name="LZEROZ"> F  </i>
   </separator>
   <separator name="electronic exchange-correlation" >
    <i type="logical" name="LASPH"> F  </i>
    <i type="logical" name="LMETAGGA"> F  </i>
   </separator>
   <separator name="electronic convergence" >
    <i type="int" name="NELM">    60</i>
    <i type="int" name="NELMDL">    -5</i>
    <i type="int" name="NELMIN">     2</i>
    <i name="ENINI">    450.00000000</i>
    <separator name="electronic convergence detail" >
     <i type="logical" name="LDIAG"> T  </i>
     <i type="logical" name="LSUBROT"> T  </i>
     <i name="WEIMIN">      0.00000000</i>
     <i name="EBREAK">      0.00000005</i>
     <i name="DEPER">      0.30000000</i>
     <i type="int" name="NRMM">     4</i>
     <i name="TIME">      0.40000000</i>
    </separator>
   </separator>
   <separator name="electronic mixer" >
    <i name="AMIX">      0.40000000</i>
    <i name="BMIX">      1.00000000</i>
    <i name="AMIN">      0.10000000</i>
    <i name="AMIX_MAG">      1.60000000</i>
    <i name="BMIX_MAG">      1.00000000</i>
    <separator name="electronic mixer details" >
     <i type="int" name="IMIX">     4</i>
     <i type="int" name="MAXMIX">   -45</i>
     <i name="WC">    100.00000000</i>
     <i type="int" name="INIMIX">     1</i>
     <i type="int" name="MIXPRE">     1</i>
     <i type="int" name="MREMOVE">     5</i>
    </separator>
   </separator>
   <separator name="electronic dipolcorrection" >
    <i type="logical" name="LDIPOL"> F  </i>
    <i type="logical" name="LMONO"> F  </i>
    <i type="int" name="IDIPOL">     0</i>
    <i name="EPSILON">      1.00000000</i>
    <v name="DIPOL">   -100.00000000   -100.00000000   -100.00000000</v>
    <i name="EFIELD">      0.00000000</i>
   </separator>
  </separator>
  <separator name="grids" >
   <i type="int" name="NGX">    30</i>
   <i type="int" name="NGY">    30</i>
   <i type="int" name="NGZ">    18</i>
   <i type="int" name="NGXF">    60</i>
   <i type="int" name="NGYF">    60</i>
   <i type="int" name="NGZF">    36</i>
   <i type="logical" name="ADDGRID"> F  </i>
  </separator>
  <separator name="ionic" >
   <i type="int" name="NSW">     0</i>
   <i type="int" name="IBRION">    -1</i>
   <i type="int" name="ISIF">     2</i>
   <i name="PSTRESS">      0.00000000</i>
   <i name="EDIFFG">     -0.02000000</i>
   <i type="int" name="NFREE">     0</i>
   <i name="POTIM">      0.50000000</i>
   <i name="SMASS">     -3.00000000</i>
   <i name="SCALEE">      1.00000000</i>
  </separator>
  <separator name="ionic md" >
   <i name="TEBEG">      0.00010000</i>
   <i name="TEEND">      0.00010000</i>
   <i type="int" name="NBLOCK">     1</i>
   <i type="int" name="KBLOCK">     1</i>
   <i type="int" name="NPACO">   256</i>
   <i name="APACO">     16.00000000</i>
  </separator>
  <separator name="symmetry" >
   <i type="int" name="ISYM">     2</i>
   <i name="SYMPREC">      0.00001000</i>
  </separator>
  <separator name="dos" >
   <i type="logical" name="LORBIT"> F  </i>
   <v name="RWIGS">      1.41000000</v>
   <i type="int" name="NEDOS">   301</i>
   <i name="EMIN">     10.00000000</i>
   <i name="EMAX">    -10.00000000</i>
   <i name="EFERMI">      0.00000000</i>
  </separator>
  <separator name="writing" >
   <i type="int" name="NWRITE">     2</i>
   <i type="logical" name="LWAVE"> F  </i>
   <i type="logical" name="LCHARG"> F  </i>
   <i type="logical" name="LPARD"> F  </i>
   <i type="logical" name="LVTOT"> F  </i>
   <i type="logical" name="LVHAR"> F  </i>
   <i type="logical" name="LELF"> F  </i>
   <i type="logical" name="LOPTICS"> F  </i>
   <v name="STM">      0.00000000      0.00000000      0.00000000      0.00000000      0.00000000      0.00000000      0.00000000</v>
  </separator>
  <separator name="performance" >
   <i type="int" name="NPAR">    16</i>
   <i type="int" name="NSIM">     4</i>
   <i type="int" name="NBLK">    -1</i>
   <i type="logical" name="LPLANE"> T  </i>
   <i type="logical" name="LSCALAPACK"> F  </i>
   <i type="logical" name="LSCAAWARE"> F  </i>
   <i type="logical" name="LSCALU"> F  </i>
   <i type="logical" name="LASYNC"> F  </i>
   <i type="logical" name="LORBITALREAL"> F  </i>
  </separator>
  <separator name="miscellaneous" >
   <i type="int" name="IDIOT">     3</i>
   <i type="logical" name="LMUSIC"> F  </i>
   <v name="POMASS">    118.71000000</v>
   <v name="DARWINR">      0.00000000</v>
   <v name="DARWINV">      1.00000000</v>
   <i type="logical" name="LCORR"> T  </i>
  </separator>
  <i type="logical" name="GGA_COMPAT"> T  </i>
  <i type="logical" name="LBERRY"> F  </i>
  <i type="int" name="ICORELEVEL">     0</i>
  <i type="logical" name="LDAU"> F  </i>
  <i type="int" name="I_CONSTRAINED_M">     0</i>
  <separator name="electronic exchange-correlation" >
   <i type="string" name="GGA">--</i>
   <i type="int" name="VOSKOWN">     1</i>
   <i type="logical" name="LHFCALC"> F  </i>
   <i type="string" name="PRECFOCK"></i>
   <i type="logical" name="LSYMGRAD"> F  </i>
   <i type="logical" name="LHFONE"> F  </i>
   <i type="logical" name="LRHFCALC"> F  </i>
   <i type="logical" name="LTHOMAS"> F  </i>
   <i type="logical" name="LMODELHF"> F  </i>
   <i name="ENCUT4O">     -1.00000000</i>
   <i type="int" name="EXXOEP">     0</i>
   <i type="int" name="FOURORBIT">     0</i>
   <i name="AEXX">      0.00000000</i>
   <i name="HFALPHA">      0.00000000</i>
   <i name="MCALPHA">      0.00000000</i>
   <i name="ALDAX">      1.00000000</i>
   <i name="AGGAX">      1.00000000</i>
   <i name="ALDAC">      1.00000000</i>
   <i name="AGGAC">      1.00000000</i>
   <i type="int" name="NKREDX">     1</i>
   <i type="int" name="NKREDY">     1</i>
   <i type="int" name="NKREDZ">     1</i>
   <i type="logical" name="SHIFTRED"> F  </i>
   <i type="logical" name="ODDONLY"> F  </i>
   <i type="logical" name="EVENONLY"> F  </i>
   <i type="int" name="LMAXFOCK">     0</i>
   <i type="int" name="NMAXFOCKAE">     0</i>
   <i type="logical" name="LFOCKAEDFT"> F  </i>
   <i name="HFSCREEN">      0.00000000</i>
   <i name="HFSCREENC">      0.00000000</i>
   <i type="int" name="NBANDSGWLOW">     0</i>
  </separator>
  <separator name="vdW DFT" >
   <i type="logical" name="LUSE_VDW"> F  </i>
   <i name="Zab_VDW">     -0.84910000</i>
   <i name="PARAM1">      0.12340000</i>
   <i name="PARAM2">      1.00000000</i>
   <i name="PARAM3">      0.00000000</i>
  </separator>
  <separator name="model GW" >
   <i type="int" name="MODEL_GW">     0</i>
   <i name="MODEL_EPS0">     16.22758739</i>
   <i name="MODEL_ALPHA">      1.00000000</i>
  </separator>
  <separator name="linear response parameters" >
   <i type="logical" name="LEPSILON"> F  </i>
   <i type="logical" name="LRPA"> F  </i>
   <i type="logical" name="LNABLA"> F  </i>
   <i type="logical" name="LVEL"> F  </i>
   <i type="int" name="KINTER">     0</i>
   <i name="CSHIFT">      0.10000000</i>
   <i name="OMEGAMAX">     -1.00000000</i>
   <i name="DEG_THRESHOLD">      0.00200000</i>
  </separator>
  <separator name="orbital magnetization" >
   <i type="logical" name="NUCIND"> F  </i>
   <v name="MAGPOS">      0.00000000      0.00000000      0.00000000</v>
   <i type="logical" name="LNICSALL"> T  </i>
   <i type="logical" name="ORBITALMAG"> F  </i>
   <i type="logical" name="LMAGBLOCH"> F  </i>
   <i type="logical" name="LCHIMAG"> F  </i>
   <i type="logical" name="LGAUGE"> T  </i>
   <i type="int" name="MAGATOM">     0</i>
   <v name="MAGDIPOL">      0.00000000      0.00000000      0.00000000</v>
   <v name="AVECCONST">      0.00000000      0.00000000      0.00000000</v>
  </separator>
  <separator name="response functions" >
   <i type="logical" name="LADDER"> F  </i>
   <i type="logical" name="LFXC"> F  </i>
   <i type="logical" name="LHARTREE"> T  </i>
   <i type="int" name="IBSE">     0</i>
   <i type="logical" name="LTCTE"> F  </i>
   <i type="logical" name="LTETE"> F  </i>
   <i type="logical" name="LTRIPLET"> F  </i>
   <i type="logical" name="LFXCEPS"> F  </i>
   <i type="logical" name="L2ORDER"> F  </i>
   <i type="logical" name="LUSEW"> F  </i>
   <i name="ENCUTGW">     -2.00000000</i>
   <i name="ENCUTGWSOFT">     -2.00000000</i>
   <i name="ENCUTLF">     -1.00000000</i>
   <i type="int" name="LMAXMP2">    -1</i>
   <i name="SCISSOR">      0.00000000</i>
   <i type="int" name="NOMEGA">     0</i>
   <i type="int" name="NOMEGAR">     0</i>
   <i type="int" name="NBANDSGW">    -1</i>
   <i type="int" name="NBANDSO">    -1</i>
   <i type="int" name="NBANDSV">    -1</i>
   <i type="int" name="NELM">    60</i>
   <i type="int" name="DIM">     3</i>
   <i type="int" name="ANTIRES">     0</i>
   <i name="OMEGAMAX">    -30.00000000</i>
   <i name="OMEGATL">   -200.00000000</i>
   <i type="int" name="OMEGAGRID">     0</i>
   <i name="CSHIFT">     -0.10000000</i>
   <i type="logical" name="SELFENERGY"> F  </i>
   <i type="logical" name="LSPECTRAL"> F  </i>
   <i type="logical" name="ODDONLYGW"> F  </i>
   <i type="logical" name="EVENONLYGW"> F  </i>
   <i type="int" name="NKREDLFX">     1</i>
   <i type="int" name="NKREDLFY">     1</i>
   <i type="int" name="NKREDLFZ">     1</i>
   <i type="int" name="MAXMEM">  1800</i>
   <i type="int" name="TELESCOPE">     0</i>
  </separator>
 </parameters>
 <atominfo>
  <atoms>       4 </atoms>
  <types>       1 </types>
  <array name="atoms" >
   <dimension dim="1">ion</dimension>
   <field type="string">element</field>
   <field type="int">atomtype</field>
   <set>
    <rc><c>Sn</c><c>   1</c></rc>
    <rc><c>Sn</c><c>   1</c></rc>
    <rc><c>Sn</c><c>   1</c></rc>
    <rc><c>Sn</c><c>   1</c></rc>
   </set>
  </array>
  <array name="atomtypes" >
   <dimension dim="1">type</dimension>
   <field type="int">atomspertype</field>
   <field type="string">element</field>
   <field>mass</field>
   <field>valence</field>
   <field type="string">pseudopotential</field>
   <set>
    <rc><c>   4</c><c>Sn</c><c>    118.71000000</c><c>     14.00000000</c><c> PAW_PBE Sn_d 06Sep2000                 </c></rc>
   </set>
  </array>
 </atominfo>
 <structure name="initialpos" >
  <crystal>
   <varray name="basis" >
    <v>       5.83130000       0.00000000       0.00000000 </v>
    <v>       0.00000000       5.83130000       0.00000000 </v>
    <v>       0.00000000       0.00000000       3.18150000 </v>
   </varray>
   <i name="volume">    108.18391590 </i>
   <varray name="rec_basis" >
    <v>       0.17148835       0.00000000       0.00000000 </v>
    <v>       0.00000000       0.17148835       0.00000000 </v>
    <v>       0.00000000       0.00000000       0.31431715 </v>
   </varray>
  </crystal>
  <varray name="positions" >
   <v>       0.00000000       0.75000000       0.12500000 </v>
   <v>       0.00000000       0.25000000       0.87500000 </v>
   <v>       0.50000000       0.25000000       0.62500000 </v>
   <v>       0.50000000       0.75000000       0.37500000 </v>
  </varray>
 </structure>
 <calculation>
  <scstep>
   <time name="dav">    1.64    1.69</time>
   <time name="total">    1.76    1.83</time>
   <energy>
    <i name="alphaZ">    165.15909015 </i>
    <i name="ewald">  -5374.96529713 </i>
    <i name="hartreedc">  -1990.89442271 </i>
    <i name="XCdc">    227.96367290 </i>
    <i name="pawpsdc">   5488.21437192 </i>
    <i name="pawaedc">  -5636.81509254 </i>
    <i name="eentropy">      0.00113228 </i>
    <i name="bandstr">     -4.20470971 </i>
    <i name="atom">   7572.29571107 </i>
    <i name="e_fr_energy">    446.75445624 </i>
    <i name="e_wo_entrp">    446.75332396 </i>
    <i name="e_0_energy">    446.75407881 </i>
   </energy>
  </scstep>
  <scstep>
   <time name="dav">    1.40    1.41</time>
   <time name="total">    1.41    1.41</time>
   <energy>
    <i name="e_fr_energy">     33.34583659 </i>
    <i name="e_wo_entrp">     33.34352354 </i>
    <i name="e_0_energy">     33.34506557 </i>
   </energy>
  </scstep>
  <scstep>
   <time name="dav">    1.68    1.68</time>
   <time name="total">    1.69    1.69</time>
   <energy>
    <i name="e_fr_energy">    -14.34551430 </i>
    <i name="e_wo_entrp">    -14.34689506 </i>
    <i name="e_0_energy">    -14.34597455 </i>
   </energy>
  </scstep>
  <scstep>
   <time name="dav">    1.58    1.58</time>
   <time name="total">    1.59    1.59</time>
   <energy>
    <i name="e_fr_energy">    -15.75115371 </i>
    <i name="e_wo_entrp">    -15.75219327 </i>
    <i name="e_0_energy">    -15.75150023 </i>
   </energy>
  </scstep>
  <scstep>
   <time name="dav">    2.11    2.17</time>
   <time name="total">    2.16    2.23</time>
   <energy>
    <i name="e_fr_energy">    -15.79769490 </i>
    <i name="e_wo_entrp">    -15.79872912 </i>
    <i name="e_0_energy">    -15.79803964 </i>
   </energy>
  </scstep>
  <scstep>
   <time name="dav">    1.87    1.87</time>
   <time name="total">    1.93    1.94</time>
   <energy>
    <i name="e_fr_energy">    -15.76718884 </i>
    <i name="e_wo_entrp">    -15.76840926 </i>
    <i name="e_0_energy">    -15.76759565 </i>
   </energy>
  </scstep>
  <scstep>
   <time name="dav">    1.89    1.90</time>
   <time name="total">    1.95    1.96</time>
   <energy>
    <i name="e_fr_energy">    -15.75933328 </i>
    <i name="e_wo_entrp">    -15.76071696 </i>
    <i name="e_0_energy">    -15.75979451 </i>
   </energy>
  </scstep>
  <scstep>
   <time name="dav">    1.78    1.78</time>
   <time name="total">    1.85    1.86</time>
   <energy>
    <i name="e_fr_energy">    -15.75924449 </i>
    <i name="e_wo_entrp">    -15.76059768 </i>
    <i name="e_0_energy">    -15.75969555 </i>
   </energy>
  </scstep>
  <scstep>
   <time name="dav">    1.87    1.87</time>
   <time name="total">    1.93    1.93</time>
   <energy>
    <i name="e_fr_energy">    -15.75925401 </i>
    <i name="e_wo_entrp">    -15.76060364 </i>
    <i name="e_0_energy">    -15.75970389 </i>
   </energy>
  </scstep>
  <scstep>
   <time name="dav">    1.28    1.28</time>
   <time name="total">    1.33    1.34</time>
   <energy>
    <i name="e_fr_energy">    -15.75924235 </i>
    <i name="e_wo_entrp">    -15.76058946 </i>
    <i name="e_0_energy">    -15.75969139 </i>
   </energy>
  </scstep>
  <scstep>
   <time name="dav">    1.14    1.15</time>
   <time name="total">    1.18    1.18</time>
   <energy>
    <i name="alphaZ">    165.15909015 </i>
    <i name="ewald">  -5374.96529713 </i>
    <i name="hartreedc">  -1970.16803029 </i>
    <i name="XCdc">    227.11892847 </i>
    <i name="pawpsdc">   5607.56141453 </i>
    <i name="pawaedc">  -5761.02732710 </i>
    <i name="eentropy">      0.00134725 </i>
    <i name="bandstr">   -481.73508052 </i>
    <i name="atom">   7572.29571107 </i>
    <i name="e_fr_energy">    -15.75924357 </i>
    <i name="e_wo_entrp">    -15.76059082 </i>
    <i name="e_0_energy">    -15.75969266 </i>
   </energy>
  </scstep>
  <structure>
   <crystal>
    <varray name="basis" >
     <v>       5.83130000       0.00000000       0.00000000 </v>
     <v>       0.00000000       5.83130000       0.00000000 </v>
     <v>       0.00000000       0.00000000       3.18150000 </v>
    </varray>
    <i name="volume">    108.18391590 </i>
    <varray name="rec_basis" >
     <v>       0.17148835       0.00000000       0.00000000 </v>
     <v>       0.00000000       0.17148835       0.00000000 </v>
     <v>       0.00000000       0.00000000       0.31431715 </v>
    </varray>
   </crystal>
   <varray name="positions" >
    <v>       0.00000000       0.75000000       0.12500000 </v>
    <v>       0.00000000       0.25000000       0.87500000 </v>
    <v>       0.50000000       0.25000000       0.62500000 </v>
    <v>       0.50000000       0.75000000       0.37500000 </v>
   </varray>
  </structure>
  <varray name="forces" >
   <v>      -0.00000000       0.00000000      -0.00000000 </v>
   <v>       0.00000000      -0.00000000       0.00000000 </v>
   <v>      -0.00000000       0.00000000       0.00000000 </v>
   <v>       0.00000000      -0.00000000       0.00000000 </v>
  </varray>
  <varray name="stress" >
   <v>      16.25852395      -0.00000000       0.00000000 </v>
   <v>       0.00000000      16.25852395       0.00000000 </v>
   <v>       0.00000000      -0.00000000      46.08000342 </v>
  </varray>
  <energy>
   <i name="e_fr_energy">    -15.75924357 </i>
   <i name="e_wo_entrp">    -15.75969266 </i>
   <i name="e_0_energy">      0.00134725 </i>
  </energy>
  <time name="totalsc">   19.28   19.47</time>
  <eigenvalues>
   <array>
    <dimension dim="1">band</dimension>
    <dimension dim="2">kpoint</dimension>
    <dimension dim="3">spin</dimension>
    <field>eigene</field>
    <field>occ</field>
    <set>
     <set comment="spin 1">
      <set comment="kpoint 1">
       <r>  -13.6937    1.0000 </r>
       <r>  -13.6021    1.0000 </r>
       <r>  -13.6021    1.0000 </r>
       <r>  -13.5828    1.0000 </r>
       <r>  -13.5661    1.0000 </r>
       <r>  -13.5268    1.0000 </r>
       <r>  -13.4183    1.0000 </r>
       <r>  -13.4183    1.0000 </r>
       <r>  -13.4141    1.0000 </r>
       <r>  -13.4141    1.0000 </r>
       <r>  -13.3865    1.0000 </r>
       <r>  -13.3865    1.0000 </r>
       <r>  -13.3835    1.0000 </r>
       <r>  -13.3835    1.0000 </r>
       <r>  -13.3754    1.0000 </r>
       <r>  -13.3754    1.0000 </r>
       <r>  -13.3708    1.0000 </r>
       <r>  -13.3708    1.0000 </r>
       <r>  -13.3033    1.0000 </r>
       <r>  -13.1931    1.0000 </r>
       <r>   -3.1060    1.0000 </r>
       <r>    0.5137    1.0000 </r>
       <r>    0.5137    1.0000 </r>
       <r>    3.1987    1.0000 </r>
       <r>    3.1987    1.0000 </r>
       <r>    4.4775    1.0000 </r>
       <r>    6.0481    1.0000 </r>
       <r>    6.0481    1.0000 </r>
       <r>   10.9859   -0.0000 </r>
       <r>   13.0660   -0.0000 </r>
       <r>   13.0660   -0.0000 </r>
       <r>   14.2937    0.0000 </r>
       <r>   14.2937    0.0000 </r>
       <r>   14.8959    0.0000 </r>
       <r>   15.0017    0.0000 </r>
       <r>   17.4954    0.0000 </r>
       <r>   17.4954    0.0000 </r>
       <r>   17.9070    0.0000 </r>
       <r>   18.5798    0.0000 </r>
       <r>   19.2530    0.0000 </r>
       <r>   19.3189    0.0000 </r>
       <r>   19.3189    0.0000 </r>
       <r>   19.4039    0.0000 </r>
       <r>   19.4039    0.0000 </r>
       <r>   19.8046    0.0000 </r>
       <r>   20.6116    0.0000 </r>
       <r>   20.6116    0.0000 </r>
       <r>   21.2869    0.0000 </r>
      </set>
      <set comment="kpoint 2">
       <r>  -13.6682    1.0000 </r>
       <r>  -13.6043    1.0000 </r>
       <r>  -13.5956    1.0000 </r>
       <r>  -13.5864    1.0000 </r>
       <r>  -13.5449    1.0000 </r>
       <r>  -13.5433    1.0000 </r>
       <r>  -13.4899    1.0000 </r>
       <r>  -13.4387    1.0000 </r>
       <r>  -13.4098    1.0000 </r>
       <r>  -13.4018    1.0000 </r>
       <r>  -13.3862    1.0000 </r>
       <r>  -13.3854    1.0000 </r>
       <r>  -13.3821    1.0000 </r>
       <r>  -13.3767    1.0000 </r>
       <r>  -13.3677    1.0000 </r>
       <r>  -13.3599    1.0000 </r>
       <r>  -13.3449    1.0000 </r>
       <r>  -13.3434    1.0000 </r>
       <r>  -13.3176    1.0000 </r>
       <r>  -13.2180    1.0000 </r>
       <r>   -2.8230    1.0000 </r>
       <r>   -0.6222    1.0000 </r>
       <r>    0.7894    1.0000 </r>
       <r>    3.0360    1.0000 </r>
       <r>    3.4784    1.0000 </r>
       <r>    4.9238    1.0000 </r>
       <r>    5.3724    1.0000 </r>
       <r>    8.1103    0.6388 </r>
       <r>   11.5568   -0.0000 </r>
       <r>   12.1474   -0.0000 </r>
       <r>   13.2163   -0.0000 </r>
       <r>   13.2722   -0.0000 </r>
       <r>   14.6081    0.0000 </r>
       <r>   14.6138    0.0000 </r>
       <r>   14.6677    0.0000 </r>
       <r>   15.0576    0.0000 </r>
       <r>   16.7354    0.0000 </r>
       <r>   17.8889    0.0000 </r>
       <r>   18.4680    0.0000 </r>
       <r>   18.5722    0.0000 </r>
       <r>   18.6979    0.0000 </r>
       <r>   19.5666    0.0000 </r>
       <r>   19.6386    0.0000 </r>
       <r>   19.9557    0.0000 </r>
       <r>   20.1786    0.0000 </r>
       <r>   20.1933    0.0000 </r>
       <r>   20.9752    0.0000 </r>
       <r>   20.9838    0.0000 </r>
      </set>
      <set comment="kpoint 3">
       <r>  -13.6164    1.0000 </r>
       <r>  -13.6164    1.0000 </r>
       <r>  -13.5741    1.0000 </r>
       <r>  -13.5741    1.0000 </r>
       <r>  -13.5718    1.0000 </r>
       <r>  -13.5718    1.0000 </r>
       <r>  -13.4929    1.0000 </r>
       <r>  -13.4929    1.0000 </r>
       <r>  -13.3939    1.0000 </r>
       <r>  -13.3939    1.0000 </r>
       <r>  -13.3831    1.0000 </r>
       <r>  -13.3831    1.0000 </r>
       <r>  -13.3826    1.0000 </r>
       <r>  -13.3826    1.0000 </r>
       <r>  -13.3494    1.0000 </r>
       <r>  -13.3494    1.0000 </r>
       <r>  -13.3375    1.0000 </r>
       <r>  -13.3375    1.0000 </r>
       <r>  -13.2795    1.0000 </r>
       <r>  -13.2795    1.0000 </r>
       <r>   -1.9760    1.0000 </r>
       <r>   -1.9760    1.0000 </r>
       <r>    1.6283    1.0000 </r>
       <r>    1.6283    1.0000 </r>
       <r>    4.2707    1.0000 </r>
       <r>    4.2707    1.0000 </r>
       <r>    8.0074    0.9532 </r>
       <r>    8.0074    0.9532 </r>
       <r>   11.3051   -0.0000 </r>
       <r>   11.3051   -0.0000 </r>
       <r>   13.8644    0.0000 </r>
       <r>   13.8644    0.0000 </r>
       <r>   13.9104    0.0000 </r>
       <r>   13.9104    0.0000 </r>
       <r>   14.7060    0.0000 </r>
       <r>   14.7060    0.0000 </r>
       <r>   15.4984    0.0000 </r>
       <r>   15.4984    0.0000 </r>
       <r>   19.0778    0.0000 </r>
       <r>   19.0778    0.0000 </r>
       <r>   19.1069    0.0000 </r>
       <r>   19.1069    0.0000 </r>
       <r>   19.1113    0.0000 </r>
       <r>   19.1113    0.0000 </r>
       <r>   20.3072    0.0000 </r>
       <r>   20.3072    0.0000 </r>
       <r>   20.3353    0.0000 </r>
       <r>   20.3353    0.0000 </r>
      </set>
      <set comment="kpoint 4">
       <r>  -13.6426    1.0000 </r>
       <r>  -13.5974    1.0000 </r>
       <r>  -13.5974    1.0000 </r>
       <r>  -13.5900    1.0000 </r>
       <r>  -13.5547    1.0000 </r>
       <r>  -13.5242    1.0000 </r>
       <r>  -13.4788    1.0000 </r>
       <r>  -13.4788    1.0000 </r>
       <r>  -13.4229    1.0000 </r>
       <r>  -13.4229    1.0000 </r>
       <r>  -13.4166    1.0000 </r>
       <r>  -13.3678    1.0000 </r>
       <r>  -13.3634    1.0000 </r>
       <r>  -13.3574    1.0000 </r>
       <r>  -13.3567    1.0000 </r>
       <r>  -13.3567    1.0000 </r>
       <r>  -13.3333    1.0000 </r>
       <r>  -13.3333    1.0000 </r>
       <r>  -13.3298    1.0000 </r>
       <r>  -13.2377    1.0000 </r>
       <r>   -2.5402    1.0000 </r>
       <r>   -0.3430    1.0000 </r>
       <r>   -0.3430    1.0000 </r>
       <r>    1.8490    1.0000 </r>
       <r>    5.1990    1.0000 </r>
       <r>    5.1990    1.0000 </r>
       <r>    6.7151    1.0000 </r>
       <r>    7.7763    1.0131 </r>
       <r>   11.5393   -0.0000 </r>
       <r>   12.1836   -0.0000 </r>
       <r>   13.3028   -0.0000 </r>
       <r>   13.3028   -0.0000 </r>
       <r>   13.4297   -0.0000 </r>
       <r>   14.2136    0.0000 </r>
       <r>   14.2136    0.0000 </r>
       <r>   14.4280    0.0000 </r>
       <r>   14.5845    0.0000 </r>
       <r>   17.9389    0.0000 </r>
       <r>   18.0585    0.0000 </r>
       <r>   18.9155    0.0000 </r>
       <r>   18.9155    0.0000 </r>
       <r>   19.4125    0.0000 </r>
       <r>   19.4125    0.0000 </r>
       <r>   20.3206    0.0000 </r>
       <r>   20.9582    0.0000 </r>
       <r>   21.3064    0.0000 </r>
       <r>   21.3356    0.0000 </r>
       <r>   21.8799    0.0000 </r>
      </set>
      <set comment="kpoint 5">
       <r>  -13.6011    1.0000 </r>
       <r>  -13.6011    1.0000 </r>
       <r>  -13.5782    1.0000 </r>
       <r>  -13.5782    1.0000 </r>
       <r>  -13.5660    1.0000 </r>
       <r>  -13.5660    1.0000 </r>
       <r>  -13.4748    1.0000 </r>
       <r>  -13.4748    1.0000 </r>
       <r>  -13.4494    1.0000 </r>
       <r>  -13.4494    1.0000 </r>
       <r>  -13.3887    1.0000 </r>
       <r>  -13.3887    1.0000 </r>
       <r>  -13.3538    1.0000 </r>
       <r>  -13.3538    1.0000 </r>
       <r>  -13.3489    1.0000 </r>
       <r>  -13.3489    1.0000 </r>
       <r>  -13.3327    1.0000 </r>
       <r>  -13.3327    1.0000 </r>
       <r>  -13.2863    1.0000 </r>
       <r>  -13.2863    1.0000 </r>
       <r>   -1.6944    1.0000 </r>
       <r>   -1.6944    1.0000 </r>
       <r>    0.4945    1.0000 </r>
       <r>    0.4945    1.0000 </r>
       <r>    5.9779    1.0000 </r>
       <r>    5.9779    1.0000 </r>
       <r>    8.2715    0.0631 </r>
       <r>    8.2715    0.0631 </r>
       <r>   10.4444   -0.0000 </r>
       <r>   10.4444   -0.0000 </r>
       <r>   12.6923   -0.0000 </r>
       <r>   12.6923   -0.0000 </r>
       <r>   13.9643    0.0000 </r>
       <r>   13.9643    0.0000 </r>
       <r>   14.0703    0.0000 </r>
       <r>   14.0703    0.0000 </r>
       <r>   16.0898    0.0000 </r>
       <r>   16.0898    0.0000 </r>
       <r>   18.1012    0.0000 </r>
       <r>   18.1012    0.0000 </r>
       <r>   18.1775    0.0000 </r>
       <r>   18.1775    0.0000 </r>
       <r>   21.0408    0.0000 </r>
       <r>   21.0408    0.0000 </r>
       <r>   21.8251    0.0000 </r>
       <r>   21.8251    0.0000 </r>
       <r>   22.1834    0.0000 </r>
       <r>   22.1834    0.0000 </r>
      </set>
      <set comment="kpoint 6">
       <r>  -13.5868    1.0000 </r>
       <r>  -13.5868    1.0000 </r>
       <r>  -13.5868    1.0000 </r>
       <r>  -13.5868    1.0000 </r>
       <r>  -13.5201    1.0000 </r>
       <r>  -13.5201    1.0000 </r>
       <r>  -13.5201    1.0000 </r>
       <r>  -13.5201    1.0000 </r>
       <r>  -13.4305    1.0000 </r>
       <r>  -13.4305    1.0000 </r>
       <r>  -13.4305    1.0000 </r>
       <r>  -13.4305    1.0000 </r>
       <r>  -13.3422    1.0000 </r>
       <r>  -13.3422    1.0000 </r>
       <r>  -13.3422    1.0000 </r>
       <r>  -13.3422    1.0000 </r>
       <r>  -13.3099    1.0000 </r>
       <r>  -13.3099    1.0000 </r>
       <r>  -13.3099    1.0000 </r>
       <r>  -13.3099    1.0000 </r>
       <r>   -0.8523    1.0000 </r>
       <r>   -0.8523    1.0000 </r>
       <r>   -0.8523    1.0000 </r>
       <r>   -0.8523    1.0000 </r>
       <r>    8.6298   -0.0016 </r>
       <r>    8.6298   -0.0016 </r>
       <r>    8.6298   -0.0016 </r>
       <r>    8.6298   -0.0016 </r>
       <r>    9.6471   -0.0000 </r>
       <r>    9.6471   -0.0000 </r>
       <r>    9.6471   -0.0000 </r>
       <r>    9.6471   -0.0000 </r>
       <r>   14.0576    0.0000 </r>
       <r>   14.0576    0.0000 </r>
       <r>   14.0576    0.0000 </r>
       <r>   14.0576    0.0000 </r>
       <r>   17.5630    0.0000 </r>
       <r>   17.5630    0.0000 </r>
       <r>   17.5630    0.0000 </r>
       <r>   17.5630    0.0000 </r>
       <r>   18.8927    0.0000 </r>
       <r>   18.8927    0.0000 </r>
       <r>   18.8927    0.0000 </r>
       <r>   18.8927    0.0000 </r>
       <r>   23.1870    0.0000 </r>
       <r>   23.1873    0.0000 </r>
       <r>   23.1890    0.0000 </r>
       <r>   23.1938    0.0000 </r>
      </set>
      <set comment="kpoint 7">
       <r>  -13.6894    1.0000 </r>
       <r>  -13.5859    1.0000 </r>
       <r>  -13.5788    1.0000 </r>
       <r>  -13.5601    1.0000 </r>
       <r>  -13.5514    1.0000 </r>
       <r>  -13.4873    1.0000 </r>
       <r>  -13.4330    1.0000 </r>
       <r>  -13.4228    1.0000 </r>
       <r>  -13.4068    1.0000 </r>
       <r>  -13.4068    1.0000 </r>
       <r>  -13.3998    1.0000 </r>
       <r>  -13.3998    1.0000 </r>
       <r>  -13.3943    1.0000 </r>
       <r>  -13.3801    1.0000 </r>
       <r>  -13.3801    1.0000 </r>
       <r>  -13.3798    1.0000 </r>
       <r>  -13.3798    1.0000 </r>
       <r>  -13.3782    1.0000 </r>
       <r>  -13.3050    1.0000 </r>
       <r>  -13.1971    1.0000 </r>
       <r>   -2.8661    1.0000 </r>
       <r>    0.6555    1.0000 </r>
       <r>    0.8003    1.0000 </r>
       <r>    3.4501    1.0000 </r>
       <r>    3.4501    1.0000 </r>
       <r>    4.6829    1.0000 </r>
       <r>    6.2733    1.0000 </r>
       <r>    6.2733    1.0000 </r>
       <r>    9.7228   -0.0000 </r>
       <r>   11.1861   -0.0000 </r>
       <r>   12.8372   -0.0000 </r>
       <r>   12.8777   -0.0000 </r>
       <r>   14.0970    0.0000 </r>
       <r>   14.0970    0.0000 </r>
       <r>   15.3750    0.0000 </r>
       <r>   16.7761    0.0000 </r>
       <r>   16.7761    0.0000 </r>
       <r>   17.2413    0.0000 </r>
       <r>   17.2413    0.0000 </r>
       <r>   17.9543    0.0000 </r>
       <r>   19.0891    0.0000 </r>
       <r>   19.3146    0.0000 </r>
       <r>   19.5747    0.0000 </r>
       <r>   19.5747    0.0000 </r>
       <r>   21.0495    0.0000 </r>
       <r>   21.4500    0.0000 </r>
       <r>   21.4500    0.0000 </r>
       <r>   21.7657    0.0000 </r>
      </set>
      <set comment="kpoint 8">
       <r>  -13.6655    1.0000 </r>
       <r>  -13.5866    1.0000 </r>
       <r>  -13.5753    1.0000 </r>
       <r>  -13.5575    1.0000 </r>
       <r>  -13.5402    1.0000 </r>
       <r>  -13.5106    1.0000 </r>
       <r>  -13.4830    1.0000 </r>
       <r>  -13.4456    1.0000 </r>
       <r>  -13.4050    1.0000 </r>
       <r>  -13.4040    1.0000 </r>
       <r>  -13.3973    1.0000 </r>
       <r>  -13.3969    1.0000 </r>
       <r>  -13.3896    1.0000 </r>
       <r>  -13.3814    1.0000 </r>
       <r>  -13.3744    1.0000 </r>
       <r>  -13.3723    1.0000 </r>
       <r>  -13.3543    1.0000 </r>
       <r>  -13.3357    1.0000 </r>
       <r>  -13.3191    1.0000 </r>
       <r>  -13.2197    1.0000 </r>
       <r>   -2.5832    1.0000 </r>
       <r>   -0.3933    1.0000 </r>
       <r>    1.0054    1.0000 </r>
       <r>    3.2513    1.0000 </r>
       <r>    3.7272    1.0000 </r>
       <r>    5.1463    1.0000 </r>
       <r>    5.6043    1.0000 </r>
       <r>    8.3086    0.0039 </r>
       <r>    9.9999   -0.0000 </r>
       <r>   11.3522   -0.0000 </r>
       <r>   12.3280   -0.0000 </r>
       <r>   12.4011   -0.0000 </r>
       <r>   13.2068   -0.0000 </r>
       <r>   14.4161    0.0000 </r>
       <r>   14.5614    0.0000 </r>
       <r>   15.3786    0.0000 </r>
       <r>   16.4256    0.0000 </r>
       <r>   17.0287    0.0000 </r>
       <r>   17.4787    0.0000 </r>
       <r>   17.9800    0.0000 </r>
       <r>   18.6923    0.0000 </r>
       <r>   18.8287    0.0000 </r>
       <r>   19.1370    0.0000 </r>
       <r>   19.9491    0.0000 </r>
       <r>   20.5541    0.0000 </r>
       <r>   21.5557    0.0000 </r>
       <r>   21.5817    0.0000 </r>
       <r>   22.4181    0.0000 </r>
      </set>
      <set comment="kpoint 9">
       <r>  -13.6097    1.0000 </r>
       <r>  -13.6097    1.0000 </r>
       <r>  -13.5536    1.0000 </r>
       <r>  -13.5536    1.0000 </r>
       <r>  -13.5484    1.0000 </r>
       <r>  -13.5484    1.0000 </r>
       <r>  -13.4919    1.0000 </r>
       <r>  -13.4919    1.0000 </r>
       <r>  -13.4008    1.0000 </r>
       <r>  -13.4008    1.0000 </r>
       <r>  -13.3931    1.0000 </r>
       <r>  -13.3931    1.0000 </r>
       <r>  -13.3865    1.0000 </r>
       <r>  -13.3865    1.0000 </r>
       <r>  -13.3513    1.0000 </r>
       <r>  -13.3513    1.0000 </r>
       <r>  -13.3414    1.0000 </r>
       <r>  -13.3414    1.0000 </r>
       <r>  -13.2792    1.0000 </r>
       <r>  -13.2792    1.0000 </r>
       <r>   -1.7383    1.0000 </r>
       <r>   -1.7383    1.0000 </r>
       <r>    1.8441    1.0000 </r>
       <r>    1.8441    1.0000 </r>
       <r>    4.5124    1.0000 </r>
       <r>    4.5124    1.0000 </r>
       <r>    8.1602    0.4304 </r>
       <r>    8.1602    0.4304 </r>
       <r>   10.7496   -0.0000 </r>
       <r>   10.7496   -0.0000 </r>
       <r>   11.6366   -0.0000 </r>
       <r>   11.6366   -0.0000 </r>
       <r>   13.8819    0.0000 </r>
       <r>   13.8819    0.0000 </r>
       <r>   14.7361    0.0000 </r>
       <r>   14.7361    0.0000 </r>
       <r>   15.4177    0.0000 </r>
       <r>   15.4177    0.0000 </r>
       <r>   17.7880    0.0000 </r>
       <r>   17.7880    0.0000 </r>
       <r>   19.0762    0.0000 </r>
       <r>   19.0762    0.0000 </r>
       <r>   19.5181    0.0000 </r>
       <r>   19.5181    0.0000 </r>
       <r>   20.3050    0.0000 </r>
       <r>   20.3050    0.0000 </r>
       <r>   22.6040    0.0000 </r>
       <r>   22.6040    0.0000 </r>
      </set>
      <set comment="kpoint 10">
       <r>  -13.6420    1.0000 </r>
       <r>  -13.5812    1.0000 </r>
       <r>  -13.5755    1.0000 </r>
       <r>  -13.5627    1.0000 </r>
       <r>  -13.5270    1.0000 </r>
       <r>  -13.5171    1.0000 </r>
       <r>  -13.4796    1.0000 </r>
       <r>  -13.4731    1.0000 </r>
       <r>  -13.4372    1.0000 </r>
       <r>  -13.4264    1.0000 </r>
       <r>  -13.4065    1.0000 </r>
       <r>  -13.3782    1.0000 </r>
       <r>  -13.3720    1.0000 </r>
       <r>  -13.3699    1.0000 </r>
       <r>  -13.3681    1.0000 </r>
       <r>  -13.3628    1.0000 </r>
       <r>  -13.3407    1.0000 </r>
       <r>  -13.3329    1.0000 </r>
       <r>  -13.3214    1.0000 </r>
       <r>  -13.2374    1.0000 </r>
       <r>   -2.3007    1.0000 </r>
       <r>   -0.1459    1.0000 </r>
       <r>   -0.0795    1.0000 </r>
       <r>    2.0747    1.0000 </r>
       <r>    5.3728    1.0000 </r>
       <r>    5.4650    1.0000 </r>
       <r>    6.9169    1.0000 </r>
       <r>    7.9903    0.9810 </r>
       <r>   10.2711   -0.0000 </r>
       <r>   11.2578   -0.0000 </r>
       <r>   12.0852   -0.0000 </r>
       <r>   12.5494   -0.0000 </r>
       <r>   12.8847   -0.0000 </r>
       <r>   13.5019    0.0000 </r>
       <r>   13.6192    0.0000 </r>
       <r>   14.3386    0.0000 </r>
       <r>   14.7192    0.0000 </r>
       <r>   17.7153    0.0000 </r>
       <r>   17.8087    0.0000 </r>
       <r>   18.4592    0.0000 </r>
       <r>   18.6666    0.0000 </r>
       <r>   19.5942    0.0000 </r>
       <r>   20.5027    0.0000 </r>
       <r>   20.5894    0.0000 </r>
       <r>   20.6898    0.0000 </r>
       <r>   20.7858    0.0000 </r>
       <r>   21.5449    0.0000 </r>
       <r>   22.4542    0.0000 </r>
      </set>
      <set comment="kpoint 11">
       <r>  -13.5908    1.0000 </r>
       <r>  -13.5908    1.0000 </r>
       <r>  -13.5556    1.0000 </r>
       <r>  -13.5556    1.0000 </r>
       <r>  -13.5517    1.0000 </r>
       <r>  -13.5517    1.0000 </r>
       <r>  -13.4736    1.0000 </r>
       <r>  -13.4736    1.0000 </r>
       <r>  -13.4557    1.0000 </r>
       <r>  -13.4557    1.0000 </r>
       <r>  -13.3895    1.0000 </r>
       <r>  -13.3895    1.0000 </r>
       <r>  -13.3602    1.0000 </r>
       <r>  -13.3602    1.0000 </r>
       <r>  -13.3567    1.0000 </r>
       <r>  -13.3567    1.0000 </r>
       <r>  -13.3363    1.0000 </r>
       <r>  -13.3363    1.0000 </r>
       <r>  -13.2846    1.0000 </r>
       <r>  -13.2846    1.0000 </r>
       <r>   -1.4569    1.0000 </r>
       <r>   -1.4569    1.0000 </r>
       <r>    0.7242    1.0000 </r>
       <r>    0.7242    1.0000 </r>
       <r>    6.1891    1.0000 </r>
       <r>    6.1891    1.0000 </r>
       <r>    8.4204   -0.0324 </r>
       <r>    8.4204   -0.0324 </r>
       <r>   10.5152   -0.0000 </r>
       <r>   10.5152   -0.0000 </r>
       <r>   11.2354   -0.0000 </r>
       <r>   11.2354   -0.0000 </r>
       <r>   12.6083   -0.0000 </r>
       <r>   12.6083   -0.0000 </r>
       <r>   13.4972    0.0000 </r>
       <r>   13.4972    0.0000 </r>
       <r>   16.2312    0.0000 </r>
       <r>   16.2312    0.0000 </r>
       <r>   18.3847    0.0000 </r>
       <r>   18.3847    0.0000 </r>
       <r>   19.7011    0.0000 </r>
       <r>   19.7011    0.0000 </r>
       <r>   20.3595    0.0000 </r>
       <r>   20.3595    0.0000 </r>
       <r>   21.4377    0.0000 </r>
       <r>   21.4377    0.0000 </r>
       <r>   21.6817    0.0000 </r>
       <r>   21.6817    0.0000 </r>
      </set>
      <set comment="kpoint 12">
       <r>  -13.5611    1.0000 </r>
       <r>  -13.5611    1.0000 </r>
       <r>  -13.5611    1.0000 </r>
       <r>  -13.5611    1.0000 </r>
       <r>  -13.5280    1.0000 </r>
       <r>  -13.5280    1.0000 </r>
       <r>  -13.5280    1.0000 </r>
       <r>  -13.5280    1.0000 </r>
       <r>  -13.4283    1.0000 </r>
       <r>  -13.4283    1.0000 </r>
       <r>  -13.4283    1.0000 </r>
       <r>  -13.4283    1.0000 </r>
       <r>  -13.3490    1.0000 </r>
       <r>  -13.3490    1.0000 </r>
       <r>  -13.3490    1.0000 </r>
       <r>  -13.3490    1.0000 </r>
       <r>  -13.3105    1.0000 </r>
       <r>  -13.3105    1.0000 </r>
       <r>  -13.3105    1.0000 </r>
       <r>  -13.3105    1.0000 </r>
       <r>   -0.6164    1.0000 </r>
       <r>   -0.6164    1.0000 </r>
       <r>   -0.6164    1.0000 </r>
       <r>   -0.6164    1.0000 </r>
       <r>    8.7344   -0.0001 </r>
       <r>    8.7344   -0.0001 </r>
       <r>    8.7344   -0.0001 </r>
       <r>    8.7344   -0.0001 </r>
       <r>    9.8559   -0.0000 </r>
       <r>    9.8559   -0.0000 </r>
       <r>    9.8559   -0.0000 </r>
       <r>    9.8559   -0.0000 </r>
       <r>   12.0107   -0.0000 </r>
       <r>   12.0107   -0.0000 </r>
       <r>   12.0107   -0.0000 </r>
       <r>   12.0107   -0.0000 </r>
       <r>   18.8452    0.0000 </r>
       <r>   18.8452    0.0000 </r>
       <r>   18.8452    0.0000 </r>
       <r>   18.8452    0.0000 </r>
       <r>   19.9621    0.0000 </r>
       <r>   19.9621    0.0000 </r>
       <r>   19.9621    0.0000 </r>
       <r>   19.9621    0.0000 </r>
       <r>   21.3205    0.0000 </r>
       <r>   21.3205    0.0000 </r>
       <r>   21.3205    0.0000 </r>
       <r>   21.3205    0.0000 </r>
      </set>
      <set comment="kpoint 13">
       <r>  -13.6746    1.0000 </r>
       <r>  -13.5797    1.0000 </r>
       <r>  -13.5437    1.0000 </r>
       <r>  -13.5168    1.0000 </r>
       <r>  -13.4786    1.0000 </r>
       <r>  -13.4519    1.0000 </r>
       <r>  -13.4467    1.0000 </r>
       <r>  -13.4467    1.0000 </r>
       <r>  -13.4390    1.0000 </r>
       <r>  -13.4390    1.0000 </r>
       <r>  -13.4023    1.0000 </r>
       <r>  -13.4023    1.0000 </r>
       <r>  -13.3992    1.0000 </r>
       <r>  -13.3992    1.0000 </r>
       <r>  -13.3930    1.0000 </r>
       <r>  -13.3734    1.0000 </r>
       <r>  -13.3653    1.0000 </r>
       <r>  -13.3213    1.0000 </r>
       <r>  -13.3106    1.0000 </r>
       <r>  -13.2070    1.0000 </r>
       <r>   -2.1463    1.0000 </r>
       <r>    1.1599    1.0000 </r>
       <r>    1.5417    1.0000 </r>
       <r>    4.1830    1.0000 </r>
       <r>    4.1830    1.0000 </r>
       <r>    5.2849    1.0000 </r>
       <r>    6.7361    1.0000 </r>
       <r>    6.8684    1.0000 </r>
       <r>    6.8684    1.0000 </r>
       <r>    9.8582   -0.0000 </r>
       <r>    9.8665   -0.0000 </r>
       <r>   11.7895   -0.0000 </r>
       <r>   12.5917   -0.0000 </r>
       <r>   12.5917   -0.0000 </r>
       <r>   13.3696   -0.0000 </r>
       <r>   15.4444    0.0000 </r>
       <r>   15.4444    0.0000 </r>
       <r>   16.4488    0.0000 </r>
       <r>   16.4488    0.0000 </r>
       <r>   18.3969    0.0000 </r>
       <r>   18.4266    0.0000 </r>
       <r>   19.4383    0.0000 </r>
       <r>   19.4383    0.0000 </r>
       <r>   19.6031    0.0000 </r>
       <r>   21.7204    0.0000 </r>
       <r>   22.0728    0.0000 </r>
       <r>   22.0728    0.0000 </r>
       <r>   22.6837    0.0000 </r>
      </set>
      <set comment="kpoint 14">
       <r>  -13.6560    1.0000 </r>
       <r>  -13.5818    1.0000 </r>
       <r>  -13.5281    1.0000 </r>
       <r>  -13.5272    1.0000 </r>
       <r>  -13.5007    1.0000 </r>
       <r>  -13.4646    1.0000 </r>
       <r>  -13.4632    1.0000 </r>
       <r>  -13.4626    1.0000 </r>
       <r>  -13.4427    1.0000 </r>
       <r>  -13.4285    1.0000 </r>
       <r>  -13.4049    1.0000 </r>
       <r>  -13.4012    1.0000 </r>
       <r>  -13.3914    1.0000 </r>
       <r>  -13.3908    1.0000 </r>
       <r>  -13.3740    1.0000 </r>
       <r>  -13.3657    1.0000 </r>
       <r>  -13.3517    1.0000 </r>
       <r>  -13.3238    1.0000 </r>
       <r>  -13.3046    1.0000 </r>
       <r>  -13.2250    1.0000 </r>
       <r>   -1.8650    1.0000 </r>
       <r>    0.2786    1.0000 </r>
       <r>    1.6349    1.0000 </r>
       <r>    3.8700    1.0000 </r>
       <r>    4.4502    1.0000 </r>
       <r>    5.6680    1.0000 </r>
       <r>    6.2451    1.0000 </r>
       <r>    7.1722    1.0000 </r>
       <r>    8.5207   -0.0114 </r>
       <r>    9.1510   -0.0000 </r>
       <r>   10.2193   -0.0000 </r>
       <r>   12.2416   -0.0000 </r>
       <r>   12.3812   -0.0000 </r>
       <r>   12.4110   -0.0000 </r>
       <r>   13.3605   -0.0000 </r>
       <r>   14.5604    0.0000 </r>
       <r>   15.2183    0.0000 </r>
       <r>   15.3930    0.0000 </r>
       <r>   16.7184    0.0000 </r>
       <r>   18.4193    0.0000 </r>
       <r>   18.4217    0.0000 </r>
       <r>   19.0010    0.0000 </r>
       <r>   19.1447    0.0000 </r>
       <r>   20.0640    0.0000 </r>
       <r>   20.6355    0.0000 </r>
       <r>   21.1588    0.0000 </r>
       <r>   22.1856    0.0000 </r>
       <r>   22.6114    0.0000 </r>
      </set>
      <set comment="kpoint 15">
       <r>  -13.6066    1.0000 </r>
       <r>  -13.6066    1.0000 </r>
       <r>  -13.5196    1.0000 </r>
       <r>  -13.5196    1.0000 </r>
       <r>  -13.5049    1.0000 </r>
       <r>  -13.5049    1.0000 </r>
       <r>  -13.4931    1.0000 </r>
       <r>  -13.4931    1.0000 </r>
       <r>  -13.4320    1.0000 </r>
       <r>  -13.4320    1.0000 </r>
       <r>  -13.4054    1.0000 </r>
       <r>  -13.4054    1.0000 </r>
       <r>  -13.3627    1.0000 </r>
       <r>  -13.3627    1.0000 </r>
       <r>  -13.3539    1.0000 </r>
       <r>  -13.3539    1.0000 </r>
       <r>  -13.3375    1.0000 </r>
       <r>  -13.3375    1.0000 </r>
       <r>  -13.2775    1.0000 </r>
       <r>  -13.2775    1.0000 </r>
       <r>   -1.0289    1.0000 </r>
       <r>   -1.0289    1.0000 </r>
       <r>    2.4651    1.0000 </r>
       <r>    2.4651    1.0000 </r>
       <r>    5.2053    1.0000 </r>
       <r>    5.2053    1.0000 </r>
       <r>    7.4134    1.0000 </r>
       <r>    7.4134    1.0000 </r>
       <r>    9.1865   -0.0000 </r>
       <r>    9.1865   -0.0000 </r>
       <r>   10.8674   -0.0000 </r>
       <r>   10.8674   -0.0000 </r>
       <r>   12.3928   -0.0000 </r>
       <r>   12.3928   -0.0000 </r>
       <r>   13.3370   -0.0000 </r>
       <r>   13.3370   -0.0000 </r>
       <r>   15.7371    0.0000 </r>
       <r>   15.7371    0.0000 </r>
       <r>   17.5038    0.0000 </r>
       <r>   17.5038    0.0000 </r>
       <r>   17.5748    0.0000 </r>
       <r>   17.5748    0.0000 </r>
       <r>   19.5991    0.0000 </r>
       <r>   19.5991    0.0000 </r>
       <r>   21.1364    0.0000 </r>
       <r>   21.1364    0.0000 </r>
       <r>   22.5330    0.0000 </r>
       <r>   22.5330    0.0000 </r>
      </set>
      <set comment="kpoint 16">
       <r>  -13.6394    1.0000 </r>
       <r>  -13.5816    1.0000 </r>
       <r>  -13.5331    1.0000 </r>
       <r>  -13.5157    1.0000 </r>
       <r>  -13.5111    1.0000 </r>
       <r>  -13.4709    1.0000 </r>
       <r>  -13.4691    1.0000 </r>
       <r>  -13.4597    1.0000 </r>
       <r>  -13.4500    1.0000 </r>
       <r>  -13.4495    1.0000 </r>
       <r>  -13.3998    1.0000 </r>
       <r>  -13.3927    1.0000 </r>
       <r>  -13.3879    1.0000 </r>
       <r>  -13.3872    1.0000 </r>
       <r>  -13.3824    1.0000 </r>
       <r>  -13.3457    1.0000 </r>
       <r>  -13.3379    1.0000 </r>
       <r>  -13.3378    1.0000 </r>
       <r>  -13.2952    1.0000 </r>
       <r>  -13.2393    1.0000 </r>
       <r>   -1.5840    1.0000 </r>
       <r>    0.4817    1.0000 </r>
       <r>    0.6527    1.0000 </r>
       <r>    2.7334    1.0000 </r>
       <r>    5.7243    1.0000 </r>
       <r>    6.1645    1.0000 </r>
       <r>    7.2887    1.0000 </r>
       <r>    7.5707    1.0002 </r>
       <r>    8.5847   -0.0039 </r>
       <r>    8.9928   -0.0000 </r>
       <r>    9.5557   -0.0000 </r>
       <r>   11.1743   -0.0000 </r>
       <r>   12.5941   -0.0000 </r>
       <r>   12.6274   -0.0000 </r>
       <r>   14.0131    0.0000 </r>
       <r>   14.5562    0.0000 </r>
       <r>   14.6695    0.0000 </r>
       <r>   15.5732    0.0000 </r>
       <r>   15.5979    0.0000 </r>
       <r>   16.8580    0.0000 </r>
       <r>   17.4235    0.0000 </r>
       <r>   19.9103    0.0000 </r>
       <r>   20.6887    0.0000 </r>
       <r>   21.2162    0.0000 </r>
       <r>   21.4019    0.0000 </r>
       <r>   21.5453    0.0000 </r>
       <r>   21.9306    0.0000 </r>
       <r>   22.0693    0.0000 </r>
      </set>
      <set comment="kpoint 17">
       <r>  -13.5952    1.0000 </r>
       <r>  -13.5952    1.0000 </r>
       <r>  -13.5237    1.0000 </r>
       <r>  -13.5237    1.0000 </r>
       <r>  -13.5140    1.0000 </r>
       <r>  -13.5140    1.0000 </r>
       <r>  -13.4735    1.0000 </r>
       <r>  -13.4735    1.0000 </r>
       <r>  -13.4572    1.0000 </r>
       <r>  -13.4572    1.0000 </r>
       <r>  -13.3937    1.0000 </r>
       <r>  -13.3937    1.0000 </r>
       <r>  -13.3727    1.0000 </r>
       <r>  -13.3727    1.0000 </r>
       <r>  -13.3469    1.0000 </r>
       <r>  -13.3469    1.0000 </r>
       <r>  -13.3340    1.0000 </r>
       <r>  -13.3340    1.0000 </r>
       <r>  -13.2810    1.0000 </r>
       <r>  -13.2810    1.0000 </r>
       <r>   -0.7490    1.0000 </r>
       <r>   -0.7490    1.0000 </r>
       <r>    1.3996    1.0000 </r>
       <r>    1.3996    1.0000 </r>
       <r>    6.6109    1.0000 </r>
       <r>    6.6109    1.0000 </r>
       <r>    7.8476    1.0285 </r>
       <r>    7.8476    1.0285 </r>
       <r>    9.2989   -0.0000 </r>
       <r>    9.2989   -0.0000 </r>
       <r>   10.0599   -0.0000 </r>
       <r>   10.0599   -0.0000 </r>
       <r>   11.5815   -0.0000 </r>
       <r>   11.5815   -0.0000 </r>
       <r>   13.4214   -0.0000 </r>
       <r>   13.4214   -0.0000 </r>
       <r>   15.7588    0.0000 </r>
       <r>   15.7588    0.0000 </r>
       <r>   17.0977    0.0000 </r>
       <r>   17.0977    0.0000 </r>
       <r>   17.9540    0.0000 </r>
       <r>   17.9540    0.0000 </r>
       <r>   19.7464    0.0000 </r>
       <r>   19.7464    0.0000 </r>
       <r>   21.5225    0.0000 </r>
       <r>   21.5225    0.0000 </r>
       <r>   23.1683    0.0000 </r>
       <r>   23.1709    0.0000 </r>
      </set>
      <set comment="kpoint 18">
       <r>  -13.5533    1.0000 </r>
       <r>  -13.5533    1.0000 </r>
       <r>  -13.5533    1.0000 </r>
       <r>  -13.5533    1.0000 </r>
       <r>  -13.5114    1.0000 </r>
       <r>  -13.5114    1.0000 </r>
       <r>  -13.5114    1.0000 </r>
       <r>  -13.5114    1.0000 </r>
       <r>  -13.4231    1.0000 </r>
       <r>  -13.4231    1.0000 </r>
       <r>  -13.4231    1.0000 </r>
       <r>  -13.4231    1.0000 </r>
       <r>  -13.3459    1.0000 </r>
       <r>  -13.3459    1.0000 </r>
       <r>  -13.3459    1.0000 </r>
       <r>  -13.3459    1.0000 </r>
       <r>  -13.3118    1.0000 </r>
       <r>  -13.3118    1.0000 </r>
       <r>  -13.3118    1.0000 </r>
       <r>  -13.3118    1.0000 </r>
       <r>    0.0843    1.0000 </r>
       <r>    0.0843    1.0000 </r>
       <r>    0.0843    1.0000 </r>
       <r>    0.0843    1.0000 </r>
       <r>    8.0348    0.8935 </r>
       <r>    8.0348    0.8935 </r>
       <r>    8.0348    0.8935 </r>
       <r>    8.0348    0.8935 </r>
       <r>   10.3540   -0.0000 </r>
       <r>   10.3540   -0.0000 </r>
       <r>   10.3540   -0.0000 </r>
       <r>   10.3540   -0.0000 </r>
       <r>   10.5352   -0.0000 </r>
       <r>   10.5352   -0.0000 </r>
       <r>   10.5352   -0.0000 </r>
       <r>   10.5352   -0.0000 </r>
       <r>   17.8543    0.0000 </r>
       <r>   17.8543    0.0000 </r>
       <r>   17.8543    0.0000 </r>
       <r>   17.8543    0.0000 </r>
       <r>   18.6371    0.0000 </r>
       <r>   18.6371    0.0000 </r>
       <r>   18.6371    0.0000 </r>
       <r>   18.6371    0.0000 </r>
       <r>   20.4359    0.0000 </r>
       <r>   20.4359    0.0000 </r>
       <r>   20.4359    0.0000 </r>
       <r>   20.4359    0.0000 </r>
      </set>
      <set comment="kpoint 19">
       <r>  -13.6506    1.0000 </r>
       <r>  -13.5969    1.0000 </r>
       <r>  -13.5209    1.0000 </r>
       <r>  -13.4830    1.0000 </r>
       <r>  -13.4830    1.0000 </r>
       <r>  -13.4783    1.0000 </r>
       <r>  -13.4783    1.0000 </r>
       <r>  -13.4727    1.0000 </r>
       <r>  -13.4503    1.0000 </r>
       <r>  -13.4241    1.0000 </r>
       <r>  -13.4241    1.0000 </r>
       <r>  -13.4217    1.0000 </r>
       <r>  -13.4217    1.0000 </r>
       <r>  -13.4166    1.0000 </r>
       <r>  -13.3530    1.0000 </r>
       <r>  -13.3204    1.0000 </r>
       <r>  -13.2979    1.0000 </r>
       <r>  -13.2866    1.0000 </r>
       <r>  -13.2638    1.0000 </r>
       <r>  -13.2169    1.0000 </r>
       <r>   -0.9637    1.0000 </r>
       <r>    1.5701    1.0000 </r>
       <r>    2.7594    1.0000 </r>
       <r>    4.7580    1.0000 </r>
       <r>    5.3238    1.0000 </r>
       <r>    5.3238    1.0000 </r>
       <r>    5.8769    1.0000 </r>
       <r>    7.2015    1.0000 </r>
       <r>    7.3624    1.0000 </r>
       <r>    7.3624    1.0000 </r>
       <r>    7.6938    1.0033 </r>
       <r>   10.7196   -0.0000 </r>
       <r>   11.0840   -0.0000 </r>
       <r>   11.0840   -0.0000 </r>
       <r>   12.8038   -0.0000 </r>
       <r>   13.2062   -0.0000 </r>
       <r>   13.2062   -0.0000 </r>
       <r>   16.1035    0.0000 </r>
       <r>   17.5269    0.0000 </r>
       <r>   17.5269    0.0000 </r>
       <r>   19.2632    0.0000 </r>
       <r>   19.9432    0.0000 </r>
       <r>   19.9432    0.0000 </r>
       <r>   20.3813    0.0000 </r>
       <r>   22.0666    0.0000 </r>
       <r>   22.3938    0.0000 </r>
       <r>   23.0434    0.0000 </r>
       <r>   23.0434    0.0000 </r>
      </set>
      <set comment="kpoint 20">
       <r>  -13.6418    1.0000 </r>
       <r>  -13.6017    1.0000 </r>
       <r>  -13.5163    1.0000 </r>
       <r>  -13.5026    1.0000 </r>
       <r>  -13.4935    1.0000 </r>
       <r>  -13.4868    1.0000 </r>
       <r>  -13.4717    1.0000 </r>
       <r>  -13.4646    1.0000 </r>
       <r>  -13.4571    1.0000 </r>
       <r>  -13.4530    1.0000 </r>
       <r>  -13.4252    1.0000 </r>
       <r>  -13.4235    1.0000 </r>
       <r>  -13.3881    1.0000 </r>
       <r>  -13.3721    1.0000 </r>
       <r>  -13.3592    1.0000 </r>
       <r>  -13.3321    1.0000 </r>
       <r>  -13.2919    1.0000 </r>
       <r>  -13.2851    1.0000 </r>
       <r>  -13.2621    1.0000 </r>
       <r>  -13.2300    1.0000 </r>
       <r>   -0.6895    1.0000 </r>
       <r>    1.2075    1.0000 </r>
       <r>    2.4741    1.0000 </r>
       <r>    4.5276    1.0000 </r>
       <r>    4.6843    1.0000 </r>
       <r>    5.5601    1.0000 </r>
       <r>    6.6222    1.0000 </r>
       <r>    6.9899    1.0000 </r>
       <r>    7.1210    1.0000 </r>
       <r>    7.3794    1.0000 </r>
       <r>    9.5982   -0.0000 </r>
       <r>    9.6838   -0.0000 </r>
       <r>   10.8766   -0.0000 </r>
       <r>   12.0799   -0.0000 </r>
       <r>   12.3601   -0.0000 </r>
       <r>   14.1417    0.0000 </r>
       <r>   14.3634    0.0000 </r>
       <r>   14.8647    0.0000 </r>
       <r>   17.4050    0.0000 </r>
       <r>   17.5740    0.0000 </r>
       <r>   17.7693    0.0000 </r>
       <r>   19.2122    0.0000 </r>
       <r>   19.3654    0.0000 </r>
       <r>   19.9263    0.0000 </r>
       <r>   20.2247    0.0000 </r>
       <r>   21.6885    0.0000 </r>
       <r>   21.7502    0.0000 </r>
       <r>   23.1649    0.0000 </r>
      </set>
      <set comment="kpoint 21">
       <r>  -13.6101    1.0000 </r>
       <r>  -13.6101    1.0000 </r>
       <r>  -13.5246    1.0000 </r>
       <r>  -13.5246    1.0000 </r>
       <r>  -13.5061    1.0000 </r>
       <r>  -13.5061    1.0000 </r>
       <r>  -13.4779    1.0000 </r>
       <r>  -13.4779    1.0000 </r>
       <r>  -13.4496    1.0000 </r>
       <r>  -13.4496    1.0000 </r>
       <r>  -13.4266    1.0000 </r>
       <r>  -13.4266    1.0000 </r>
       <r>  -13.3552    1.0000 </r>
       <r>  -13.3552    1.0000 </r>
       <r>  -13.3068    1.0000 </r>
       <r>  -13.3068    1.0000 </r>
       <r>  -13.3054    1.0000 </r>
       <r>  -13.3054    1.0000 </r>
       <r>  -13.2656    1.0000 </r>
       <r>  -13.2656    1.0000 </r>
       <r>    0.1090    1.0000 </r>
       <r>    0.1090    1.0000 </r>
       <r>    3.1460    1.0000 </r>
       <r>    3.1460    1.0000 </r>
       <r>    5.4454    1.0000 </r>
       <r>    5.4454    1.0000 </r>
       <r>    6.2044    1.0000 </r>
       <r>    6.2044    1.0000 </r>
       <r>    8.1032    0.6673 </r>
       <r>    8.1032    0.6673 </r>
       <r>   10.2394   -0.0000 </r>
       <r>   10.2394   -0.0000 </r>
       <r>   11.3062   -0.0000 </r>
       <r>   11.3062   -0.0000 </r>
       <r>   12.8614   -0.0000 </r>
       <r>   12.8614   -0.0000 </r>
       <r>   15.6755    0.0000 </r>
       <r>   15.6755    0.0000 </r>
       <r>   16.7333    0.0000 </r>
       <r>   16.7333    0.0000 </r>
       <r>   18.3956    0.0000 </r>
       <r>   18.3956    0.0000 </r>
       <r>   18.6399    0.0000 </r>
       <r>   18.6399    0.0000 </r>
       <r>   20.3417    0.0000 </r>
       <r>   20.3417    0.0000 </r>
       <r>   20.8395    0.0000 </r>
       <r>   20.8395    0.0000 </r>
      </set>
      <set comment="kpoint 22">
       <r>  -13.6352    1.0000 </r>
       <r>  -13.6050    1.0000 </r>
       <r>  -13.5252    1.0000 </r>
       <r>  -13.5142    1.0000 </r>
       <r>  -13.4969    1.0000 </r>
       <r>  -13.4753    1.0000 </r>
       <r>  -13.4741    1.0000 </r>
       <r>  -13.4675    1.0000 </r>
       <r>  -13.4575    1.0000 </r>
       <r>  -13.4566    1.0000 </r>
       <r>  -13.4220    1.0000 </r>
       <r>  -13.4026    1.0000 </r>
       <r>  -13.3823    1.0000 </r>
       <r>  -13.3670    1.0000 </r>
       <r>  -13.3614    1.0000 </r>
       <r>  -13.3415    1.0000 </r>
       <r>  -13.2862    1.0000 </r>
       <r>  -13.2832    1.0000 </r>
       <r>  -13.2613    1.0000 </r>
       <r>  -13.2411    1.0000 </r>
       <r>   -0.4157    1.0000 </r>
       <r>    1.3266    1.0000 </r>
       <r>    1.8413    1.0000 </r>
       <r>    3.6438    1.0000 </r>
       <r>    4.4811    1.0000 </r>
       <r>    6.0958    1.0000 </r>
       <r>    6.6169    1.0000 </r>
       <r>    7.0665    1.0000 </r>
       <r>    7.5258    1.0001 </r>
       <r>    8.8542   -0.0000 </r>
       <r>    8.9689   -0.0000 </r>
       <r>    9.3814   -0.0000 </r>
       <r>   11.9121   -0.0000 </r>
       <r>   11.9586   -0.0000 </r>
       <r>   13.5481    0.0000 </r>
       <r>   13.5922    0.0000 </r>
       <r>   14.5451    0.0000 </r>
       <r>   15.3471    0.0000 </r>
       <r>   15.7144    0.0000 </r>
       <r>   16.5754    0.0000 </r>
       <r>   16.7710    0.0000 </r>
       <r>   18.6359    0.0000 </r>
       <r>   18.9209    0.0000 </r>
       <r>   19.5655    0.0000 </r>
       <r>   20.3484    0.0000 </r>
       <r>   20.9934    0.0000 </r>
       <r>   21.7690    0.0000 </r>
       <r>   21.7754    0.0000 </r>
      </set>
      <set comment="kpoint 23">
       <r>  -13.6083    1.0000 </r>
       <r>  -13.6083    1.0000 </r>
       <r>  -13.5348    1.0000 </r>
       <r>  -13.5348    1.0000 </r>
       <r>  -13.5065    1.0000 </r>
       <r>  -13.5065    1.0000 </r>
       <r>  -13.4696    1.0000 </r>
       <r>  -13.4696    1.0000 </r>
       <r>  -13.4601    1.0000 </r>
       <r>  -13.4601    1.0000 </r>
       <r>  -13.3948    1.0000 </r>
       <r>  -13.3948    1.0000 </r>
       <r>  -13.3751    1.0000 </r>
       <r>  -13.3751    1.0000 </r>
       <r>  -13.3054    1.0000 </r>
       <r>  -13.3054    1.0000 </r>
       <r>  -13.3041    1.0000 </r>
       <r>  -13.3041    1.0000 </r>
       <r>  -13.2683    1.0000 </r>
       <r>  -13.2683    1.0000 </r>
       <r>    0.3824    1.0000 </r>
       <r>    0.3824    1.0000 </r>
       <r>    2.3872    1.0000 </r>
       <r>    2.3872    1.0000 </r>
       <r>    5.1623    1.0000 </r>
       <r>    5.1623    1.0000 </r>
       <r>    6.9430    1.0000 </r>
       <r>    6.9430    1.0000 </r>
       <r>    8.3667   -0.0333 </r>
       <r>    8.3667   -0.0333 </r>
       <r>   10.4646   -0.0000 </r>
       <r>   10.4646   -0.0000 </r>
       <r>   12.2565   -0.0000 </r>
       <r>   12.2565   -0.0000 </r>
       <r>   12.4811   -0.0000 </r>
       <r>   12.4811   -0.0000 </r>
       <r>   15.3338    0.0000 </r>
       <r>   15.3338    0.0000 </r>
       <r>   15.9041    0.0000 </r>
       <r>   15.9041    0.0000 </r>
       <r>   17.1693    0.0000 </r>
       <r>   17.1693    0.0000 </r>
       <r>   18.4473    0.0000 </r>
       <r>   18.4473    0.0000 </r>
       <r>   19.7805    0.0000 </r>
       <r>   19.7805    0.0000 </r>
       <r>   21.9694    0.0000 </r>
       <r>   21.9694    0.0000 </r>
      </set>
      <set comment="kpoint 24">
       <r>  -13.5756    1.0000 </r>
       <r>  -13.5756    1.0000 </r>
       <r>  -13.5756    1.0000 </r>
       <r>  -13.5756    1.0000 </r>
       <r>  -13.5012    1.0000 </r>
       <r>  -13.5012    1.0000 </r>
       <r>  -13.5012    1.0000 </r>
       <r>  -13.5012    1.0000 </r>
       <r>  -13.4196    1.0000 </r>
       <r>  -13.4196    1.0000 </r>
       <r>  -13.4196    1.0000 </r>
       <r>  -13.4196    1.0000 </r>
       <r>  -13.3192    1.0000 </r>
       <r>  -13.3192    1.0000 </r>
       <r>  -13.3192    1.0000 </r>
       <r>  -13.3192    1.0000 </r>
       <r>  -13.2973    1.0000 </r>
       <r>  -13.2973    1.0000 </r>
       <r>  -13.2973    1.0000 </r>
       <r>  -13.2973    1.0000 </r>
       <r>    1.1872    1.0000 </r>
       <r>    1.1872    1.0000 </r>
       <r>    1.1872    1.0000 </r>
       <r>    1.1872    1.0000 </r>
       <r>    5.8324    1.0000 </r>
       <r>    5.8324    1.0000 </r>
       <r>    5.8324    1.0000 </r>
       <r>    5.8324    1.0000 </r>
       <r>   11.0293   -0.0000 </r>
       <r>   11.0293   -0.0000 </r>
       <r>   11.0293   -0.0000 </r>
       <r>   11.0293   -0.0000 </r>
       <r>   11.3930   -0.0000 </r>
       <r>   11.3930   -0.0000 </r>
       <r>   11.3930   -0.0000 </r>
       <r>   11.3930   -0.0000 </r>
       <r>   15.8732    0.0000 </r>
       <r>   15.8732    0.0000 </r>
       <r>   15.8732    0.0000 </r>
       <r>   15.8732    0.0000 </r>
       <r>   16.4565    0.0000 </r>
       <r>   16.4565    0.0000 </r>
       <r>   16.4565    0.0000 </r>
       <r>   16.4565    0.0000 </r>
       <r>   21.3195    0.0000 </r>
       <r>   21.3195    0.0000 </r>
       <r>   21.3195    0.0000 </r>
       <r>   21.3195    0.0000 </r>
      </set>
      <set comment="kpoint 25">
       <r>  -13.6229    1.0000 </r>
       <r>  -13.6229    1.0000 </r>
       <r>  -13.4960    1.0000 </r>
       <r>  -13.4960    1.0000 </r>
       <r>  -13.4960    1.0000 </r>
       <r>  -13.4960    1.0000 </r>
       <r>  -13.4960    1.0000 </r>
       <r>  -13.4960    1.0000 </r>
       <r>  -13.4322    1.0000 </r>
       <r>  -13.4322    1.0000 </r>
       <r>  -13.4322    1.0000 </r>
       <r>  -13.4322    1.0000 </r>
       <r>  -13.4090    1.0000 </r>
       <r>  -13.4090    1.0000 </r>
       <r>  -13.3348    1.0000 </r>
       <r>  -13.3348    1.0000 </r>
       <r>  -13.2551    1.0000 </r>
       <r>  -13.2551    1.0000 </r>
       <r>  -13.2286    1.0000 </r>
       <r>  -13.2286    1.0000 </r>
       <r>    0.5526    1.0000 </r>
       <r>    0.5526    1.0000 </r>
       <r>    4.4284    1.0000 </r>
       <r>    4.4284    1.0000 </r>
       <r>    5.2117    1.0000 </r>
       <r>    5.2117    1.0000 </r>
       <r>    6.6564    1.0000 </r>
       <r>    6.6564    1.0000 </r>
       <r>    6.6564    1.0000 </r>
       <r>    6.6564    1.0000 </r>
       <r>    8.5668   -0.0054 </r>
       <r>    8.5668   -0.0054 </r>
       <r>   11.4536   -0.0000 </r>
       <r>   11.4536   -0.0000 </r>
       <r>   11.4536   -0.0000 </r>
       <r>   11.4536   -0.0000 </r>
       <r>   14.2388    0.0000 </r>
       <r>   14.2388    0.0000 </r>
       <r>   19.0210    0.0000 </r>
       <r>   19.0210    0.0000 </r>
       <r>   19.0210    0.0000 </r>
       <r>   19.0210    0.0000 </r>
       <r>   20.4715    0.0000 </r>
       <r>   20.4715    0.0000 </r>
       <r>   21.4166    0.0000 </r>
       <r>   21.4166    0.0000 </r>
       <r>   23.9960    0.0000 </r>
       <r>   23.9960    0.0000 </r>
      </set>
      <set comment="kpoint 26">
       <r>  -13.6240    1.0000 </r>
       <r>  -13.6240    1.0000 </r>
       <r>  -13.5116    1.0000 </r>
       <r>  -13.5116    1.0000 </r>
       <r>  -13.4966    1.0000 </r>
       <r>  -13.4966    1.0000 </r>
       <r>  -13.4699    1.0000 </r>
       <r>  -13.4699    1.0000 </r>
       <r>  -13.4664    1.0000 </r>
       <r>  -13.4664    1.0000 </r>
       <r>  -13.4336    1.0000 </r>
       <r>  -13.4336    1.0000 </r>
       <r>  -13.3659    1.0000 </r>
       <r>  -13.3659    1.0000 </r>
       <r>  -13.3442    1.0000 </r>
       <r>  -13.3442    1.0000 </r>
       <r>  -13.2543    1.0000 </r>
       <r>  -13.2543    1.0000 </r>
       <r>  -13.2351    1.0000 </r>
       <r>  -13.2351    1.0000 </r>
       <r>    0.7732    1.0000 </r>
       <r>    0.7732    1.0000 </r>
       <r>    3.4873    1.0000 </r>
       <r>    3.4873    1.0000 </r>
       <r>    5.2026    1.0000 </r>
       <r>    5.2026    1.0000 </r>
       <r>    6.7552    1.0000 </r>
       <r>    6.7552    1.0000 </r>
       <r>    7.2680    1.0000 </r>
       <r>    7.2680    1.0000 </r>
       <r>    8.8034   -0.0000 </r>
       <r>    8.8034   -0.0000 </r>
       <r>   10.7667   -0.0000 </r>
       <r>   10.7667   -0.0000 </r>
       <r>   12.7669   -0.0000 </r>
       <r>   12.7669   -0.0000 </r>
       <r>   15.5725    0.0000 </r>
       <r>   15.5725    0.0000 </r>
       <r>   16.1137    0.0000 </r>
       <r>   16.1137    0.0000 </r>
       <r>   19.1006    0.0000 </r>
       <r>   19.1006    0.0000 </r>
       <r>   19.9307    0.0000 </r>
       <r>   19.9307    0.0000 </r>
       <r>   21.2717    0.0000 </r>
       <r>   21.2717    0.0000 </r>
       <r>   21.5826    0.0000 </r>
       <r>   21.5826    0.0000 </r>
      </set>
      <set comment="kpoint 27">
       <r>  -13.6129    1.0000 </r>
       <r>  -13.6129    1.0000 </r>
       <r>  -13.5315    1.0000 </r>
       <r>  -13.5315    1.0000 </r>
       <r>  -13.5160    1.0000 </r>
       <r>  -13.5160    1.0000 </r>
       <r>  -13.4733    1.0000 </r>
       <r>  -13.4733    1.0000 </r>
       <r>  -13.4521    1.0000 </r>
       <r>  -13.4521    1.0000 </r>
       <r>  -13.4357    1.0000 </r>
       <r>  -13.4357    1.0000 </r>
       <r>  -13.3557    1.0000 </r>
       <r>  -13.3557    1.0000 </r>
       <r>  -13.2940    1.0000 </r>
       <r>  -13.2940    1.0000 </r>
       <r>  -13.2838    1.0000 </r>
       <r>  -13.2838    1.0000 </r>
       <r>  -13.2457    1.0000 </r>
       <r>  -13.2457    1.0000 </r>
       <r>    1.1195    1.0000 </r>
       <r>    1.1195    1.0000 </r>
       <r>    2.6370    1.0000 </r>
       <r>    2.6370    1.0000 </r>
       <r>    5.7570    1.0000 </r>
       <r>    5.7570    1.0000 </r>
       <r>    6.3460    1.0000 </r>
       <r>    6.3460    1.0000 </r>
       <r>    6.8672    1.0000 </r>
       <r>    6.8672    1.0000 </r>
       <r>   10.2680   -0.0000 </r>
       <r>   10.2680   -0.0000 </r>
       <r>   10.9023   -0.0000 </r>
       <r>   10.9023   -0.0000 </r>
       <r>   12.7479   -0.0000 </r>
       <r>   12.7479   -0.0000 </r>
       <r>   15.2462    0.0000 </r>
       <r>   15.2462    0.0000 </r>
       <r>   17.6781    0.0000 </r>
       <r>   17.6781    0.0000 </r>
       <r>   17.8927    0.0000 </r>
       <r>   17.8927    0.0000 </r>
       <r>   18.3469    0.0000 </r>
       <r>   18.3469    0.0000 </r>
       <r>   19.5578    0.0000 </r>
       <r>   19.5578    0.0000 </r>
       <r>   21.4947    0.0000 </r>
       <r>   21.4947    0.0000 </r>
      </set>
      <set comment="kpoint 28">
       <r>  -13.6254    1.0000 </r>
       <r>  -13.6254    1.0000 </r>
       <r>  -13.5259    1.0000 </r>
       <r>  -13.5259    1.0000 </r>
       <r>  -13.4839    1.0000 </r>
       <r>  -13.4839    1.0000 </r>
       <r>  -13.4815    1.0000 </r>
       <r>  -13.4815    1.0000 </r>
       <r>  -13.4624    1.0000 </r>
       <r>  -13.4624    1.0000 </r>
       <r>  -13.4198    1.0000 </r>
       <r>  -13.4198    1.0000 </r>
       <r>  -13.3628    1.0000 </r>
       <r>  -13.3628    1.0000 </r>
       <r>  -13.3443    1.0000 </r>
       <r>  -13.3443    1.0000 </r>
       <r>  -13.2532    1.0000 </r>
       <r>  -13.2532    1.0000 </r>
       <r>  -13.2414    1.0000 </r>
       <r>  -13.2414    1.0000 </r>
       <r>    1.0002    1.0000 </r>
       <r>    1.0002    1.0000 </r>
       <r>    3.3194    1.0000 </r>
       <r>    3.3194    1.0000 </r>
       <r>    4.3413    1.0000 </r>
       <r>    4.3413    1.0000 </r>
       <r>    6.3367    1.0000 </r>
       <r>    6.3367    1.0000 </r>
       <r>    8.6481   -0.0010 </r>
       <r>    8.6481   -0.0010 </r>
       <r>    9.0069   -0.0000 </r>
       <r>    9.0069   -0.0000 </r>
       <r>   12.0054   -0.0000 </r>
       <r>   12.0054   -0.0000 </r>
       <r>   12.0688   -0.0000 </r>
       <r>   12.0688   -0.0000 </r>
       <r>   15.7525    0.0000 </r>
       <r>   15.7525    0.0000 </r>
       <r>   16.5617    0.0000 </r>
       <r>   16.5617    0.0000 </r>
       <r>   17.0321    0.0000 </r>
       <r>   17.0321    0.0000 </r>
       <r>   18.6030    0.0000 </r>
       <r>   18.6030    0.0000 </r>
       <r>   19.4912    0.0000 </r>
       <r>   19.4912    0.0000 </r>
       <r>   23.1836    0.0000 </r>
       <r>   23.2077    0.0000 </r>
      </set>
      <set comment="kpoint 29">
       <r>  -13.6148    1.0000 </r>
       <r>  -13.6148    1.0000 </r>
       <r>  -13.5433    1.0000 </r>
       <r>  -13.5433    1.0000 </r>
       <r>  -13.5127    1.0000 </r>
       <r>  -13.5127    1.0000 </r>
       <r>  -13.4692    1.0000 </r>
       <r>  -13.4692    1.0000 </r>
       <r>  -13.4636    1.0000 </r>
       <r>  -13.4636    1.0000 </r>
       <r>  -13.3948    1.0000 </r>
       <r>  -13.3948    1.0000 </r>
       <r>  -13.3751    1.0000 </r>
       <r>  -13.3751    1.0000 </r>
       <r>  -13.2949    1.0000 </r>
       <r>  -13.2949    1.0000 </r>
       <r>  -13.2822    1.0000 </r>
       <r>  -13.2822    1.0000 </r>
       <r>  -13.2491    1.0000 </r>
       <r>  -13.2491    1.0000 </r>
       <r>    1.3736    1.0000 </r>
       <r>    1.3736    1.0000 </r>
       <r>    2.6545    1.0000 </r>
       <r>    2.6545    1.0000 </r>
       <r>    4.4982    1.0000 </r>
       <r>    4.4982    1.0000 </r>
       <r>    5.5575    1.0000 </r>
       <r>    5.5575    1.0000 </r>
       <r>    8.9627   -0.0000 </r>
       <r>    8.9627   -0.0000 </r>
       <r>   11.1686   -0.0000 </r>
       <r>   11.1686   -0.0000 </r>
       <r>   11.4541   -0.0000 </r>
       <r>   11.4541   -0.0000 </r>
       <r>   12.5201   -0.0000 </r>
       <r>   12.5201   -0.0000 </r>
       <r>   14.8689    0.0000 </r>
       <r>   14.8689    0.0000 </r>
       <r>   16.1385    0.0000 </r>
       <r>   16.1385    0.0000 </r>
       <r>   16.4447    0.0000 </r>
       <r>   16.4447    0.0000 </r>
       <r>   18.0124    0.0000 </r>
       <r>   18.0124    0.0000 </r>
       <r>   20.1279    0.0000 </r>
       <r>   20.1279    0.0000 </r>
       <r>   20.2409    0.0000 </r>
       <r>   20.2409    0.0000 </r>
      </set>
      <set comment="kpoint 30">
       <r>  -13.5852    1.0000 </r>
       <r>  -13.5852    1.0000 </r>
       <r>  -13.5852    1.0000 </r>
       <r>  -13.5852    1.0000 </r>
       <r>  -13.5049    1.0000 </r>
       <r>  -13.5049    1.0000 </r>
       <r>  -13.5049    1.0000 </r>
       <r>  -13.5049    1.0000 </r>
       <r>  -13.4184    1.0000 </r>
       <r>  -13.4184    1.0000 </r>
       <r>  -13.4184    1.0000 </r>
       <r>  -13.4184    1.0000 </r>
       <r>  -13.3175    1.0000 </r>
       <r>  -13.3175    1.0000 </r>
       <r>  -13.3175    1.0000 </r>
       <r>  -13.3175    1.0000 </r>
       <r>  -13.2732    1.0000 </r>
       <r>  -13.2732    1.0000 </r>
       <r>  -13.2732    1.0000 </r>
       <r>  -13.2732    1.0000 </r>
       <r>    2.0755    1.0000 </r>
       <r>    2.0755    1.0000 </r>
       <r>    2.0755    1.0000 </r>
       <r>    2.0755    1.0000 </r>
       <r>    4.4922    1.0000 </r>
       <r>    4.4922    1.0000 </r>
       <r>    4.4922    1.0000 </r>
       <r>    4.4922    1.0000 </r>
       <r>   11.6311   -0.0000 </r>
       <r>   11.6311   -0.0000 </r>
       <r>   11.6311   -0.0000 </r>
       <r>   11.6311   -0.0000 </r>
       <r>   12.0199   -0.0000 </r>
       <r>   12.0199   -0.0000 </r>
       <r>   12.0199   -0.0000 </r>
       <r>   12.0199   -0.0000 </r>
       <r>   14.8073    0.0000 </r>
       <r>   14.8073    0.0000 </r>
       <r>   14.8073    0.0000 </r>
       <r>   14.8073    0.0000 </r>
       <r>   15.4351    0.0000 </r>
       <r>   15.4351    0.0000 </r>
       <r>   15.4351    0.0000 </r>
       <r>   15.4351    0.0000 </r>
       <r>   22.6332    0.0000 </r>
       <r>   22.6332    0.0000 </r>
       <r>   22.6332    0.0000 </r>
       <r>   22.6332    0.0000 </r>
      </set>
     </set>
    </set>
   </array>
  </eigenvalues>
  <separator name="orbital magnetization" >
   <v name="MAGDIPOLOUT">      0.00000000      0.00000000      0.00000000</v>
  </separator>
 </calculation>
 <structure name="finalpos" >
  <crystal>
   <varray name="basis" >
    <v>       5.83130000       0.00000000       0.00000000 </v>
    <v>       0.00000000       5.83130000       0.00000000 </v>
    <v>       0.00000000       0.00000000       3.18150000 </v>
   </varray>
   <i name="volume">    108.18391590 </i>
   <varray name="rec_basis" >
    <v>       0.17148835       0.00000000       0.00000000 </v>
    <v>       0.00000000       0.17148835       0.00000000 </v>
    <v>       0.00000000       0.00000000       0.31431715 </v>
   </varray>
  </crystal>
  <varray name="positions" >
   <v>       0.00000000       0.75000000       0.12500000 </v>
   <v>       0.00000000       0.25000000       0.87500000 </v>
   <v>       0.50000000       0.25000000       0.62500000 </v>
   <v>       0.50000000       0.75000000       0.37500000 </v>
  </varray>
 </structure>
</modeling>
