<?xml version="1.0" encoding="ISO-8859-1"?>
<modeling>
 <generator>
  <i name="program" type="string">vasp </i>
  <i name="version" type="string">5.3.3  </i>
  <i name="subversion" type="string">18Dez12 (build Jul  9 2013 10:45:47) complex                          parallel </i>
  <i name="platform" type="string">LinuxIFC </i>
  <i name="date" type="string">2015 07 13 </i>
  <i name="time" type="string">04:35:23 </i>
 </generator>
 <incar>
  <i type="string" name="SYSTEM"> (Sn)4  (P1) ~ POSCAR_2x2x2_1 (VASP)</i>
  <i type="int" name="ISTART">     0</i>
  <i type="string" name="PREC">normal</i>
  <i type="string" name="ALGO"> Normal (blocked Davidson)</i>
  <i type="logical" name="ADDGRID"> F  </i>
  <i type="int" name="ISPIN">     1</i>
  <i type="int" name="ICHARG">     2</i>
  <i type="int" name="INIWAV">     1</i>
  <i type="int" name="NELM">    60</i>
  <i type="int" name="NELMIN">     2</i>
  <i type="int" name="IBRION">    -1</i>
  <i name="EDIFF">      0.00001000</i>
  <i name="EDIFFG">     -0.02000000</i>
  <i type="int" name="NSW">     0</i>
  <i type="int" name="NBLOCK">     1</i>
  <i name="ENCUT">    450.00000000</i>
  <v name="RWIGS">      1.41000000</v>
  <i type="logical" name="LREAL"> F  </i>
  <i type="int" name="ISMEAR">     1</i>
  <i name="SIGMA">      0.20000000</i>
  <i type="logical" name="LWAVE"> F  </i>
  <i type="logical" name="LCHARG"> F  </i>
  <i type="int" name="NELM">    60</i>
  <i type="int" name="VOSKOWN">     1</i>
 </incar>
 <kpoints>
  <generation param="Gamma">
   <v type="int" name="divisions">       5        5        8 </v>
   <v name="usershift">      0.00000000       0.00000000       0.00000000 </v>
   <v name="genvec1">      0.20000000       0.00000000       0.00000000 </v>
   <v name="genvec2">      0.00000000       0.20000000       0.00000000 </v>
   <v name="genvec3">      0.00000000       0.00000000       0.12500000 </v>
   <v name="shift">      0.00000000       0.00000000       0.00000000 </v>
  </generation>
  <varray name="kpointlist" >
   <v>       0.00000000       0.00000000       0.00000000 </v>
   <v>       0.20000000       0.00000000       0.00000000 </v>
   <v>       0.40000000       0.00000000       0.00000000 </v>
   <v>       0.20000000       0.20000000       0.00000000 </v>
   <v>       0.40000000       0.20000000       0.00000000 </v>
   <v>       0.40000000       0.40000000       0.00000000 </v>
   <v>       0.00000000       0.00000000       0.12500000 </v>
   <v>       0.20000000       0.00000000       0.12500000 </v>
   <v>       0.40000000       0.00000000       0.12500000 </v>
   <v>       0.20000000       0.20000000       0.12500000 </v>
   <v>       0.40000000       0.20000000       0.12500000 </v>
   <v>       0.40000000       0.40000000       0.12500000 </v>
   <v>       0.00000000       0.00000000       0.25000000 </v>
   <v>       0.20000000       0.00000000       0.25000000 </v>
   <v>       0.40000000       0.00000000       0.25000000 </v>
   <v>       0.20000000       0.20000000       0.25000000 </v>
   <v>       0.40000000       0.20000000       0.25000000 </v>
   <v>       0.40000000       0.40000000       0.25000000 </v>
   <v>       0.00000000       0.00000000       0.37500000 </v>
   <v>       0.20000000       0.00000000       0.37500000 </v>
   <v>       0.40000000       0.00000000       0.37500000 </v>
   <v>       0.20000000       0.20000000       0.37500000 </v>
   <v>       0.40000000       0.20000000       0.37500000 </v>
   <v>       0.40000000       0.40000000       0.37500000 </v>
   <v>       0.00000000       0.00000000       0.50000000 </v>
   <v>       0.20000000       0.00000000       0.50000000 </v>
   <v>       0.40000000       0.00000000       0.50000000 </v>
   <v>       0.20000000       0.20000000       0.50000000 </v>
   <v>       0.40000000       0.20000000       0.50000000 </v>
   <v>       0.40000000       0.40000000       0.50000000 </v>
  </varray>
  <varray name="weights" >
   <v>       0.00500000 </v>
   <v>       0.02000000 </v>
   <v>       0.02000000 </v>
   <v>       0.02000000 </v>
   <v>       0.04000000 </v>
   <v>       0.02000000 </v>
   <v>       0.01000000 </v>
   <v>       0.04000000 </v>
   <v>       0.04000000 </v>
   <v>       0.04000000 </v>
   <v>       0.08000000 </v>
   <v>       0.04000000 </v>
   <v>       0.01000000 </v>
   <v>       0.04000000 </v>
   <v>       0.04000000 </v>
   <v>       0.04000000 </v>
   <v>       0.08000000 </v>
   <v>       0.04000000 </v>
   <v>       0.01000000 </v>
   <v>       0.04000000 </v>
   <v>       0.04000000 </v>
   <v>       0.04000000 </v>
   <v>       0.08000000 </v>
   <v>       0.04000000 </v>
   <v>       0.00500000 </v>
   <v>       0.02000000 </v>
   <v>       0.02000000 </v>
   <v>       0.02000000 </v>
   <v>       0.04000000 </v>
   <v>       0.02000000 </v>
  </varray>
 </kpoints>
 <parameters>
  <separator name="general" >
   <i type="string" name="SYSTEM">(Sn)4  (P1) ~ POSCAR_2x2x2_1 (VASP)</i>
   <i type="logical" name="LCOMPAT"> F  </i>
  </separator>
  <separator name="electronic" >
   <i type="string" name="PREC">normal</i>
   <i name="ENMAX">    450.00000000</i>
   <i name="ENAUG">    439.82500000</i>
   <i name="EDIFF">      0.00001000</i>
   <i type="int" name="IALGO">    38</i>
   <i type="int" name="IWAVPR">    10</i>
   <i type="int" name="NBANDS">    48</i>
   <i name="NELECT">     56.00000000</i>
   <i type="int" name="TURBO">     0</i>
   <i type="int" name="IRESTART">     0</i>
   <i type="int" name="NREBOOT">     0</i>
   <i type="int" name="NMIN">     0</i>
   <i name="EREF">      0.00000000</i>
   <separator name="electronic smearing" >
    <i type="int" name="ISMEAR">     1</i>
    <i name="SIGMA">      0.20000000</i>
    <i name="KSPACING">      0.50000000</i>
    <i type="logical" name="KGAMMA"> T  </i>
   </separator>
   <separator name="electronic projectors" >
    <i type="logical" name="LREAL"> F  </i>
    <v name="ROPT">      0.00000000</v>
    <i type="int" name="LMAXPAW">  -100</i>
    <i type="int" name="LMAXMIX">     2</i>
    <i type="logical" name="NLSPLINE"> F  </i>
   </separator>
   <separator name="electronic startup" >
    <i type="int" name="ISTART">     0</i>
    <i type="int" name="ICHARG">     2</i>
    <i type="int" name="INIWAV">     1</i>
   </separator>
   <separator name="electronic spin" >
    <i type="int" name="ISPIN">     1</i>
    <i type="logical" name="LNONCOLLINEAR"> F  </i>
    <v name="MAGMOM">      1.00000000      1.00000000      1.00000000      1.00000000</v>
    <i name="NUPDOWN">     -1.00000000</i>
    <i type="logical" name="LSORBIT"> F  </i>
    <v name="SAXIS">      0.00000000      0.00000000      1.00000000</v>
    <i type="logical" name="LSPIRAL"> F  </i>
    <v name="QSPIRAL">      0.00000000      0.00000000      0.00000000</v>
    <i type="logical" name="LZEROZ"> F  </i>
   </separator>
   <separator name="electronic exchange-correlation" >
    <i type="logical" name="LASPH"> F  </i>
    <i type="logical" name="LMETAGGA"> F  </i>
   </separator>
   <separator name="electronic convergence" >
    <i type="int" name="NELM">    60</i>
    <i type="int" name="NELMDL">    -5</i>
    <i type="int" name="NELMIN">     2</i>
    <i name="ENINI">    450.00000000</i>
    <separator name="electronic convergence detail" >
     <i type="logical" name="LDIAG"> T  </i>
     <i type="logical" name="LSUBROT"> T  </i>
     <i name="WEIMIN">      0.00000000</i>
     <i name="EBREAK">      0.00000005</i>
     <i name="DEPER">      0.30000000</i>
     <i type="int" name="NRMM">     4</i>
     <i name="TIME">      0.40000000</i>
    </separator>
   </separator>
   <separator name="electronic mixer" >
    <i name="AMIX">      0.40000000</i>
    <i name="BMIX">      1.00000000</i>
    <i name="AMIN">      0.10000000</i>
    <i name="AMIX_MAG">      1.60000000</i>
    <i name="BMIX_MAG">      1.00000000</i>
    <separator name="electronic mixer details" >
     <i type="int" name="IMIX">     4</i>
     <i type="int" name="MAXMIX">   -45</i>
     <i name="WC">    100.00000000</i>
     <i type="int" name="INIMIX">     1</i>
     <i type="int" name="MIXPRE">     1</i>
     <i type="int" name="MREMOVE">     5</i>
    </separator>
   </separator>
   <separator name="electronic dipolcorrection" >
    <i type="logical" name="LDIPOL"> F  </i>
    <i type="logical" name="LMONO"> F  </i>
    <i type="int" name="IDIPOL">     0</i>
    <i name="EPSILON">      1.00000000</i>
    <v name="DIPOL">   -100.00000000   -100.00000000   -100.00000000</v>
    <i name="EFIELD">      0.00000000</i>
   </separator>
  </separator>
  <separator name="grids" >
   <i type="int" name="NGX">    30</i>
   <i type="int" name="NGY">    30</i>
   <i type="int" name="NGZ">    18</i>
   <i type="int" name="NGXF">    60</i>
   <i type="int" name="NGYF">    60</i>
   <i type="int" name="NGZF">    36</i>
   <i type="logical" name="ADDGRID"> F  </i>
  </separator>
  <separator name="ionic" >
   <i type="int" name="NSW">     0</i>
   <i type="int" name="IBRION">    -1</i>
   <i type="int" name="ISIF">     2</i>
   <i name="PSTRESS">      0.00000000</i>
   <i name="EDIFFG">     -0.02000000</i>
   <i type="int" name="NFREE">     0</i>
   <i name="POTIM">      0.50000000</i>
   <i name="SMASS">     -3.00000000</i>
   <i name="SCALEE">      1.00000000</i>
  </separator>
  <separator name="ionic md" >
   <i name="TEBEG">      0.00010000</i>
   <i name="TEEND">      0.00010000</i>
   <i type="int" name="NBLOCK">     1</i>
   <i type="int" name="KBLOCK">     1</i>
   <i type="int" name="NPACO">   256</i>
   <i name="APACO">     16.00000000</i>
  </separator>
  <separator name="symmetry" >
   <i type="int" name="ISYM">     2</i>
   <i name="SYMPREC">      0.00001000</i>
  </separator>
  <separator name="dos" >
   <i type="logical" name="LORBIT"> F  </i>
   <v name="RWIGS">      1.41000000</v>
   <i type="int" name="NEDOS">   301</i>
   <i name="EMIN">     10.00000000</i>
   <i name="EMAX">    -10.00000000</i>
   <i name="EFERMI">      0.00000000</i>
  </separator>
  <separator name="writing" >
   <i type="int" name="NWRITE">     2</i>
   <i type="logical" name="LWAVE"> F  </i>
   <i type="logical" name="LCHARG"> F  </i>
   <i type="logical" name="LPARD"> F  </i>
   <i type="logical" name="LVTOT"> F  </i>
   <i type="logical" name="LVHAR"> F  </i>
   <i type="logical" name="LELF"> F  </i>
   <i type="logical" name="LOPTICS"> F  </i>
   <v name="STM">      0.00000000      0.00000000      0.00000000      0.00000000      0.00000000      0.00000000      0.00000000</v>
  </separator>
  <separator name="performance" >
   <i type="int" name="NPAR">    16</i>
   <i type="int" name="NSIM">     4</i>
   <i type="int" name="NBLK">    -1</i>
   <i type="logical" name="LPLANE"> T  </i>
   <i type="logical" name="LSCALAPACK"> F  </i>
   <i type="logical" name="LSCAAWARE"> F  </i>
   <i type="logical" name="LSCALU"> F  </i>
   <i type="logical" name="LASYNC"> F  </i>
   <i type="logical" name="LORBITALREAL"> F  </i>
  </separator>
  <separator name="miscellaneous" >
   <i type="int" name="IDIOT">     3</i>
   <i type="logical" name="LMUSIC"> F  </i>
   <v name="POMASS">    118.71000000</v>
   <v name="DARWINR">      0.00000000</v>
   <v name="DARWINV">      1.00000000</v>
   <i type="logical" name="LCORR"> T  </i>
  </separator>
  <i type="logical" name="GGA_COMPAT"> T  </i>
  <i type="logical" name="LBERRY"> F  </i>
  <i type="int" name="ICORELEVEL">     0</i>
  <i type="logical" name="LDAU"> F  </i>
  <i type="int" name="I_CONSTRAINED_M">     0</i>
  <separator name="electronic exchange-correlation" >
   <i type="string" name="GGA">--</i>
   <i type="int" name="VOSKOWN">     1</i>
   <i type="logical" name="LHFCALC"> F  </i>
   <i type="string" name="PRECFOCK"></i>
   <i type="logical" name="LSYMGRAD"> F  </i>
   <i type="logical" name="LHFONE"> F  </i>
   <i type="logical" name="LRHFCALC"> F  </i>
   <i type="logical" name="LTHOMAS"> F  </i>
   <i type="logical" name="LMODELHF"> F  </i>
   <i name="ENCUT4O">     -1.00000000</i>
   <i type="int" name="EXXOEP">     0</i>
   <i type="int" name="FOURORBIT">     0</i>
   <i name="AEXX">      0.00000000</i>
   <i name="HFALPHA">      0.00000000</i>
   <i name="MCALPHA">      0.00000000</i>
   <i name="ALDAX">      1.00000000</i>
   <i name="AGGAX">      1.00000000</i>
   <i name="ALDAC">      1.00000000</i>
   <i name="AGGAC">      1.00000000</i>
   <i type="int" name="NKREDX">     1</i>
   <i type="int" name="NKREDY">     1</i>
   <i type="int" name="NKREDZ">     1</i>
   <i type="logical" name="SHIFTRED"> F  </i>
   <i type="logical" name="ODDONLY"> F  </i>
   <i type="logical" name="EVENONLY"> F  </i>
   <i type="int" name="LMAXFOCK">     0</i>
   <i type="int" name="NMAXFOCKAE">     0</i>
   <i type="logical" name="LFOCKAEDFT"> F  </i>
   <i name="HFSCREEN">      0.00000000</i>
   <i name="HFSCREENC">      0.00000000</i>
   <i type="int" name="NBANDSGWLOW">     0</i>
  </separator>
  <separator name="vdW DFT" >
   <i type="logical" name="LUSE_VDW"> F  </i>
   <i name="Zab_VDW">     -0.84910000</i>
   <i name="PARAM1">      0.12340000</i>
   <i name="PARAM2">      1.00000000</i>
   <i name="PARAM3">      0.00000000</i>
  </separator>
  <separator name="model GW" >
   <i type="int" name="MODEL_GW">     0</i>
   <i name="MODEL_EPS0">     16.22758739</i>
   <i name="MODEL_ALPHA">      1.00000000</i>
  </separator>
  <separator name="linear response parameters" >
   <i type="logical" name="LEPSILON"> F  </i>
   <i type="logical" name="LRPA"> F  </i>
   <i type="logical" name="LNABLA"> F  </i>
   <i type="logical" name="LVEL"> F  </i>
   <i type="int" name="KINTER">     0</i>
   <i name="CSHIFT">      0.10000000</i>
   <i name="OMEGAMAX">     -1.00000000</i>
   <i name="DEG_THRESHOLD">      0.00200000</i>
  </separator>
  <separator name="orbital magnetization" >
   <i type="logical" name="NUCIND"> F  </i>
   <v name="MAGPOS">      0.00000000      0.00000000      0.00000000</v>
   <i type="logical" name="LNICSALL"> T  </i>
   <i type="logical" name="ORBITALMAG"> F  </i>
   <i type="logical" name="LMAGBLOCH"> F  </i>
   <i type="logical" name="LCHIMAG"> F  </i>
   <i type="logical" name="LGAUGE"> T  </i>
   <i type="int" name="MAGATOM">     0</i>
   <v name="MAGDIPOL">      0.00000000      0.00000000      0.00000000</v>
   <v name="AVECCONST">      0.00000000      0.00000000      0.00000000</v>
  </separator>
  <separator name="response functions" >
   <i type="logical" name="LADDER"> F  </i>
   <i type="logical" name="LFXC"> F  </i>
   <i type="logical" name="LHARTREE"> T  </i>
   <i type="int" name="IBSE">     0</i>
   <i type="logical" name="LTCTE"> F  </i>
   <i type="logical" name="LTETE"> F  </i>
   <i type="logical" name="LTRIPLET"> F  </i>
   <i type="logical" name="LFXCEPS"> F  </i>
   <i type="logical" name="L2ORDER"> F  </i>
   <i type="logical" name="LUSEW"> F  </i>
   <i name="ENCUTGW">     -2.00000000</i>
   <i name="ENCUTGWSOFT">     -2.00000000</i>
   <i name="ENCUTLF">     -1.00000000</i>
   <i type="int" name="LMAXMP2">    -1</i>
   <i name="SCISSOR">      0.00000000</i>
   <i type="int" name="NOMEGA">     0</i>
   <i type="int" name="NOMEGAR">     0</i>
   <i type="int" name="NBANDSGW">    -1</i>
   <i type="int" name="NBANDSO">    -1</i>
   <i type="int" name="NBANDSV">    -1</i>
   <i type="int" name="NELM">    60</i>
   <i type="int" name="DIM">     3</i>
   <i type="int" name="ANTIRES">     0</i>
   <i name="OMEGAMAX">    -30.00000000</i>
   <i name="OMEGATL">   -200.00000000</i>
   <i type="int" name="OMEGAGRID">     0</i>
   <i name="CSHIFT">     -0.10000000</i>
   <i type="logical" name="SELFENERGY"> F  </i>
   <i type="logical" name="LSPECTRAL"> F  </i>
   <i type="logical" name="ODDONLYGW"> F  </i>
   <i type="logical" name="EVENONLYGW"> F  </i>
   <i type="int" name="NKREDLFX">     1</i>
   <i type="int" name="NKREDLFY">     1</i>
   <i type="int" name="NKREDLFZ">     1</i>
   <i type="int" name="MAXMEM">  1800</i>
   <i type="int" name="TELESCOPE">     0</i>
  </separator>
 </parameters>
 <atominfo>
  <atoms>       4 </atoms>
  <types>       1 </types>
  <array name="atoms" >
   <dimension dim="1">ion</dimension>
   <field type="string">element</field>
   <field type="int">atomtype</field>
   <set>
    <rc><c>Sn</c><c>   1</c></rc>
    <rc><c>Sn</c><c>   1</c></rc>
    <rc><c>Sn</c><c>   1</c></rc>
    <rc><c>Sn</c><c>   1</c></rc>
   </set>
  </array>
  <array name="atomtypes" >
   <dimension dim="1">type</dimension>
   <field type="int">atomspertype</field>
   <field type="string">element</field>
   <field>mass</field>
   <field>valence</field>
   <field type="string">pseudopotential</field>
   <set>
    <rc><c>   4</c><c>Sn</c><c>    118.71000000</c><c>     14.00000000</c><c> PAW_PBE Sn_d 06Sep2000                 </c></rc>
   </set>
  </array>
 </atominfo>
 <structure name="initialpos" >
  <crystal>
   <varray name="basis" >
    <v>       5.83130000       0.00000000       0.00000000 </v>
    <v>       0.00000000       5.83130000       0.00000000 </v>
    <v>       0.00000000       0.00000000       3.18150000 </v>
   </varray>
   <i name="volume">    108.18391590 </i>
   <varray name="rec_basis" >
    <v>       0.17148835       0.00000000       0.00000000 </v>
    <v>       0.00000000       0.17148835       0.00000000 </v>
    <v>       0.00000000       0.00000000       0.31431715 </v>
   </varray>
  </crystal>
  <varray name="positions" >
   <v>       0.00000000       0.75000000       0.12500000 </v>
   <v>       0.00000000       0.25000000       0.87500000 </v>
   <v>       0.50000000       0.25000000       0.62500000 </v>
   <v>       0.50000000       0.75000000       0.37500000 </v>
  </varray>
 </structure>
 <calculation>
  <scstep>
   <time name="dav">    1.65    1.67</time>
   <time name="total">    1.97    2.00</time>
   <energy>
    <i name="alphaZ">    165.15909015 </i>
    <i name="ewald">  -5374.96529713 </i>
    <i name="hartreedc">  -1990.89442271 </i>
    <i name="XCdc">    227.96367290 </i>
    <i name="pawpsdc">   5488.21437192 </i>
    <i name="pawaedc">  -5636.81509254 </i>
    <i name="eentropy">      0.00205527 </i>
    <i name="bandstr">     -1.33729137 </i>
    <i name="atom">   7572.29571107 </i>
    <i name="e_fr_energy">    449.62279757 </i>
    <i name="e_wo_entrp">    449.62074230 </i>
    <i name="e_0_energy">    449.62211248 </i>
   </energy>
  </scstep>
  <scstep>
   <time name="dav">    1.39    1.39</time>
   <time name="total">    1.40    1.40</time>
   <energy>
    <i name="e_fr_energy">     34.84518656 </i>
    <i name="e_wo_entrp">     34.84532034 </i>
    <i name="e_0_energy">     34.84523116 </i>
   </energy>
  </scstep>
  <scstep>
   <time name="dav">    1.69    1.69</time>
   <time name="total">    1.69    1.70</time>
   <energy>
    <i name="e_fr_energy">    -14.32982921 </i>
    <i name="e_wo_entrp">    -14.32756064 </i>
    <i name="e_0_energy">    -14.32907302 </i>
   </energy>
  </scstep>
  <scstep>
   <time name="dav">    1.62    1.63</time>
   <time name="total">    1.63    1.63</time>
   <energy>
    <i name="e_fr_energy">    -15.79238289 </i>
    <i name="e_wo_entrp">    -15.78983582 </i>
    <i name="e_0_energy">    -15.79153387 </i>
   </energy>
  </scstep>
  <scstep>
   <time name="dav">    2.16    2.21</time>
   <time name="total">    2.21    2.27</time>
   <energy>
    <i name="e_fr_energy">    -15.83937053 </i>
    <i name="e_wo_entrp">    -15.83680922 </i>
    <i name="e_0_energy">    -15.83851676 </i>
   </energy>
  </scstep>
  <scstep>
   <time name="dav">    1.84    1.85</time>
   <time name="total">    1.90    1.91</time>
   <energy>
    <i name="e_fr_energy">    -15.80904515 </i>
    <i name="e_wo_entrp">    -15.80638072 </i>
    <i name="e_0_energy">    -15.80815701 </i>
   </energy>
  </scstep>
  <scstep>
   <time name="dav">    2.17    2.18</time>
   <time name="total">    2.24    2.25</time>
   <energy>
    <i name="e_fr_energy">    -15.80111513 </i>
    <i name="e_wo_entrp">    -15.79836949 </i>
    <i name="e_0_energy">    -15.80019991 </i>
   </energy>
  </scstep>
  <scstep>
   <time name="dav">    1.70    1.71</time>
   <time name="total">    1.76    1.76</time>
   <energy>
    <i name="e_fr_energy">    -15.80108499 </i>
    <i name="e_wo_entrp">    -15.79836490 </i>
    <i name="e_0_energy">    -15.80017830 </i>
   </energy>
  </scstep>
  <scstep>
   <time name="dav">    1.94    1.94</time>
   <time name="total">    2.00    2.00</time>
   <energy>
    <i name="e_fr_energy">    -15.80109398 </i>
    <i name="e_wo_entrp">    -15.79837203 </i>
    <i name="e_0_energy">    -15.80018666 </i>
   </energy>
  </scstep>
  <scstep>
   <time name="dav">    1.24    1.24</time>
   <time name="total">    1.25    1.26</time>
   <energy>
    <i name="alphaZ">    165.15909015 </i>
    <i name="ewald">  -5374.96529713 </i>
    <i name="hartreedc">  -1970.45971738 </i>
    <i name="XCdc">    227.12805517 </i>
    <i name="pawpsdc">   5609.09925210 </i>
    <i name="pawaedc">  -5762.68005969 </i>
    <i name="eentropy">     -0.00272246 </i>
    <i name="bandstr">   -481.37539690 </i>
    <i name="atom">   7572.29571107 </i>
    <i name="e_fr_energy">    -15.80108507 </i>
    <i name="e_wo_entrp">    -15.79836262 </i>
    <i name="e_0_energy">    -15.80017759 </i>
   </energy>
  </scstep>
  <structure>
   <crystal>
    <varray name="basis" >
     <v>       5.83130000       0.00000000       0.00000000 </v>
     <v>       0.00000000       5.83130000       0.00000000 </v>
     <v>       0.00000000       0.00000000       3.18150000 </v>
    </varray>
    <i name="volume">    108.18391590 </i>
    <varray name="rec_basis" >
     <v>       0.17148835       0.00000000       0.00000000 </v>
     <v>       0.00000000       0.17148835       0.00000000 </v>
     <v>       0.00000000       0.00000000       0.31431715 </v>
    </varray>
   </crystal>
   <varray name="positions" >
    <v>       0.00000000       0.75000000       0.12500000 </v>
    <v>       0.00000000       0.25000000       0.87500000 </v>
    <v>       0.50000000       0.25000000       0.62500000 </v>
    <v>       0.50000000       0.75000000       0.37500000 </v>
   </varray>
  </structure>
  <varray name="forces" >
   <v>      -0.00000000      -0.00000000      -0.00000000 </v>
   <v>      -0.00000000       0.00000000      -0.00000000 </v>
   <v>      -0.00000000       0.00000000       0.00000000 </v>
   <v>       0.00000000       0.00000000      -0.00000000 </v>
  </varray>
  <varray name="stress" >
   <v>      33.76864325       0.00000000      -0.00000000 </v>
   <v>       0.00000000      33.76864325      -0.00000000 </v>
   <v>       0.00000000      -0.00000000      16.52266325 </v>
  </varray>
  <energy>
   <i name="e_fr_energy">    -15.80108507 </i>
   <i name="e_wo_entrp">    -15.80017759 </i>
   <i name="e_0_energy">     -0.00272246 </i>
  </energy>
  <time name="totalsc">   18.59   18.73</time>
  <eigenvalues>
   <array>
    <dimension dim="1">band</dimension>
    <dimension dim="2">kpoint</dimension>
    <dimension dim="3">spin</dimension>
    <field>eigene</field>
    <field>occ</field>
    <set>
     <set comment="spin 1">
      <set comment="kpoint 1">
       <r>  -13.6722    1.0000 </r>
       <r>  -13.6000    1.0000 </r>
       <r>  -13.6000    1.0000 </r>
       <r>  -13.5869    1.0000 </r>
       <r>  -13.5459    1.0000 </r>
       <r>  -13.5317    1.0000 </r>
       <r>  -13.4035    1.0000 </r>
       <r>  -13.4035    1.0000 </r>
       <r>  -13.3939    1.0000 </r>
       <r>  -13.3939    1.0000 </r>
       <r>  -13.3833    1.0000 </r>
       <r>  -13.3833    1.0000 </r>
       <r>  -13.3803    1.0000 </r>
       <r>  -13.3803    1.0000 </r>
       <r>  -13.3722    1.0000 </r>
       <r>  -13.3722    1.0000 </r>
       <r>  -13.3677    1.0000 </r>
       <r>  -13.3677    1.0000 </r>
       <r>  -13.2830    1.0000 </r>
       <r>  -13.1716    1.0000 </r>
       <r>   -3.1032    1.0000 </r>
       <r>    0.5141    1.0000 </r>
       <r>    0.5141    1.0000 </r>
       <r>    3.2078    1.0000 </r>
       <r>    3.2078    1.0000 </r>
       <r>    4.4737    1.0000 </r>
       <r>    6.0551    1.0000 </r>
       <r>    6.0551    1.0000 </r>
       <r>   10.9998   -0.0000 </r>
       <r>   13.0633   -0.0000 </r>
       <r>   13.0633   -0.0000 </r>
       <r>   14.3013    0.0000 </r>
       <r>   14.3013    0.0000 </r>
       <r>   14.8930    0.0000 </r>
       <r>   14.9952    0.0000 </r>
       <r>   17.4999    0.0000 </r>
       <r>   17.4999    0.0000 </r>
       <r>   17.9085    0.0000 </r>
       <r>   18.5738    0.0000 </r>
       <r>   19.2483    0.0000 </r>
       <r>   19.3229    0.0000 </r>
       <r>   19.3229    0.0000 </r>
       <r>   19.4059    0.0000 </r>
       <r>   19.4059    0.0000 </r>
       <r>   19.8118    0.0000 </r>
       <r>   20.6286    0.0000 </r>
       <r>   20.6286    0.0000 </r>
       <r>   21.2737    0.0000 </r>
      </set>
      <set comment="kpoint 2">
       <r>  -13.6559    1.0000 </r>
       <r>  -13.6012    1.0000 </r>
       <r>  -13.5970    1.0000 </r>
       <r>  -13.5894    1.0000 </r>
       <r>  -13.5422    1.0000 </r>
       <r>  -13.5322    1.0000 </r>
       <r>  -13.4597    1.0000 </r>
       <r>  -13.4110    1.0000 </r>
       <r>  -13.4008    1.0000 </r>
       <r>  -13.3874    1.0000 </r>
       <r>  -13.3825    1.0000 </r>
       <r>  -13.3824    1.0000 </r>
       <r>  -13.3783    1.0000 </r>
       <r>  -13.3728    1.0000 </r>
       <r>  -13.3641    1.0000 </r>
       <r>  -13.3616    1.0000 </r>
       <r>  -13.3459    1.0000 </r>
       <r>  -13.3458    1.0000 </r>
       <r>  -13.2927    1.0000 </r>
       <r>  -13.1887    1.0000 </r>
       <r>   -2.9221    1.0000 </r>
       <r>   -0.3147    1.0000 </r>
       <r>    0.6902    1.0000 </r>
       <r>    3.3759    1.0000 </r>
       <r>    3.3876    1.0000 </r>
       <r>    4.4143    1.0000 </r>
       <r>    5.5905    1.0000 </r>
       <r>    7.5513    1.0006 </r>
       <r>   11.7754   -0.0000 </r>
       <r>   12.2776   -0.0000 </r>
       <r>   13.1672   -0.0000 </r>
       <r>   13.1954   -0.0000 </r>
       <r>   14.5034    0.0000 </r>
       <r>   14.7354    0.0000 </r>
       <r>   14.7984    0.0000 </r>
       <r>   15.7414    0.0000 </r>
       <r>   16.9772    0.0000 </r>
       <r>   18.3779    0.0000 </r>
       <r>   18.5272    0.0000 </r>
       <r>   18.5740    0.0000 </r>
       <r>   18.7212    0.0000 </r>
       <r>   19.4813    0.0000 </r>
       <r>   19.5562    0.0000 </r>
       <r>   20.1546    0.0000 </r>
       <r>   20.4403    0.0000 </r>
       <r>   20.4522    0.0000 </r>
       <r>   20.5683    0.0000 </r>
       <r>   20.6178    0.0000 </r>
      </set>
      <set comment="kpoint 3">
       <r>  -13.6169    1.0000 </r>
       <r>  -13.6039    1.0000 </r>
       <r>  -13.5861    1.0000 </r>
       <r>  -13.5856    1.0000 </r>
       <r>  -13.5649    1.0000 </r>
       <r>  -13.5328    1.0000 </r>
       <r>  -13.4958    1.0000 </r>
       <r>  -13.4499    1.0000 </r>
       <r>  -13.3922    1.0000 </r>
       <r>  -13.3843    1.0000 </r>
       <r>  -13.3807    1.0000 </r>
       <r>  -13.3787    1.0000 </r>
       <r>  -13.3783    1.0000 </r>
       <r>  -13.3745    1.0000 </r>
       <r>  -13.3468    1.0000 </r>
       <r>  -13.3408    1.0000 </r>
       <r>  -13.3307    1.0000 </r>
       <r>  -13.3177    1.0000 </r>
       <r>  -13.2939    1.0000 </r>
       <r>  -13.2345    1.0000 </r>
       <r>   -2.3788    1.0000 </r>
       <r>   -1.4835    1.0000 </r>
       <r>    1.2241    1.0000 </r>
       <r>    2.1253    1.0000 </r>
       <r>    3.9087    1.0000 </r>
       <r>    4.7044    1.0000 </r>
       <r>    6.7018    1.0000 </r>
       <r>    9.4027   -0.0000 </r>
       <r>    9.9703   -0.0000 </r>
       <r>   12.6415   -0.0000 </r>
       <r>   13.5829    0.0000 </r>
       <r>   13.5947    0.0000 </r>
       <r>   13.7397    0.0000 </r>
       <r>   14.1772    0.0000 </r>
       <r>   14.1776    0.0000 </r>
       <r>   15.0889    0.0000 </r>
       <r>   15.9402    0.0000 </r>
       <r>   15.9825    0.0000 </r>
       <r>   18.7658    0.0000 </r>
       <r>   18.8447    0.0000 </r>
       <r>   18.8624    0.0000 </r>
       <r>   19.4295    0.0000 </r>
       <r>   19.4597    0.0000 </r>
       <r>   19.4656    0.0000 </r>
       <r>   19.9560    0.0000 </r>
       <r>   20.0045    0.0000 </r>
       <r>   20.7366    0.0000 </r>
       <r>   20.7405    0.0000 </r>
      </set>
      <set comment="kpoint 4">
       <r>  -13.6397    1.0000 </r>
       <r>  -13.5982    1.0000 </r>
       <r>  -13.5982    1.0000 </r>
       <r>  -13.5919    1.0000 </r>
       <r>  -13.5506    1.0000 </r>
       <r>  -13.5186    1.0000 </r>
       <r>  -13.4532    1.0000 </r>
       <r>  -13.4532    1.0000 </r>
       <r>  -13.4013    1.0000 </r>
       <r>  -13.4013    1.0000 </r>
       <r>  -13.4000    1.0000 </r>
       <r>  -13.3673    1.0000 </r>
       <r>  -13.3648    1.0000 </r>
       <r>  -13.3599    1.0000 </r>
       <r>  -13.3579    1.0000 </r>
       <r>  -13.3579    1.0000 </r>
       <r>  -13.3351    1.0000 </r>
       <r>  -13.3351    1.0000 </r>
       <r>  -13.3022    1.0000 </r>
       <r>  -13.2038    1.0000 </r>
       <r>   -2.7410    1.0000 </r>
       <r>   -0.1366    1.0000 </r>
       <r>   -0.1366    1.0000 </r>
       <r>    2.4759    1.0000 </r>
       <r>    4.5919    1.0000 </r>
       <r>    4.5919    1.0000 </r>
       <r>    6.4838    1.0000 </r>
       <r>    7.4238    1.0000 </r>
       <r>   12.2033   -0.0000 </r>
       <r>   12.6180   -0.0000 </r>
       <r>   12.7566   -0.0000 </r>
       <r>   13.2729   -0.0000 </r>
       <r>   13.2729   -0.0000 </r>
       <r>   14.5748    0.0000 </r>
       <r>   14.7495    0.0000 </r>
       <r>   15.0981    0.0000 </r>
       <r>   15.0981    0.0000 </r>
       <r>   18.0860    0.0000 </r>
       <r>   18.2348    0.0000 </r>
       <r>   19.2912    0.0000 </r>
       <r>   19.2912    0.0000 </r>
       <r>   19.6531    0.0000 </r>
       <r>   19.7512    0.0000 </r>
       <r>   19.7512    0.0000 </r>
       <r>   20.4296    0.0000 </r>
       <r>   20.8711    0.0000 </r>
       <r>   20.8850    0.0000 </r>
       <r>   21.0752    0.0000 </r>
      </set>
      <set comment="kpoint 5">
       <r>  -13.6044    1.0000 </r>
       <r>  -13.6004    1.0000 </r>
       <r>  -13.5876    1.0000 </r>
       <r>  -13.5853    1.0000 </r>
       <r>  -13.5694    1.0000 </r>
       <r>  -13.5242    1.0000 </r>
       <r>  -13.4833    1.0000 </r>
       <r>  -13.4418    1.0000 </r>
       <r>  -13.4333    1.0000 </r>
       <r>  -13.4178    1.0000 </r>
       <r>  -13.3811    1.0000 </r>
       <r>  -13.3677    1.0000 </r>
       <r>  -13.3579    1.0000 </r>
       <r>  -13.3547    1.0000 </r>
       <r>  -13.3478    1.0000 </r>
       <r>  -13.3407    1.0000 </r>
       <r>  -13.3260    1.0000 </r>
       <r>  -13.3246    1.0000 </r>
       <r>  -13.2952    1.0000 </r>
       <r>  -13.2441    1.0000 </r>
       <r>   -2.1982    1.0000 </r>
       <r>   -1.3039    1.0000 </r>
       <r>    0.3990    1.0000 </r>
       <r>    1.2886    1.0000 </r>
       <r>    5.1084    1.0000 </r>
       <r>    5.8946    1.0000 </r>
       <r>    6.8758    1.0000 </r>
       <r>    9.3995   -0.0000 </r>
       <r>    9.5667   -0.0000 </r>
       <r>   12.0521   -0.0000 </r>
       <r>   13.0270   -0.0000 </r>
       <r>   13.4702    0.0000 </r>
       <r>   13.7572    0.0000 </r>
       <r>   14.1625    0.0000 </r>
       <r>   14.2060    0.0000 </r>
       <r>   14.3103    0.0000 </r>
       <r>   14.5224    0.0000 </r>
       <r>   16.8985    0.0000 </r>
       <r>   18.0907    0.0000 </r>
       <r>   18.1747    0.0000 </r>
       <r>   18.6377    0.0000 </r>
       <r>   18.7036    0.0000 </r>
       <r>   20.5108    0.0000 </r>
       <r>   20.6464    0.0000 </r>
       <r>   21.0730    0.0000 </r>
       <r>   21.5113    0.0000 </r>
       <r>   21.8292    0.0000 </r>
       <r>   22.0192    0.0000 </r>
      </set>
      <set comment="kpoint 6">
       <r>  -13.5948    1.0000 </r>
       <r>  -13.5919    1.0000 </r>
       <r>  -13.5919    1.0000 </r>
       <r>  -13.5803    1.0000 </r>
       <r>  -13.5549    1.0000 </r>
       <r>  -13.4976    1.0000 </r>
       <r>  -13.4976    1.0000 </r>
       <r>  -13.4588    1.0000 </r>
       <r>  -13.4505    1.0000 </r>
       <r>  -13.4102    1.0000 </r>
       <r>  -13.4102    1.0000 </r>
       <r>  -13.3781    1.0000 </r>
       <r>  -13.3449    1.0000 </r>
       <r>  -13.3415    1.0000 </r>
       <r>  -13.3415    1.0000 </r>
       <r>  -13.3347    1.0000 </r>
       <r>  -13.3255    1.0000 </r>
       <r>  -13.3047    1.0000 </r>
       <r>  -13.3047    1.0000 </r>
       <r>  -13.2705    1.0000 </r>
       <r>   -1.6567    1.0000 </r>
       <r>   -0.7650    1.0000 </r>
       <r>   -0.7650    1.0000 </r>
       <r>    0.1237    1.0000 </r>
       <r>    7.3703    1.0000 </r>
       <r>    7.3703    1.0000 </r>
       <r>    7.7337    1.0172 </r>
       <r>    8.8446   -0.0000 </r>
       <r>    9.7034   -0.0000 </r>
       <r>   10.5807   -0.0000 </r>
       <r>   11.0601   -0.0000 </r>
       <r>   11.0601   -0.0000 </r>
       <r>   13.9407    0.0000 </r>
       <r>   13.9407    0.0000 </r>
       <r>   14.0983    0.0000 </r>
       <r>   14.1623    0.0000 </r>
       <r>   16.4588    0.0000 </r>
       <r>   17.6431    0.0000 </r>
       <r>   17.7521    0.0000 </r>
       <r>   17.8296    0.0000 </r>
       <r>   17.8296    0.0000 </r>
       <r>   18.9745    0.0000 </r>
       <r>   18.9745    0.0000 </r>
       <r>   21.1811    0.0000 </r>
       <r>   22.4495    0.0000 </r>
       <r>   22.7138    0.0000 </r>
       <r>   22.7940    0.0000 </r>
       <r>   22.8874    0.0000 </r>
      </set>
      <set comment="kpoint 7">
       <r>  -13.6684    1.0000 </r>
       <r>  -13.5778    1.0000 </r>
       <r>  -13.5774    1.0000 </r>
       <r>  -13.5553    1.0000 </r>
       <r>  -13.5399    1.0000 </r>
       <r>  -13.4915    1.0000 </r>
       <r>  -13.4139    1.0000 </r>
       <r>  -13.4127    1.0000 </r>
       <r>  -13.4037    1.0000 </r>
       <r>  -13.4037    1.0000 </r>
       <r>  -13.3967    1.0000 </r>
       <r>  -13.3967    1.0000 </r>
       <r>  -13.3769    1.0000 </r>
       <r>  -13.3769    1.0000 </r>
       <r>  -13.3767    1.0000 </r>
       <r>  -13.3767    1.0000 </r>
       <r>  -13.3740    1.0000 </r>
       <r>  -13.3625    1.0000 </r>
       <r>  -13.2848    1.0000 </r>
       <r>  -13.1757    1.0000 </r>
       <r>   -2.8633    1.0000 </r>
       <r>    0.6566    1.0000 </r>
       <r>    0.8000    1.0000 </r>
       <r>    3.4594    1.0000 </r>
       <r>    3.4594    1.0000 </r>
       <r>    4.6791    1.0000 </r>
       <r>    6.2809    1.0000 </r>
       <r>    6.2809    1.0000 </r>
       <r>    9.7187   -0.0000 </r>
       <r>   11.2000   -0.0000 </r>
       <r>   12.8313   -0.0000 </r>
       <r>   12.8705   -0.0000 </r>
       <r>   14.1067    0.0000 </r>
       <r>   14.1067    0.0000 </r>
       <r>   15.3674    0.0000 </r>
       <r>   16.7752    0.0000 </r>
       <r>   16.7752    0.0000 </r>
       <r>   17.2494    0.0000 </r>
       <r>   17.2494    0.0000 </r>
       <r>   17.9585    0.0000 </r>
       <r>   19.0910    0.0000 </r>
       <r>   19.3075    0.0000 </r>
       <r>   19.5759    0.0000 </r>
       <r>   19.5759    0.0000 </r>
       <r>   21.0645    0.0000 </r>
       <r>   21.4573    0.0000 </r>
       <r>   21.4573    0.0000 </r>
       <r>   21.7613    0.0000 </r>
      </set>
      <set comment="kpoint 8">
       <r>  -13.6532    1.0000 </r>
       <r>  -13.5791    1.0000 </r>
       <r>  -13.5752    1.0000 </r>
       <r>  -13.5594    1.0000 </r>
       <r>  -13.5270    1.0000 </r>
       <r>  -13.5066    1.0000 </r>
       <r>  -13.4575    1.0000 </r>
       <r>  -13.4217    1.0000 </r>
       <r>  -13.4024    1.0000 </r>
       <r>  -13.3994    1.0000 </r>
       <r>  -13.3928    1.0000 </r>
       <r>  -13.3898    1.0000 </r>
       <r>  -13.3830    1.0000 </r>
       <r>  -13.3775    1.0000 </r>
       <r>  -13.3731    1.0000 </r>
       <r>  -13.3675    1.0000 </r>
       <r>  -13.3565    1.0000 </r>
       <r>  -13.3332    1.0000 </r>
       <r>  -13.2942    1.0000 </r>
       <r>  -13.1912    1.0000 </r>
       <r>   -2.6823    1.0000 </r>
       <r>   -0.0899    1.0000 </r>
       <r>    0.9074    1.0000 </r>
       <r>    3.5904    1.0000 </r>
       <r>    3.6375    1.0000 </r>
       <r>    4.6450    1.0000 </r>
       <r>    5.8208    1.0000 </r>
       <r>    7.7581    1.0227 </r>
       <r>    9.8961   -0.0000 </r>
       <r>   11.8501   -0.0000 </r>
       <r>   11.9635   -0.0000 </r>
       <r>   12.7464   -0.0000 </r>
       <r>   13.2070   -0.0000 </r>
       <r>   14.3110    0.0000 </r>
       <r>   14.8520    0.0000 </r>
       <r>   15.9340    0.0000 </r>
       <r>   16.6872    0.0000 </r>
       <r>   16.9367    0.0000 </r>
       <r>   17.0995    0.0000 </r>
       <r>   18.5111    0.0000 </r>
       <r>   18.5945    0.0000 </r>
       <r>   18.8107    0.0000 </r>
       <r>   19.5502    0.0000 </r>
       <r>   20.0065    0.0000 </r>
       <r>   20.6306    0.0000 </r>
       <r>   21.1399    0.0000 </r>
       <r>   21.3701    0.0000 </r>
       <r>   22.1004    0.0000 </r>
      </set>
      <set comment="kpoint 9">
       <r>  -13.6133    1.0000 </r>
       <r>  -13.5844    1.0000 </r>
       <r>  -13.5626    1.0000 </r>
       <r>  -13.5615    1.0000 </r>
       <r>  -13.5364    1.0000 </r>
       <r>  -13.5262    1.0000 </r>
       <r>  -13.4932    1.0000 </r>
       <r>  -13.4520    1.0000 </r>
       <r>  -13.3988    1.0000 </r>
       <r>  -13.3942    1.0000 </r>
       <r>  -13.3929    1.0000 </r>
       <r>  -13.3857    1.0000 </r>
       <r>  -13.3829    1.0000 </r>
       <r>  -13.3797    1.0000 </r>
       <r>  -13.3487    1.0000 </r>
       <r>  -13.3478    1.0000 </r>
       <r>  -13.3319    1.0000 </r>
       <r>  -13.3187    1.0000 </r>
       <r>  -13.2925    1.0000 </r>
       <r>  -13.2344    1.0000 </r>
       <r>   -2.1398    1.0000 </r>
       <r>   -1.2479    1.0000 </r>
       <r>    1.4398    1.0000 </r>
       <r>    2.3414    1.0000 </r>
       <r>    4.1540    1.0000 </r>
       <r>    4.9427    1.0000 </r>
       <r>    6.8927    1.0000 </r>
       <r>    9.4747   -0.0000 </r>
       <r>   10.1298   -0.0000 </r>
       <r>   10.4182   -0.0000 </r>
       <r>   11.4467   -0.0000 </r>
       <r>   12.9169   -0.0000 </r>
       <r>   13.5348    0.0000 </r>
       <r>   13.7306    0.0000 </r>
       <r>   14.2982    0.0000 </r>
       <r>   14.9239    0.0000 </r>
       <r>   15.5720    0.0000 </r>
       <r>   16.2729    0.0000 </r>
       <r>   17.4216    0.0000 </r>
       <r>   18.2366    0.0000 </r>
       <r>   18.7314    0.0000 </r>
       <r>   19.0589    0.0000 </r>
       <r>   19.2298    0.0000 </r>
       <r>   19.5715    0.0000 </r>
       <r>   19.9092    0.0000 </r>
       <r>   21.4946    0.0000 </r>
       <r>   22.2491    0.0000 </r>
       <r>   22.7328    0.0000 </r>
      </set>
      <set comment="kpoint 10">
       <r>  -13.6384    1.0000 </r>
       <r>  -13.5766    1.0000 </r>
       <r>  -13.5763    1.0000 </r>
       <r>  -13.5632    1.0000 </r>
       <r>  -13.5195    1.0000 </r>
       <r>  -13.5117    1.0000 </r>
       <r>  -13.4581    1.0000 </r>
       <r>  -13.4474    1.0000 </r>
       <r>  -13.4181    1.0000 </r>
       <r>  -13.4100    1.0000 </r>
       <r>  -13.3838    1.0000 </r>
       <r>  -13.3783    1.0000 </r>
       <r>  -13.3776    1.0000 </r>
       <r>  -13.3738    1.0000 </r>
       <r>  -13.3687    1.0000 </r>
       <r>  -13.3654    1.0000 </r>
       <r>  -13.3429    1.0000 </r>
       <r>  -13.3202    1.0000 </r>
       <r>  -13.3039    1.0000 </r>
       <r>  -13.2049    1.0000 </r>
       <r>   -2.5014    1.0000 </r>
       <r>    0.0499    1.0000 </r>
       <r>    0.1319    1.0000 </r>
       <r>    2.6986    1.0000 </r>
       <r>    4.7859    1.0000 </r>
       <r>    4.8559    1.0000 </r>
       <r>    6.6950    1.0000 </r>
       <r>    7.6389    1.0039 </r>
       <r>   10.0715   -0.0000 </r>
       <r>   11.7263   -0.0000 </r>
       <r>   12.3359   -0.0000 </r>
       <r>   12.8170   -0.0000 </r>
       <r>   12.9794   -0.0000 </r>
       <r>   13.2243   -0.0000 </r>
       <r>   14.1724    0.0000 </r>
       <r>   15.2871    0.0000 </r>
       <r>   15.4127    0.0000 </r>
       <r>   17.2170    0.0000 </r>
       <r>   17.3623    0.0000 </r>
       <r>   18.4241    0.0000 </r>
       <r>   18.7154    0.0000 </r>
       <r>   19.8298    0.0000 </r>
       <r>   20.3550    0.0000 </r>
       <r>   20.5924    0.0000 </r>
       <r>   20.6390    0.0000 </r>
       <r>   20.6942    0.0000 </r>
       <r>   21.0090    0.0000 </r>
       <r>   21.8433    0.0000 </r>
      </set>
      <set comment="kpoint 11">
       <r>  -13.5997    1.0000 </r>
       <r>  -13.5798    1.0000 </r>
       <r>  -13.5644    1.0000 </r>
       <r>  -13.5643    1.0000 </r>
       <r>  -13.5411    1.0000 </r>
       <r>  -13.5218    1.0000 </r>
       <r>  -13.4803    1.0000 </r>
       <r>  -13.4455    1.0000 </r>
       <r>  -13.4359    1.0000 </r>
       <r>  -13.4265    1.0000 </r>
       <r>  -13.3829    1.0000 </r>
       <r>  -13.3793    1.0000 </r>
       <r>  -13.3615    1.0000 </r>
       <r>  -13.3594    1.0000 </r>
       <r>  -13.3557    1.0000 </r>
       <r>  -13.3479    1.0000 </r>
       <r>  -13.3278    1.0000 </r>
       <r>  -13.3277    1.0000 </r>
       <r>  -13.2919    1.0000 </r>
       <r>  -13.2429    1.0000 </r>
       <r>   -1.9594    1.0000 </r>
       <r>   -1.0684    1.0000 </r>
       <r>    0.6268    1.0000 </r>
       <r>    1.5152    1.0000 </r>
       <r>    5.3317    1.0000 </r>
       <r>    6.1117    1.0000 </r>
       <r>    7.0660    1.0000 </r>
       <r>    9.5360   -0.0000 </r>
       <r>    9.6798   -0.0000 </r>
       <r>   10.5791   -0.0000 </r>
       <r>   11.5743   -0.0000 </r>
       <r>   12.2459   -0.0000 </r>
       <r>   12.6594   -0.0000 </r>
       <r>   13.5287    0.0000 </r>
       <r>   13.6066    0.0000 </r>
       <r>   14.4119    0.0000 </r>
       <r>   14.6912    0.0000 </r>
       <r>   16.9732    0.0000 </r>
       <r>   17.7329    0.0000 </r>
       <r>   18.3973    0.0000 </r>
       <r>   19.1710    0.0000 </r>
       <r>   19.3539    0.0000 </r>
       <r>   19.9632    0.0000 </r>
       <r>   21.0486    0.0000 </r>
       <r>   21.2437    0.0000 </r>
       <r>   21.4623    0.0000 </r>
       <r>   21.4847    0.0000 </r>
       <r>   21.9980    0.0000 </r>
      </set>
      <set comment="kpoint 12">
       <r>  -13.5685    1.0000 </r>
       <r>  -13.5674    1.0000 </r>
       <r>  -13.5672    1.0000 </r>
       <r>  -13.5605    1.0000 </r>
       <r>  -13.5525    1.0000 </r>
       <r>  -13.5053    1.0000 </r>
       <r>  -13.5026    1.0000 </r>
       <r>  -13.4697    1.0000 </r>
       <r>  -13.4475    1.0000 </r>
       <r>  -13.4152    1.0000 </r>
       <r>  -13.4009    1.0000 </r>
       <r>  -13.3780    1.0000 </r>
       <r>  -13.3500    1.0000 </r>
       <r>  -13.3493    1.0000 </r>
       <r>  -13.3492    1.0000 </r>
       <r>  -13.3431    1.0000 </r>
       <r>  -13.3298    1.0000 </r>
       <r>  -13.3100    1.0000 </r>
       <r>  -13.2984    1.0000 </r>
       <r>  -13.2686    1.0000 </r>
       <r>   -1.4187    1.0000 </r>
       <r>   -0.5422    1.0000 </r>
       <r>   -0.5175    1.0000 </r>
       <r>    0.3565    1.0000 </r>
       <r>    7.4761    1.0001 </r>
       <r>    7.6263    1.0031 </r>
       <r>    7.8929    1.0170 </r>
       <r>    9.0491   -0.0000 </r>
       <r>    9.7349   -0.0000 </r>
       <r>   10.7614   -0.0000 </r>
       <r>   10.9125   -0.0000 </r>
       <r>   11.0392   -0.0000 </r>
       <r>   11.6525   -0.0000 </r>
       <r>   12.0200   -0.0000 </r>
       <r>   12.1864   -0.0000 </r>
       <r>   12.9320   -0.0000 </r>
       <r>   16.6371    0.0000 </r>
       <r>   18.7505    0.0000 </r>
       <r>   18.9421    0.0000 </r>
       <r>   19.3088    0.0000 </r>
       <r>   19.3945    0.0000 </r>
       <r>   19.5280    0.0000 </r>
       <r>   20.3677    0.0000 </r>
       <r>   20.4999    0.0000 </r>
       <r>   20.7126    0.0000 </r>
       <r>   21.0567    0.0000 </r>
       <r>   21.1223    0.0000 </r>
       <r>   21.7629    0.0000 </r>
      </set>
      <set comment="kpoint 13">
       <r>  -13.6538    1.0000 </r>
       <r>  -13.5632    1.0000 </r>
       <r>  -13.5235    1.0000 </r>
       <r>  -13.5139    1.0000 </r>
       <r>  -13.4815    1.0000 </r>
       <r>  -13.4437    1.0000 </r>
       <r>  -13.4437    1.0000 </r>
       <r>  -13.4360    1.0000 </r>
       <r>  -13.4360    1.0000 </r>
       <r>  -13.4317    1.0000 </r>
       <r>  -13.3992    1.0000 </r>
       <r>  -13.3992    1.0000 </r>
       <r>  -13.3966    1.0000 </r>
       <r>  -13.3961    1.0000 </r>
       <r>  -13.3961    1.0000 </r>
       <r>  -13.3645    1.0000 </r>
       <r>  -13.3532    1.0000 </r>
       <r>  -13.3067    1.0000 </r>
       <r>  -13.2903    1.0000 </r>
       <r>  -13.1863    1.0000 </r>
       <r>   -2.1434    1.0000 </r>
       <r>    1.1629    1.0000 </r>
       <r>    1.5409    1.0000 </r>
       <r>    4.1930    1.0000 </r>
       <r>    4.1930    1.0000 </r>
       <r>    5.2821    1.0000 </r>
       <r>    6.7289    1.0000 </r>
       <r>    6.8780    1.0000 </r>
       <r>    6.8780    1.0000 </r>
       <r>    9.8500   -0.0000 </r>
       <r>    9.8574   -0.0000 </r>
       <r>   11.8033   -0.0000 </r>
       <r>   12.5987   -0.0000 </r>
       <r>   12.5987   -0.0000 </r>
       <r>   13.3567   -0.0000 </r>
       <r>   15.4517    0.0000 </r>
       <r>   15.4517    0.0000 </r>
       <r>   16.4487    0.0000 </r>
       <r>   16.4487    0.0000 </r>
       <r>   18.4105    0.0000 </r>
       <r>   18.4312    0.0000 </r>
       <r>   19.4376    0.0000 </r>
       <r>   19.4376    0.0000 </r>
       <r>   19.6051    0.0000 </r>
       <r>   21.7195    0.0000 </r>
       <r>   22.0831    0.0000 </r>
       <r>   22.0831    0.0000 </r>
       <r>   22.6759    0.0000 </r>
      </set>
      <set comment="kpoint 14">
       <r>  -13.6426    1.0000 </r>
       <r>  -13.5658    1.0000 </r>
       <r>  -13.5208    1.0000 </r>
       <r>  -13.5138    1.0000 </r>
       <r>  -13.4978    1.0000 </r>
       <r>  -13.4497    1.0000 </r>
       <r>  -13.4482    1.0000 </r>
       <r>  -13.4463    1.0000 </r>
       <r>  -13.4406    1.0000 </r>
       <r>  -13.4201    1.0000 </r>
       <r>  -13.4002    1.0000 </r>
       <r>  -13.4001    1.0000 </r>
       <r>  -13.3999    1.0000 </r>
       <r>  -13.3972    1.0000 </r>
       <r>  -13.3705    1.0000 </r>
       <r>  -13.3553    1.0000 </r>
       <r>  -13.3516    1.0000 </r>
       <r>  -13.2991    1.0000 </r>
       <r>  -13.2954    1.0000 </r>
       <r>  -13.1986    1.0000 </r>
       <r>   -1.9633    1.0000 </r>
       <r>    0.5641    1.0000 </r>
       <r>    1.5456    1.0000 </r>
       <r>    4.2084    1.0000 </r>
       <r>    4.3648    1.0000 </r>
       <r>    5.2478    1.0000 </r>
       <r>    6.4507    1.0000 </r>
       <r>    6.9946    1.0000 </r>
       <r>    8.2164    0.0463 </r>
       <r>    9.2302   -0.0000 </r>
       <r>   10.0738   -0.0000 </r>
       <r>   12.2564   -0.0000 </r>
       <r>   12.5363   -0.0000 </r>
       <r>   12.7223   -0.0000 </r>
       <r>   13.0643   -0.0000 </r>
       <r>   14.8236    0.0000 </r>
       <r>   15.1429    0.0000 </r>
       <r>   15.6952    0.0000 </r>
       <r>   16.6217    0.0000 </r>
       <r>   18.3718    0.0000 </r>
       <r>   18.6459    0.0000 </r>
       <r>   19.0583    0.0000 </r>
       <r>   19.3603    0.0000 </r>
       <r>   19.9954    0.0000 </r>
       <r>   21.0137    0.0000 </r>
       <r>   21.4579    0.0000 </r>
       <r>   21.6577    0.0000 </r>
       <r>   22.5043    0.0000 </r>
      </set>
      <set comment="kpoint 15">
       <r>  -13.6093    1.0000 </r>
       <r>  -13.5720    1.0000 </r>
       <r>  -13.5252    1.0000 </r>
       <r>  -13.5080    1.0000 </r>
       <r>  -13.4966    1.0000 </r>
       <r>  -13.4960    1.0000 </r>
       <r>  -13.4899    1.0000 </r>
       <r>  -13.4653    1.0000 </r>
       <r>  -13.4314    1.0000 </r>
       <r>  -13.4190    1.0000 </r>
       <r>  -13.4018    1.0000 </r>
       <r>  -13.3998    1.0000 </r>
       <r>  -13.3677    1.0000 </r>
       <r>  -13.3653    1.0000 </r>
       <r>  -13.3492    1.0000 </r>
       <r>  -13.3463    1.0000 </r>
       <r>  -13.3308    1.0000 </r>
       <r>  -13.3217    1.0000 </r>
       <r>  -13.2802    1.0000 </r>
       <r>  -13.2357    1.0000 </r>
       <r>   -1.4252    1.0000 </r>
       <r>   -0.5472    1.0000 </r>
       <r>    2.0625    1.0000 </r>
       <r>    2.9632    1.0000 </r>
       <r>    4.8623    1.0000 </r>
       <r>    5.6187    1.0000 </r>
       <r>    6.8377    1.0000 </r>
       <r>    7.9452    0.9502 </r>
       <r>    8.1435    0.2452 </r>
       <r>    9.9976   -0.0000 </r>
       <r>   10.6476   -0.0000 </r>
       <r>   11.3342   -0.0000 </r>
       <r>   11.3675   -0.0000 </r>
       <r>   12.9436   -0.0000 </r>
       <r>   13.6698    0.0000 </r>
       <r>   13.8069    0.0000 </r>
       <r>   14.6697    0.0000 </r>
       <r>   16.4426    0.0000 </r>
       <r>   16.9215    0.0000 </r>
       <r>   17.1315    0.0000 </r>
       <r>   17.9495    0.0000 </r>
       <r>   18.8143    0.0000 </r>
       <r>   19.3791    0.0000 </r>
       <r>   19.4354    0.0000 </r>
       <r>   20.5970    0.0000 </r>
       <r>   21.4373    0.0000 </r>
       <r>   22.1792    0.0000 </r>
       <r>   23.0425    0.0000 </r>
      </set>
      <set comment="kpoint 16">
       <r>  -13.6324    1.0000 </r>
       <r>  -13.5679    1.0000 </r>
       <r>  -13.5262    1.0000 </r>
       <r>  -13.5096    1.0000 </r>
       <r>  -13.5031    1.0000 </r>
       <r>  -13.4585    1.0000 </r>
       <r>  -13.4500    1.0000 </r>
       <r>  -13.4442    1.0000 </r>
       <r>  -13.4341    1.0000 </r>
       <r>  -13.4320    1.0000 </r>
       <r>  -13.4057    1.0000 </r>
       <r>  -13.3997    1.0000 </r>
       <r>  -13.3956    1.0000 </r>
       <r>  -13.3908    1.0000 </r>
       <r>  -13.3628    1.0000 </r>
       <r>  -13.3538    1.0000 </r>
       <r>  -13.3399    1.0000 </r>
       <r>  -13.3085    1.0000 </r>
       <r>  -13.2878    1.0000 </r>
       <r>  -13.2094    1.0000 </r>
       <r>   -1.7833    1.0000 </r>
       <r>    0.6543    1.0000 </r>
       <r>    0.8674    1.0000 </r>
       <r>    3.3461    1.0000 </r>
       <r>    5.2710    1.0000 </r>
       <r>    5.5704    1.0000 </r>
       <r>    7.1584    1.0000 </r>
       <r>    7.2485    1.0000 </r>
       <r>    8.2433    0.0058 </r>
       <r>    9.2054   -0.0000 </r>
       <r>    9.5919   -0.0000 </r>
       <r>   11.7523   -0.0000 </r>
       <r>   12.7460   -0.0000 </r>
       <r>   12.8380   -0.0000 </r>
       <r>   13.4961    0.0000 </r>
       <r>   15.1051    0.0000 </r>
       <r>   15.1988    0.0000 </r>
       <r>   15.2302    0.0000 </r>
       <r>   15.4794    0.0000 </r>
       <r>   17.1872    0.0000 </r>
       <r>   17.6078    0.0000 </r>
       <r>   20.3057    0.0000 </r>
       <r>   20.6689    0.0000 </r>
       <r>   20.8677    0.0000 </r>
       <r>   21.1167    0.0000 </r>
       <r>   21.7377    0.0000 </r>
       <r>   21.7812    0.0000 </r>
       <r>   21.8476    0.0000 </r>
      </set>
      <set comment="kpoint 17">
       <r>  -13.6017    1.0000 </r>
       <r>  -13.5706    1.0000 </r>
       <r>  -13.5267    1.0000 </r>
       <r>  -13.5178    1.0000 </r>
       <r>  -13.5008    1.0000 </r>
       <r>  -13.4983    1.0000 </r>
       <r>  -13.4743    1.0000 </r>
       <r>  -13.4519    1.0000 </r>
       <r>  -13.4404    1.0000 </r>
       <r>  -13.4373    1.0000 </r>
       <r>  -13.3997    1.0000 </r>
       <r>  -13.3944    1.0000 </r>
       <r>  -13.3602    1.0000 </r>
       <r>  -13.3585    1.0000 </r>
       <r>  -13.3549    1.0000 </r>
       <r>  -13.3413    1.0000 </r>
       <r>  -13.3314    1.0000 </r>
       <r>  -13.3288    1.0000 </r>
       <r>  -13.2783    1.0000 </r>
       <r>  -13.2425    1.0000 </r>
       <r>   -1.2456    1.0000 </r>
       <r>   -0.3686    1.0000 </r>
       <r>    1.2964    1.0000 </r>
       <r>    2.1779    1.0000 </r>
       <r>    5.8733    1.0000 </r>
       <r>    6.6239    1.0000 </r>
       <r>    7.0974    1.0000 </r>
       <r>    8.2093    0.0600 </r>
       <r>    8.3320   -0.0353 </r>
       <r>    9.4483   -0.0000 </r>
       <r>   10.5368   -0.0000 </r>
       <r>   10.6314   -0.0000 </r>
       <r>   10.9430   -0.0000 </r>
       <r>   13.0909   -0.0000 </r>
       <r>   13.3264   -0.0000 </r>
       <r>   14.1754    0.0000 </r>
       <r>   14.9840    0.0000 </r>
       <r>   16.0566    0.0000 </r>
       <r>   16.2285    0.0000 </r>
       <r>   16.6945    0.0000 </r>
       <r>   17.8252    0.0000 </r>
       <r>   18.7776    0.0000 </r>
       <r>   19.2675    0.0000 </r>
       <r>   21.0800    0.0000 </r>
       <r>   21.5293    0.0000 </r>
       <r>   21.7486    0.0000 </r>
       <r>   22.5729    0.0000 </r>
       <r>   22.8692    0.0000 </r>
      </set>
      <set comment="kpoint 18">
       <r>  -13.5754    1.0000 </r>
       <r>  -13.5579    1.0000 </r>
       <r>  -13.5278    1.0000 </r>
       <r>  -13.5261    1.0000 </r>
       <r>  -13.5113    1.0000 </r>
       <r>  -13.5017    1.0000 </r>
       <r>  -13.4927    1.0000 </r>
       <r>  -13.4926    1.0000 </r>
       <r>  -13.4399    1.0000 </r>
       <r>  -13.4168    1.0000 </r>
       <r>  -13.3886    1.0000 </r>
       <r>  -13.3727    1.0000 </r>
       <r>  -13.3585    1.0000 </r>
       <r>  -13.3540    1.0000 </r>
       <r>  -13.3478    1.0000 </r>
       <r>  -13.3436    1.0000 </r>
       <r>  -13.3263    1.0000 </r>
       <r>  -13.3194    1.0000 </r>
       <r>  -13.2867    1.0000 </r>
       <r>  -13.2676    1.0000 </r>
       <r>   -0.7090    1.0000 </r>
       <r>    0.1370    1.0000 </r>
       <r>    0.1993    1.0000 </r>
       <r>    1.0446    1.0000 </r>
       <r>    7.1654    1.0000 </r>
       <r>    7.7544    1.0218 </r>
       <r>    8.0875    0.4677 </r>
       <r>    8.3468   -0.0339 </r>
       <r>    9.0687   -0.0000 </r>
       <r>    9.7098   -0.0000 </r>
       <r>    9.7104   -0.0000 </r>
       <r>    9.8062   -0.0000 </r>
       <r>   11.2218   -0.0000 </r>
       <r>   11.3922   -0.0000 </r>
       <r>   12.0873   -0.0000 </r>
       <r>   12.1414   -0.0000 </r>
       <r>   16.3327    0.0000 </r>
       <r>   17.0563    0.0000 </r>
       <r>   17.2311    0.0000 </r>
       <r>   17.8698    0.0000 </r>
       <r>   17.8932    0.0000 </r>
       <r>   18.6702    0.0000 </r>
       <r>   19.5451    0.0000 </r>
       <r>   19.9151    0.0000 </r>
       <r>   20.4345    0.0000 </r>
       <r>   20.5289    0.0000 </r>
       <r>   20.6275    0.0000 </r>
       <r>   22.6340    0.0000 </r>
      </set>
      <set comment="kpoint 19">
       <r>  -13.6300    1.0000 </r>
       <r>  -13.5774    1.0000 </r>
       <r>  -13.5007    1.0000 </r>
       <r>  -13.4800    1.0000 </r>
       <r>  -13.4800    1.0000 </r>
       <r>  -13.4754    1.0000 </r>
       <r>  -13.4754    1.0000 </r>
       <r>  -13.4524    1.0000 </r>
       <r>  -13.4457    1.0000 </r>
       <r>  -13.4210    1.0000 </r>
       <r>  -13.4210    1.0000 </r>
       <r>  -13.4186    1.0000 </r>
       <r>  -13.4186    1.0000 </r>
       <r>  -13.4168    1.0000 </r>
       <r>  -13.3327    1.0000 </r>
       <r>  -13.3009    1.0000 </r>
       <r>  -13.3002    1.0000 </r>
       <r>  -13.2885    1.0000 </r>
       <r>  -13.2504    1.0000 </r>
       <r>  -13.1986    1.0000 </r>
       <r>   -0.9601    1.0000 </r>
       <r>    1.5782    1.0000 </r>
       <r>    2.7584    1.0000 </r>
       <r>    4.7448    1.0000 </r>
       <r>    5.3352    1.0000 </r>
       <r>    5.3352    1.0000 </r>
       <r>    5.8812    1.0000 </r>
       <r>    7.1921    1.0000 </r>
       <r>    7.3761    1.0000 </r>
       <r>    7.3761    1.0000 </r>
       <r>    7.6762    1.0075 </r>
       <r>   10.7062   -0.0000 </r>
       <r>   11.0855   -0.0000 </r>
       <r>   11.0855   -0.0000 </r>
       <r>   12.8174   -0.0000 </r>
       <r>   13.2105   -0.0000 </r>
       <r>   13.2105   -0.0000 </r>
       <r>   16.1169    0.0000 </r>
       <r>   17.5295    0.0000 </r>
       <r>   17.5295    0.0000 </r>
       <r>   19.2677    0.0000 </r>
       <r>   19.9483    0.0000 </r>
       <r>   19.9483    0.0000 </r>
       <r>   20.3808    0.0000 </r>
       <r>   22.0716    0.0000 </r>
       <r>   22.3843    0.0000 </r>
       <r>   23.0496    0.0000 </r>
       <r>   23.0496    0.0000 </r>
      </set>
      <set comment="kpoint 20">
       <r>  -13.6262    1.0000 </r>
       <r>  -13.5837    1.0000 </r>
       <r>  -13.5018    1.0000 </r>
       <r>  -13.4895    1.0000 </r>
       <r>  -13.4832    1.0000 </r>
       <r>  -13.4820    1.0000 </r>
       <r>  -13.4685    1.0000 </r>
       <r>  -13.4491    1.0000 </r>
       <r>  -13.4459    1.0000 </r>
       <r>  -13.4414    1.0000 </r>
       <r>  -13.4214    1.0000 </r>
       <r>  -13.4197    1.0000 </r>
       <r>  -13.4013    1.0000 </r>
       <r>  -13.3848    1.0000 </r>
       <r>  -13.3375    1.0000 </r>
       <r>  -13.3080    1.0000 </r>
       <r>  -13.2958    1.0000 </r>
       <r>  -13.2866    1.0000 </r>
       <r>  -13.2490    1.0000 </r>
       <r>  -13.2073    1.0000 </r>
       <r>   -0.7843    1.0000 </r>
       <r>    1.3795    1.0000 </r>
       <r>    2.4806    1.0000 </r>
       <r>    4.6117    1.0000 </r>
       <r>    4.8675    1.0000 </r>
       <r>    5.4876    1.0000 </r>
       <r>    6.6408    1.0000 </r>
       <r>    6.8163    1.0000 </r>
       <r>    7.1301    1.0000 </r>
       <r>    7.3283    1.0000 </r>
       <r>    9.0606   -0.0000 </r>
       <r>    9.9462   -0.0000 </r>
       <r>   10.8969   -0.0000 </r>
       <r>   11.8321   -0.0000 </r>
       <r>   12.6045   -0.0000 </r>
       <r>   13.7377    0.0000 </r>
       <r>   14.1008    0.0000 </r>
       <r>   15.4106    0.0000 </r>
       <r>   17.0204    0.0000 </r>
       <r>   17.6860    0.0000 </r>
       <r>   18.1279    0.0000 </r>
       <r>   19.5860    0.0000 </r>
       <r>   19.8730    0.0000 </r>
       <r>   19.8731    0.0000 </r>
       <r>   20.8497    0.0000 </r>
       <r>   21.7351    0.0000 </r>
       <r>   21.9695    0.0000 </r>
       <r>   23.1485    0.0000 </r>
      </set>
      <set comment="kpoint 21">
       <r>  -13.6066    1.0000 </r>
       <r>  -13.5858    1.0000 </r>
       <r>  -13.5172    1.0000 </r>
       <r>  -13.5032    1.0000 </r>
       <r>  -13.4994    1.0000 </r>
       <r>  -13.4928    1.0000 </r>
       <r>  -13.4770    1.0000 </r>
       <r>  -13.4713    1.0000 </r>
       <r>  -13.4457    1.0000 </r>
       <r>  -13.4319    1.0000 </r>
       <r>  -13.4227    1.0000 </r>
       <r>  -13.4220    1.0000 </r>
       <r>  -13.3408    1.0000 </r>
       <r>  -13.3307    1.0000 </r>
       <r>  -13.3290    1.0000 </r>
       <r>  -13.3267    1.0000 </r>
       <r>  -13.2949    1.0000 </r>
       <r>  -13.2914    1.0000 </r>
       <r>  -13.2548    1.0000 </r>
       <r>  -13.2363    1.0000 </r>
       <r>   -0.2646    1.0000 </r>
       <r>    0.5508    1.0000 </r>
       <r>    2.7756    1.0000 </r>
       <r>    3.6351    1.0000 </r>
       <r>    5.0581    1.0000 </r>
       <r>    5.8847    1.0000 </r>
       <r>    5.9201    1.0000 </r>
       <r>    6.5398    1.0000 </r>
       <r>    7.7484    1.0204 </r>
       <r>    8.2993   -0.0325 </r>
       <r>    9.3483   -0.0000 </r>
       <r>   10.9832   -0.0000 </r>
       <r>   11.0437   -0.0000 </r>
       <r>   11.6830   -0.0000 </r>
       <r>   11.9788   -0.0000 </r>
       <r>   13.9645    0.0000 </r>
       <r>   14.7628    0.0000 </r>
       <r>   15.6250    0.0000 </r>
       <r>   16.6279    0.0000 </r>
       <r>   17.9172    0.0000 </r>
       <r>   17.9855    0.0000 </r>
       <r>   18.1256    0.0000 </r>
       <r>   18.4891    0.0000 </r>
       <r>   19.5539    0.0000 </r>
       <r>   19.5737    0.0000 </r>
       <r>   20.7436    0.0000 </r>
       <r>   21.1432    0.0000 </r>
       <r>   21.5007    0.0000 </r>
      </set>
      <set comment="kpoint 22">
       <r>  -13.6234    1.0000 </r>
       <r>  -13.5888    1.0000 </r>
       <r>  -13.5117    1.0000 </r>
       <r>  -13.5047    1.0000 </r>
       <r>  -13.4883    1.0000 </r>
       <r>  -13.4571    1.0000 </r>
       <r>  -13.4563    1.0000 </r>
       <r>  -13.4537    1.0000 </r>
       <r>  -13.4453    1.0000 </r>
       <r>  -13.4447    1.0000 </r>
       <r>  -13.4320    1.0000 </r>
       <r>  -13.4115    1.0000 </r>
       <r>  -13.3919    1.0000 </r>
       <r>  -13.3722    1.0000 </r>
       <r>  -13.3442    1.0000 </r>
       <r>  -13.3163    1.0000 </r>
       <r>  -13.2908    1.0000 </r>
       <r>  -13.2846    1.0000 </r>
       <r>  -13.2483    1.0000 </r>
       <r>  -13.2153    1.0000 </r>
       <r>   -0.6086    1.0000 </r>
       <r>    1.4081    1.0000 </r>
       <r>    2.0655    1.0000 </r>
       <r>    4.1971    1.0000 </r>
       <r>    4.4023    1.0000 </r>
       <r>    6.2686    1.0000 </r>
       <r>    6.6163    1.0000 </r>
       <r>    6.8608    1.0000 </r>
       <r>    6.9271    1.0000 </r>
       <r>    8.6119   -0.0005 </r>
       <r>    8.9499   -0.0000 </r>
       <r>    9.2689   -0.0000 </r>
       <r>   11.6260   -0.0000 </r>
       <r>   11.6993   -0.0000 </r>
       <r>   13.4608    0.0000 </r>
       <r>   13.5503    0.0000 </r>
       <r>   14.5305    0.0000 </r>
       <r>   15.4588    0.0000 </r>
       <r>   15.8023    0.0000 </r>
       <r>   17.0911    0.0000 </r>
       <r>   17.6472    0.0000 </r>
       <r>   18.5379    0.0000 </r>
       <r>   19.5706    0.0000 </r>
       <r>   19.7509    0.0000 </r>
       <r>   21.0919    0.0000 </r>
       <r>   21.5430    0.0000 </r>
       <r>   21.9675    0.0000 </r>
       <r>   21.9837    0.0000 </r>
      </set>
      <set comment="kpoint 23">
       <r>  -13.6064    1.0000 </r>
       <r>  -13.5895    1.0000 </r>
       <r>  -13.5250    1.0000 </r>
       <r>  -13.5157    1.0000 </r>
       <r>  -13.4968    1.0000 </r>
       <r>  -13.4961    1.0000 </r>
       <r>  -13.4671    1.0000 </r>
       <r>  -13.4541    1.0000 </r>
       <r>  -13.4473    1.0000 </r>
       <r>  -13.4458    1.0000 </r>
       <r>  -13.4085    1.0000 </r>
       <r>  -13.3995    1.0000 </r>
       <r>  -13.3538    1.0000 </r>
       <r>  -13.3411    1.0000 </r>
       <r>  -13.3297    1.0000 </r>
       <r>  -13.3244    1.0000 </r>
       <r>  -13.2908    1.0000 </r>
       <r>  -13.2902    1.0000 </r>
       <r>  -13.2552    1.0000 </r>
       <r>  -13.2420    1.0000 </r>
       <r>   -0.0891    1.0000 </r>
       <r>    0.7243    1.0000 </r>
       <r>    2.2599    1.0000 </r>
       <r>    3.0968    1.0000 </r>
       <r>    4.7793    1.0000 </r>
       <r>    5.5537    1.0000 </r>
       <r>    6.8938    1.0000 </r>
       <r>    7.0400    1.0000 </r>
       <r>    8.0407    0.6624 </r>
       <r>    8.1798    0.1301 </r>
       <r>    9.3069   -0.0000 </r>
       <r>   10.9643   -0.0000 </r>
       <r>   11.7273   -0.0000 </r>
       <r>   11.8784   -0.0000 </r>
       <r>   12.5613   -0.0000 </r>
       <r>   13.5505    0.0000 </r>
       <r>   14.5779    0.0000 </r>
       <r>   15.9439    0.0000 </r>
       <r>   16.4390    0.0000 </r>
       <r>   16.5124    0.0000 </r>
       <r>   16.6922    0.0000 </r>
       <r>   17.1020    0.0000 </r>
       <r>   19.0333    0.0000 </r>
       <r>   19.0927    0.0000 </r>
       <r>   20.0998    0.0000 </r>
       <r>   20.4524    0.0000 </r>
       <r>   20.6424    0.0000 </r>
       <r>   22.6837    0.0000 </r>
      </set>
      <set comment="kpoint 24">
       <r>  -13.5915    1.0000 </r>
       <r>  -13.5813    1.0000 </r>
       <r>  -13.5425    1.0000 </r>
       <r>  -13.5345    1.0000 </r>
       <r>  -13.5026    1.0000 </r>
       <r>  -13.5021    1.0000 </r>
       <r>  -13.4858    1.0000 </r>
       <r>  -13.4857    1.0000 </r>
       <r>  -13.4327    1.0000 </r>
       <r>  -13.4199    1.0000 </r>
       <r>  -13.3792    1.0000 </r>
       <r>  -13.3679    1.0000 </r>
       <r>  -13.3506    1.0000 </r>
       <r>  -13.3348    1.0000 </r>
       <r>  -13.3295    1.0000 </r>
       <r>  -13.3160    1.0000 </r>
       <r>  -13.2921    1.0000 </r>
       <r>  -13.2884    1.0000 </r>
       <r>  -13.2709    1.0000 </r>
       <r>  -13.2684    1.0000 </r>
       <r>    0.4308    1.0000 </r>
       <r>    1.1726    1.0000 </r>
       <r>    1.3482    1.0000 </r>
       <r>    2.0943    1.0000 </r>
       <r>    5.1230    1.0000 </r>
       <r>    5.8096    1.0000 </r>
       <r>    6.0219    1.0000 </r>
       <r>    6.6700    1.0000 </r>
       <r>    9.5979   -0.0000 </r>
       <r>    9.7639   -0.0000 </r>
       <r>   10.1572   -0.0000 </r>
       <r>   10.6113   -0.0000 </r>
       <r>   11.8976   -0.0000 </r>
       <r>   12.0490   -0.0000 </r>
       <r>   12.6140   -0.0000 </r>
       <r>   12.8264   -0.0000 </r>
       <r>   14.6083    0.0000 </r>
       <r>   15.2716    0.0000 </r>
       <r>   15.4364    0.0000 </r>
       <r>   15.7761    0.0000 </r>
       <r>   16.9557    0.0000 </r>
       <r>   17.2401    0.0000 </r>
       <r>   17.5477    0.0000 </r>
       <r>   17.6437    0.0000 </r>
       <r>   19.4344    0.0000 </r>
       <r>   21.3904    0.0000 </r>
       <r>   21.3918    0.0000 </r>
       <r>   22.4046    0.0000 </r>
      </set>
      <set comment="kpoint 25">
       <r>  -13.6026    1.0000 </r>
       <r>  -13.6026    1.0000 </r>
       <r>  -13.4931    1.0000 </r>
       <r>  -13.4931    1.0000 </r>
       <r>  -13.4931    1.0000 </r>
       <r>  -13.4931    1.0000 </r>
       <r>  -13.4758    1.0000 </r>
       <r>  -13.4758    1.0000 </r>
       <r>  -13.4291    1.0000 </r>
       <r>  -13.4291    1.0000 </r>
       <r>  -13.4291    1.0000 </r>
       <r>  -13.4291    1.0000 </r>
       <r>  -13.4054    1.0000 </r>
       <r>  -13.4054    1.0000 </r>
       <r>  -13.3145    1.0000 </r>
       <r>  -13.3145    1.0000 </r>
       <r>  -13.2577    1.0000 </r>
       <r>  -13.2577    1.0000 </r>
       <r>  -13.2140    1.0000 </r>
       <r>  -13.2140    1.0000 </r>
       <r>    0.5587    1.0000 </r>
       <r>    0.5587    1.0000 </r>
       <r>    4.4287    1.0000 </r>
       <r>    4.4287    1.0000 </r>
       <r>    5.1998    1.0000 </r>
       <r>    5.1998    1.0000 </r>
       <r>    6.6701    1.0000 </r>
       <r>    6.6701    1.0000 </r>
       <r>    6.6701    1.0000 </r>
       <r>    6.6701    1.0000 </r>
       <r>    8.5522   -0.0021 </r>
       <r>    8.5522   -0.0021 </r>
       <r>   11.4550   -0.0000 </r>
       <r>   11.4550   -0.0000 </r>
       <r>   11.4550   -0.0000 </r>
       <r>   11.4550   -0.0000 </r>
       <r>   14.2523    0.0000 </r>
       <r>   14.2523    0.0000 </r>
       <r>   19.0263    0.0000 </r>
       <r>   19.0263    0.0000 </r>
       <r>   19.0263    0.0000 </r>
       <r>   19.0263    0.0000 </r>
       <r>   20.4758    0.0000 </r>
       <r>   20.4758    0.0000 </r>
       <r>   21.4118    0.0000 </r>
       <r>   21.4118    0.0000 </r>
       <r>   23.9926    0.0000 </r>
       <r>   23.9926    0.0000 </r>
      </set>
      <set comment="kpoint 26">
       <r>  -13.6067    1.0000 </r>
       <r>  -13.6067    1.0000 </r>
       <r>  -13.5015    1.0000 </r>
       <r>  -13.5015    1.0000 </r>
       <r>  -13.4880    1.0000 </r>
       <r>  -13.4880    1.0000 </r>
       <r>  -13.4603    1.0000 </r>
       <r>  -13.4603    1.0000 </r>
       <r>  -13.4548    1.0000 </r>
       <r>  -13.4548    1.0000 </r>
       <r>  -13.4299    1.0000 </r>
       <r>  -13.4299    1.0000 </r>
       <r>  -13.3765    1.0000 </r>
       <r>  -13.3765    1.0000 </r>
       <r>  -13.3210    1.0000 </r>
       <r>  -13.3210    1.0000 </r>
       <r>  -13.2564    1.0000 </r>
       <r>  -13.2564    1.0000 </r>
       <r>  -13.2185    1.0000 </r>
       <r>  -13.2185    1.0000 </r>
       <r>    0.7035    1.0000 </r>
       <r>    0.7035    1.0000 </r>
       <r>    3.7634    1.0000 </r>
       <r>    3.7634    1.0000 </r>
       <r>    5.1189    1.0000 </r>
       <r>    5.1189    1.0000 </r>
       <r>    6.7373    1.0000 </r>
       <r>    6.7373    1.0000 </r>
       <r>    7.3850    1.0000 </r>
       <r>    7.3850    1.0000 </r>
       <r>    8.4457   -0.0133 </r>
       <r>    8.4457   -0.0133 </r>
       <r>   10.9508   -0.0000 </r>
       <r>   10.9508   -0.0000 </r>
       <r>   12.3910   -0.0000 </r>
       <r>   12.3910   -0.0000 </r>
       <r>   15.1675    0.0000 </r>
       <r>   15.1675    0.0000 </r>
       <r>   16.7829    0.0000 </r>
       <r>   16.7829    0.0000 </r>
       <r>   19.0846    0.0000 </r>
       <r>   19.0846    0.0000 </r>
       <r>   20.4997    0.0000 </r>
       <r>   20.4997    0.0000 </r>
       <r>   21.2161    0.0000 </r>
       <r>   21.2161    0.0000 </r>
       <r>   22.2643    0.0000 </r>
       <r>   22.2643    0.0000 </r>
      </set>
      <set comment="kpoint 27">
       <r>  -13.6002    1.0000 </r>
       <r>  -13.6002    1.0000 </r>
       <r>  -13.5157    1.0000 </r>
       <r>  -13.5157    1.0000 </r>
       <r>  -13.5077    1.0000 </r>
       <r>  -13.5077    1.0000 </r>
       <r>  -13.4690    1.0000 </r>
       <r>  -13.4690    1.0000 </r>
       <r>  -13.4404    1.0000 </r>
       <r>  -13.4404    1.0000 </r>
       <r>  -13.4315    1.0000 </r>
       <r>  -13.4315    1.0000 </r>
       <r>  -13.3335    1.0000 </r>
       <r>  -13.3335    1.0000 </r>
       <r>  -13.3146    1.0000 </r>
       <r>  -13.3146    1.0000 </r>
       <r>  -13.2652    1.0000 </r>
       <r>  -13.2652    1.0000 </r>
       <r>  -13.2346    1.0000 </r>
       <r>  -13.2346    1.0000 </r>
       <r>    1.0417    1.0000 </r>
       <r>    1.0417    1.0000 </r>
       <r>    2.8080    1.0000 </r>
       <r>    2.8080    1.0000 </r>
       <r>    5.5614    1.0000 </r>
       <r>    5.5614    1.0000 </r>
       <r>    6.5936    1.0000 </r>
       <r>    6.5936    1.0000 </r>
       <r>    6.8590    1.0000 </r>
       <r>    6.8590    1.0000 </r>
       <r>   10.2972   -0.0000 </r>
       <r>   10.2972   -0.0000 </r>
       <r>   10.3593   -0.0000 </r>
       <r>   10.3593   -0.0000 </r>
       <r>   13.1929   -0.0000 </r>
       <r>   13.1929   -0.0000 </r>
       <r>   15.0371    0.0000 </r>
       <r>   15.0371    0.0000 </r>
       <r>   17.0371    0.0000 </r>
       <r>   17.0371    0.0000 </r>
       <r>   18.2141    0.0000 </r>
       <r>   18.2141    0.0000 </r>
       <r>   18.9821    0.0000 </r>
       <r>   18.9821    0.0000 </r>
       <r>   19.8702    0.0000 </r>
       <r>   19.8702    0.0000 </r>
       <r>   21.4428    0.0000 </r>
       <r>   21.4428    0.0000 </r>
      </set>
      <set comment="kpoint 28">
       <r>  -13.6103    1.0000 </r>
       <r>  -13.6103    1.0000 </r>
       <r>  -13.5148    1.0000 </r>
       <r>  -13.5148    1.0000 </r>
       <r>  -13.4730    1.0000 </r>
       <r>  -13.4730    1.0000 </r>
       <r>  -13.4642    1.0000 </r>
       <r>  -13.4642    1.0000 </r>
       <r>  -13.4507    1.0000 </r>
       <r>  -13.4507    1.0000 </r>
       <r>  -13.4301    1.0000 </r>
       <r>  -13.4301    1.0000 </r>
       <r>  -13.3638    1.0000 </r>
       <r>  -13.3638    1.0000 </r>
       <r>  -13.3280    1.0000 </r>
       <r>  -13.3280    1.0000 </r>
       <r>  -13.2551    1.0000 </r>
       <r>  -13.2551    1.0000 </r>
       <r>  -13.2228    1.0000 </r>
       <r>  -13.2228    1.0000 </r>
       <r>    0.8503    1.0000 </r>
       <r>    0.8503    1.0000 </r>
       <r>    3.6038    1.0000 </r>
       <r>    3.6038    1.0000 </r>
       <r>    4.4933    1.0000 </r>
       <r>    4.4933    1.0000 </r>
       <r>    6.7434    1.0000 </r>
       <r>    6.7434    1.0000 </r>
       <r>    8.0957    0.4331 </r>
       <r>    8.0957    0.4331 </r>
       <r>    8.5195   -0.0040 </r>
       <r>    8.5195   -0.0040 </r>
       <r>   11.8177   -0.0000 </r>
       <r>   11.8177   -0.0000 </r>
       <r>   11.8893   -0.0000 </r>
       <r>   11.8893   -0.0000 </r>
       <r>   15.8940    0.0000 </r>
       <r>   15.8940    0.0000 </r>
       <r>   16.8193    0.0000 </r>
       <r>   16.8193    0.0000 </r>
       <r>   17.1660    0.0000 </r>
       <r>   17.1660    0.0000 </r>
       <r>   19.5399    0.0000 </r>
       <r>   19.5399    0.0000 </r>
       <r>   20.2814    0.0000 </r>
       <r>   20.2814    0.0000 </r>
       <r>   23.3210    0.0000 </r>
       <r>   23.3309    0.0000 </r>
      </set>
      <set comment="kpoint 29">
       <r>  -13.6044    1.0000 </r>
       <r>  -13.6044    1.0000 </r>
       <r>  -13.5272    1.0000 </r>
       <r>  -13.5272    1.0000 </r>
       <r>  -13.5036    1.0000 </r>
       <r>  -13.5036    1.0000 </r>
       <r>  -13.4563    1.0000 </r>
       <r>  -13.4563    1.0000 </r>
       <r>  -13.4549    1.0000 </r>
       <r>  -13.4549    1.0000 </r>
       <r>  -13.4047    1.0000 </r>
       <r>  -13.4047    1.0000 </r>
       <r>  -13.3459    1.0000 </r>
       <r>  -13.3459    1.0000 </r>
       <r>  -13.3123    1.0000 </r>
       <r>  -13.3123    1.0000 </r>
       <r>  -13.2643    1.0000 </r>
       <r>  -13.2643    1.0000 </r>
       <r>  -13.2381    1.0000 </r>
       <r>  -13.2381    1.0000 </r>
       <r>    1.1995    1.0000 </r>
       <r>    1.1995    1.0000 </r>
       <r>    2.8371    1.0000 </r>
       <r>    2.8371    1.0000 </r>
       <r>    4.6272    1.0000 </r>
       <r>    4.6272    1.0000 </r>
       <r>    5.9539    1.0000 </r>
       <r>    5.9539    1.0000 </r>
       <r>    8.3964   -0.0239 </r>
       <r>    8.3964   -0.0239 </r>
       <r>   10.4131   -0.0000 </r>
       <r>   10.4131   -0.0000 </r>
       <r>   11.2026   -0.0000 </r>
       <r>   11.2026   -0.0000 </r>
       <r>   12.9467   -0.0000 </r>
       <r>   12.9467   -0.0000 </r>
       <r>   14.7882    0.0000 </r>
       <r>   14.7882    0.0000 </r>
       <r>   16.8566    0.0000 </r>
       <r>   16.8566    0.0000 </r>
       <r>   17.1561    0.0000 </r>
       <r>   17.1561    0.0000 </r>
       <r>   18.2563    0.0000 </r>
       <r>   18.2563    0.0000 </r>
       <r>   19.3947    0.0000 </r>
       <r>   19.3947    0.0000 </r>
       <r>   20.8849    0.0000 </r>
       <r>   20.8849    0.0000 </r>
      </set>
      <set comment="kpoint 30">
       <r>  -13.5956    1.0000 </r>
       <r>  -13.5956    1.0000 </r>
       <r>  -13.5478    1.0000 </r>
       <r>  -13.5478    1.0000 </r>
       <r>  -13.5071    1.0000 </r>
       <r>  -13.5071    1.0000 </r>
       <r>  -13.4886    1.0000 </r>
       <r>  -13.4886    1.0000 </r>
       <r>  -13.4257    1.0000 </r>
       <r>  -13.4257    1.0000 </r>
       <r>  -13.3719    1.0000 </r>
       <r>  -13.3719    1.0000 </r>
       <r>  -13.3440    1.0000 </r>
       <r>  -13.3440    1.0000 </r>
       <r>  -13.3036    1.0000 </r>
       <r>  -13.3036    1.0000 </r>
       <r>  -13.2636    1.0000 </r>
       <r>  -13.2636    1.0000 </r>
       <r>  -13.2626    1.0000 </r>
       <r>  -13.2626    1.0000 </r>
       <r>    1.6191    1.0000 </r>
       <r>    1.6191    1.0000 </r>
       <r>    2.5583    1.0000 </r>
       <r>    2.5583    1.0000 </r>
       <r>    4.2088    1.0000 </r>
       <r>    4.2088    1.0000 </r>
       <r>    5.0645    1.0000 </r>
       <r>    5.0645    1.0000 </r>
       <r>   10.4786   -0.0000 </r>
       <r>   10.4786   -0.0000 </r>
       <r>   10.8610   -0.0000 </r>
       <r>   10.8610   -0.0000 </r>
       <r>   12.3785   -0.0000 </r>
       <r>   12.3785   -0.0000 </r>
       <r>   12.4903   -0.0000 </r>
       <r>   12.4903   -0.0000 </r>
       <r>   14.4661    0.0000 </r>
       <r>   14.4661    0.0000 </r>
       <r>   15.2120    0.0000 </r>
       <r>   15.2120    0.0000 </r>
       <r>   16.0444    0.0000 </r>
       <r>   16.0444    0.0000 </r>
       <r>   16.4679    0.0000 </r>
       <r>   16.4679    0.0000 </r>
       <r>   20.5532    0.0000 </r>
       <r>   20.5532    0.0000 </r>
       <r>   22.8479    0.0000 </r>
       <r>   22.8694    0.0000 </r>
      </set>
     </set>
    </set>
   </array>
  </eigenvalues>
  <separator name="orbital magnetization" >
   <v name="MAGDIPOLOUT">      0.00000000      0.00000000      0.00000000</v>
  </separator>
 </calculation>
 <structure name="finalpos" >
  <crystal>
   <varray name="basis" >
    <v>       5.83130000       0.00000000       0.00000000 </v>
    <v>       0.00000000       5.83130000       0.00000000 </v>
    <v>       0.00000000       0.00000000       3.18150000 </v>
   </varray>
   <i name="volume">    108.18391590 </i>
   <varray name="rec_basis" >
    <v>       0.17148835       0.00000000       0.00000000 </v>
    <v>       0.00000000       0.17148835       0.00000000 </v>
    <v>       0.00000000       0.00000000       0.31431715 </v>
   </varray>
  </crystal>
  <varray name="positions" >
   <v>       0.00000000       0.75000000       0.12500000 </v>
   <v>       0.00000000       0.25000000       0.87500000 </v>
   <v>       0.50000000       0.25000000       0.62500000 </v>
   <v>       0.50000000       0.75000000       0.37500000 </v>
  </varray>
 </structure>
</modeling>
