<?xml version="1.0" encoding="ISO-8859-1"?>
<modeling>
 <generator>
  <i name="program" type="string">vasp </i>
  <i name="version" type="string">5.3.3  </i>
  <i name="subversion" type="string">18Dez12 (build Jul  9 2013 10:45:47) complex                          parallel </i>
  <i name="platform" type="string">LinuxIFC </i>
  <i name="date" type="string">2015 07 13 </i>
  <i name="time" type="string">04:36:53 </i>
 </generator>
 <incar>
  <i type="string" name="SYSTEM"> (Sn)4  (P1) ~ POSCAR_2x2x2_1 (VASP)</i>
  <i type="int" name="ISTART">     0</i>
  <i type="string" name="PREC">normal</i>
  <i type="string" name="ALGO"> Normal (blocked Davidson)</i>
  <i type="logical" name="ADDGRID"> F  </i>
  <i type="int" name="ISPIN">     1</i>
  <i type="int" name="ICHARG">     2</i>
  <i type="int" name="INIWAV">     1</i>
  <i type="int" name="NELM">    60</i>
  <i type="int" name="NELMIN">     2</i>
  <i type="int" name="IBRION">    -1</i>
  <i name="EDIFF">      0.00001000</i>
  <i name="EDIFFG">     -0.02000000</i>
  <i type="int" name="NSW">     0</i>
  <i type="int" name="NBLOCK">     1</i>
  <i name="ENCUT">    450.00000000</i>
  <v name="RWIGS">      1.41000000</v>
  <i type="logical" name="LREAL"> F  </i>
  <i type="int" name="ISMEAR">     1</i>
  <i name="SIGMA">      0.20000000</i>
  <i type="logical" name="LWAVE"> F  </i>
  <i type="logical" name="LCHARG"> F  </i>
  <i type="int" name="NELM">    60</i>
  <i type="int" name="VOSKOWN">     1</i>
 </incar>
 <kpoints>
  <generation param="Gamma">
   <v type="int" name="divisions">       4        4        7 </v>
   <v name="usershift">      0.00000000       0.00000000       0.00000000 </v>
   <v name="genvec1">      0.25000000       0.00000000       0.00000000 </v>
   <v name="genvec2">      0.00000000       0.25000000       0.00000000 </v>
   <v name="genvec3">      0.00000000       0.00000000       0.14285714 </v>
   <v name="shift">      0.00000000       0.00000000       0.00000000 </v>
  </generation>
  <varray name="kpointlist" >
   <v>       0.00000000       0.00000000       0.00000000 </v>
   <v>       0.25000000       0.00000000       0.00000000 </v>
   <v>       0.50000000       0.00000000       0.00000000 </v>
   <v>       0.25000000       0.25000000       0.00000000 </v>
   <v>       0.50000000       0.25000000       0.00000000 </v>
   <v>       0.50000000       0.50000000       0.00000000 </v>
   <v>       0.00000000       0.00000000       0.14285714 </v>
   <v>       0.25000000       0.00000000       0.14285714 </v>
   <v>       0.50000000       0.00000000       0.14285714 </v>
   <v>       0.25000000       0.25000000       0.14285714 </v>
   <v>       0.50000000       0.25000000       0.14285714 </v>
   <v>       0.50000000       0.50000000       0.14285714 </v>
   <v>       0.00000000       0.00000000       0.28571429 </v>
   <v>       0.25000000       0.00000000       0.28571429 </v>
   <v>       0.50000000       0.00000000       0.28571429 </v>
   <v>       0.25000000       0.25000000       0.28571429 </v>
   <v>       0.50000000       0.25000000       0.28571429 </v>
   <v>       0.50000000       0.50000000       0.28571429 </v>
   <v>       0.00000000       0.00000000       0.42857143 </v>
   <v>       0.25000000       0.00000000       0.42857143 </v>
   <v>       0.50000000       0.00000000       0.42857143 </v>
   <v>       0.25000000       0.25000000       0.42857143 </v>
   <v>       0.50000000       0.25000000       0.42857143 </v>
   <v>       0.50000000       0.50000000       0.42857143 </v>
  </varray>
  <varray name="weights" >
   <v>       0.00892857 </v>
   <v>       0.03571429 </v>
   <v>       0.01785714 </v>
   <v>       0.03571429 </v>
   <v>       0.03571429 </v>
   <v>       0.00892857 </v>
   <v>       0.01785714 </v>
   <v>       0.07142857 </v>
   <v>       0.03571429 </v>
   <v>       0.07142857 </v>
   <v>       0.07142857 </v>
   <v>       0.01785714 </v>
   <v>       0.01785714 </v>
   <v>       0.07142857 </v>
   <v>       0.03571429 </v>
   <v>       0.07142857 </v>
   <v>       0.07142857 </v>
   <v>       0.01785714 </v>
   <v>       0.01785714 </v>
   <v>       0.07142857 </v>
   <v>       0.03571429 </v>
   <v>       0.07142857 </v>
   <v>       0.07142857 </v>
   <v>       0.01785714 </v>
  </varray>
 </kpoints>
 <parameters>
  <separator name="general" >
   <i type="string" name="SYSTEM">(Sn)4  (P1) ~ POSCAR_2x2x2_1 (VASP)</i>
   <i type="logical" name="LCOMPAT"> F  </i>
  </separator>
  <separator name="electronic" >
   <i type="string" name="PREC">normal</i>
   <i name="ENMAX">    450.00000000</i>
   <i name="ENAUG">    439.82500000</i>
   <i name="EDIFF">      0.00001000</i>
   <i type="int" name="IALGO">    38</i>
   <i type="int" name="IWAVPR">    10</i>
   <i type="int" name="NBANDS">    48</i>
   <i name="NELECT">     56.00000000</i>
   <i type="int" name="TURBO">     0</i>
   <i type="int" name="IRESTART">     0</i>
   <i type="int" name="NREBOOT">     0</i>
   <i type="int" name="NMIN">     0</i>
   <i name="EREF">      0.00000000</i>
   <separator name="electronic smearing" >
    <i type="int" name="ISMEAR">     1</i>
    <i name="SIGMA">      0.20000000</i>
    <i name="KSPACING">      0.50000000</i>
    <i type="logical" name="KGAMMA"> T  </i>
   </separator>
   <separator name="electronic projectors" >
    <i type="logical" name="LREAL"> F  </i>
    <v name="ROPT">      0.00000000</v>
    <i type="int" name="LMAXPAW">  -100</i>
    <i type="int" name="LMAXMIX">     2</i>
    <i type="logical" name="NLSPLINE"> F  </i>
   </separator>
   <separator name="electronic startup" >
    <i type="int" name="ISTART">     0</i>
    <i type="int" name="ICHARG">     2</i>
    <i type="int" name="INIWAV">     1</i>
   </separator>
   <separator name="electronic spin" >
    <i type="int" name="ISPIN">     1</i>
    <i type="logical" name="LNONCOLLINEAR"> F  </i>
    <v name="MAGMOM">      1.00000000      1.00000000      1.00000000      1.00000000</v>
    <i name="NUPDOWN">     -1.00000000</i>
    <i type="logical" name="LSORBIT"> F  </i>
    <v name="SAXIS">      0.00000000      0.00000000      1.00000000</v>
    <i type="logical" name="LSPIRAL"> F  </i>
    <v name="QSPIRAL">      0.00000000      0.00000000      0.00000000</v>
    <i type="logical" name="LZEROZ"> F  </i>
   </separator>
   <separator name="electronic exchange-correlation" >
    <i type="logical" name="LASPH"> F  </i>
    <i type="logical" name="LMETAGGA"> F  </i>
   </separator>
   <separator name="electronic convergence" >
    <i type="int" name="NELM">    60</i>
    <i type="int" name="NELMDL">    -5</i>
    <i type="int" name="NELMIN">     2</i>
    <i name="ENINI">    450.00000000</i>
    <separator name="electronic convergence detail" >
     <i type="logical" name="LDIAG"> T  </i>
     <i type="logical" name="LSUBROT"> T  </i>
     <i name="WEIMIN">      0.00000000</i>
     <i name="EBREAK">      0.00000005</i>
     <i name="DEPER">      0.30000000</i>
     <i type="int" name="NRMM">     4</i>
     <i name="TIME">      0.40000000</i>
    </separator>
   </separator>
   <separator name="electronic mixer" >
    <i name="AMIX">      0.40000000</i>
    <i name="BMIX">      1.00000000</i>
    <i name="AMIN">      0.10000000</i>
    <i name="AMIX_MAG">      1.60000000</i>
    <i name="BMIX_MAG">      1.00000000</i>
    <separator name="electronic mixer details" >
     <i type="int" name="IMIX">     4</i>
     <i type="int" name="MAXMIX">   -45</i>
     <i name="WC">    100.00000000</i>
     <i type="int" name="INIMIX">     1</i>
     <i type="int" name="MIXPRE">     1</i>
     <i type="int" name="MREMOVE">     5</i>
    </separator>
   </separator>
   <separator name="electronic dipolcorrection" >
    <i type="logical" name="LDIPOL"> F  </i>
    <i type="logical" name="LMONO"> F  </i>
    <i type="int" name="IDIPOL">     0</i>
    <i name="EPSILON">      1.00000000</i>
    <v name="DIPOL">   -100.00000000   -100.00000000   -100.00000000</v>
    <i name="EFIELD">      0.00000000</i>
   </separator>
  </separator>
  <separator name="grids" >
   <i type="int" name="NGX">    30</i>
   <i type="int" name="NGY">    30</i>
   <i type="int" name="NGZ">    18</i>
   <i type="int" name="NGXF">    60</i>
   <i type="int" name="NGYF">    60</i>
   <i type="int" name="NGZF">    36</i>
   <i type="logical" name="ADDGRID"> F  </i>
  </separator>
  <separator name="ionic" >
   <i type="int" name="NSW">     0</i>
   <i type="int" name="IBRION">    -1</i>
   <i type="int" name="ISIF">     2</i>
   <i name="PSTRESS">      0.00000000</i>
   <i name="EDIFFG">     -0.02000000</i>
   <i type="int" name="NFREE">     0</i>
   <i name="POTIM">      0.50000000</i>
   <i name="SMASS">     -3.00000000</i>
   <i name="SCALEE">      1.00000000</i>
  </separator>
  <separator name="ionic md" >
   <i name="TEBEG">      0.00010000</i>
   <i name="TEEND">      0.00010000</i>
   <i type="int" name="NBLOCK">     1</i>
   <i type="int" name="KBLOCK">     1</i>
   <i type="int" name="NPACO">   256</i>
   <i name="APACO">     16.00000000</i>
  </separator>
  <separator name="symmetry" >
   <i type="int" name="ISYM">     2</i>
   <i name="SYMPREC">      0.00001000</i>
  </separator>
  <separator name="dos" >
   <i type="logical" name="LORBIT"> F  </i>
   <v name="RWIGS">      1.41000000</v>
   <i type="int" name="NEDOS">   301</i>
   <i name="EMIN">     10.00000000</i>
   <i name="EMAX">    -10.00000000</i>
   <i name="EFERMI">      0.00000000</i>
  </separator>
  <separator name="writing" >
   <i type="int" name="NWRITE">     2</i>
   <i type="logical" name="LWAVE"> F  </i>
   <i type="logical" name="LCHARG"> F  </i>
   <i type="logical" name="LPARD"> F  </i>
   <i type="logical" name="LVTOT"> F  </i>
   <i type="logical" name="LVHAR"> F  </i>
   <i type="logical" name="LELF"> F  </i>
   <i type="logical" name="LOPTICS"> F  </i>
   <v name="STM">      0.00000000      0.00000000      0.00000000      0.00000000      0.00000000      0.00000000      0.00000000</v>
  </separator>
  <separator name="performance" >
   <i type="int" name="NPAR">    16</i>
   <i type="int" name="NSIM">     4</i>
   <i type="int" name="NBLK">    -1</i>
   <i type="logical" name="LPLANE"> T  </i>
   <i type="logical" name="LSCALAPACK"> F  </i>
   <i type="logical" name="LSCAAWARE"> F  </i>
   <i type="logical" name="LSCALU"> F  </i>
   <i type="logical" name="LASYNC"> F  </i>
   <i type="logical" name="LORBITALREAL"> F  </i>
  </separator>
  <separator name="miscellaneous" >
   <i type="int" name="IDIOT">     3</i>
   <i type="logical" name="LMUSIC"> F  </i>
   <v name="POMASS">    118.71000000</v>
   <v name="DARWINR">      0.00000000</v>
   <v name="DARWINV">      1.00000000</v>
   <i type="logical" name="LCORR"> T  </i>
  </separator>
  <i type="logical" name="GGA_COMPAT"> T  </i>
  <i type="logical" name="LBERRY"> F  </i>
  <i type="int" name="ICORELEVEL">     0</i>
  <i type="logical" name="LDAU"> F  </i>
  <i type="int" name="I_CONSTRAINED_M">     0</i>
  <separator name="electronic exchange-correlation" >
   <i type="string" name="GGA">--</i>
   <i type="int" name="VOSKOWN">     1</i>
   <i type="logical" name="LHFCALC"> F  </i>
   <i type="string" name="PRECFOCK"></i>
   <i type="logical" name="LSYMGRAD"> F  </i>
   <i type="logical" name="LHFONE"> F  </i>
   <i type="logical" name="LRHFCALC"> F  </i>
   <i type="logical" name="LTHOMAS"> F  </i>
   <i type="logical" name="LMODELHF"> F  </i>
   <i name="ENCUT4O">     -1.00000000</i>
   <i type="int" name="EXXOEP">     0</i>
   <i type="int" name="FOURORBIT">     0</i>
   <i name="AEXX">      0.00000000</i>
   <i name="HFALPHA">      0.00000000</i>
   <i name="MCALPHA">      0.00000000</i>
   <i name="ALDAX">      1.00000000</i>
   <i name="AGGAX">      1.00000000</i>
   <i name="ALDAC">      1.00000000</i>
   <i name="AGGAC">      1.00000000</i>
   <i type="int" name="NKREDX">     1</i>
   <i type="int" name="NKREDY">     1</i>
   <i type="int" name="NKREDZ">     1</i>
   <i type="logical" name="SHIFTRED"> F  </i>
   <i type="logical" name="ODDONLY"> F  </i>
   <i type="logical" name="EVENONLY"> F  </i>
   <i type="int" name="LMAXFOCK">     0</i>
   <i type="int" name="NMAXFOCKAE">     0</i>
   <i type="logical" name="LFOCKAEDFT"> F  </i>
   <i name="HFSCREEN">      0.00000000</i>
   <i name="HFSCREENC">      0.00000000</i>
   <i type="int" name="NBANDSGWLOW">     0</i>
  </separator>
  <separator name="vdW DFT" >
   <i type="logical" name="LUSE_VDW"> F  </i>
   <i name="Zab_VDW">     -0.84910000</i>
   <i name="PARAM1">      0.12340000</i>
   <i name="PARAM2">      1.00000000</i>
   <i name="PARAM3">      0.00000000</i>
  </separator>
  <separator name="model GW" >
   <i type="int" name="MODEL_GW">     0</i>
   <i name="MODEL_EPS0">     16.22758739</i>
   <i name="MODEL_ALPHA">      1.00000000</i>
  </separator>
  <separator name="linear response parameters" >
   <i type="logical" name="LEPSILON"> F  </i>
   <i type="logical" name="LRPA"> F  </i>
   <i type="logical" name="LNABLA"> F  </i>
   <i type="logical" name="LVEL"> F  </i>
   <i type="int" name="KINTER">     0</i>
   <i name="CSHIFT">      0.10000000</i>
   <i name="OMEGAMAX">     -1.00000000</i>
   <i name="DEG_THRESHOLD">      0.00200000</i>
  </separator>
  <separator name="orbital magnetization" >
   <i type="logical" name="NUCIND"> F  </i>
   <v name="MAGPOS">      0.00000000      0.00000000      0.00000000</v>
   <i type="logical" name="LNICSALL"> T  </i>
   <i type="logical" name="ORBITALMAG"> F  </i>
   <i type="logical" name="LMAGBLOCH"> F  </i>
   <i type="logical" name="LCHIMAG"> F  </i>
   <i type="logical" name="LGAUGE"> T  </i>
   <i type="int" name="MAGATOM">     0</i>
   <v name="MAGDIPOL">      0.00000000      0.00000000      0.00000000</v>
   <v name="AVECCONST">      0.00000000      0.00000000      0.00000000</v>
  </separator>
  <separator name="response functions" >
   <i type="logical" name="LADDER"> F  </i>
   <i type="logical" name="LFXC"> F  </i>
   <i type="logical" name="LHARTREE"> T  </i>
   <i type="int" name="IBSE">     0</i>
   <i type="logical" name="LTCTE"> F  </i>
   <i type="logical" name="LTETE"> F  </i>
   <i type="logical" name="LTRIPLET"> F  </i>
   <i type="logical" name="LFXCEPS"> F  </i>
   <i type="logical" name="L2ORDER"> F  </i>
   <i type="logical" name="LUSEW"> F  </i>
   <i name="ENCUTGW">     -2.00000000</i>
   <i name="ENCUTGWSOFT">     -2.00000000</i>
   <i name="ENCUTLF">     -1.00000000</i>
   <i type="int" name="LMAXMP2">    -1</i>
   <i name="SCISSOR">      0.00000000</i>
   <i type="int" name="NOMEGA">     0</i>
   <i type="int" name="NOMEGAR">     0</i>
   <i type="int" name="NBANDSGW">    -1</i>
   <i type="int" name="NBANDSO">    -1</i>
   <i type="int" name="NBANDSV">    -1</i>
   <i type="int" name="NELM">    60</i>
   <i type="int" name="DIM">     3</i>
   <i type="int" name="ANTIRES">     0</i>
   <i name="OMEGAMAX">    -30.00000000</i>
   <i name="OMEGATL">   -200.00000000</i>
   <i type="int" name="OMEGAGRID">     0</i>
   <i name="CSHIFT">     -0.10000000</i>
   <i type="logical" name="SELFENERGY"> F  </i>
   <i type="logical" name="LSPECTRAL"> F  </i>
   <i type="logical" name="ODDONLYGW"> F  </i>
   <i type="logical" name="EVENONLYGW"> F  </i>
   <i type="int" name="NKREDLFX">     1</i>
   <i type="int" name="NKREDLFY">     1</i>
   <i type="int" name="NKREDLFZ">     1</i>
   <i type="int" name="MAXMEM">  1800</i>
   <i type="int" name="TELESCOPE">     0</i>
  </separator>
 </parameters>
 <atominfo>
  <atoms>       4 </atoms>
  <types>       1 </types>
  <array name="atoms" >
   <dimension dim="1">ion</dimension>
   <field type="string">element</field>
   <field type="int">atomtype</field>
   <set>
    <rc><c>Sn</c><c>   1</c></rc>
    <rc><c>Sn</c><c>   1</c></rc>
    <rc><c>Sn</c><c>   1</c></rc>
    <rc><c>Sn</c><c>   1</c></rc>
   </set>
  </array>
  <array name="atomtypes" >
   <dimension dim="1">type</dimension>
   <field type="int">atomspertype</field>
   <field type="string">element</field>
   <field>mass</field>
   <field>valence</field>
   <field type="string">pseudopotential</field>
   <set>
    <rc><c>   4</c><c>Sn</c><c>    118.71000000</c><c>     14.00000000</c><c> PAW_PBE Sn_d 06Sep2000                 </c></rc>
   </set>
  </array>
 </atominfo>
 <structure name="initialpos" >
  <crystal>
   <varray name="basis" >
    <v>       5.83130000       0.00000000       0.00000000 </v>
    <v>       0.00000000       5.83130000       0.00000000 </v>
    <v>       0.00000000       0.00000000       3.18150000 </v>
   </varray>
   <i name="volume">    108.18391590 </i>
   <varray name="rec_basis" >
    <v>       0.17148835       0.00000000       0.00000000 </v>
    <v>       0.00000000       0.17148835       0.00000000 </v>
    <v>       0.00000000       0.00000000       0.31431715 </v>
   </varray>
  </crystal>
  <varray name="positions" >
   <v>       0.00000000       0.75000000       0.12500000 </v>
   <v>       0.00000000       0.25000000       0.87500000 </v>
   <v>       0.50000000       0.25000000       0.62500000 </v>
   <v>       0.50000000       0.75000000       0.37500000 </v>
  </varray>
 </structure>
 <calculation>
  <scstep>
   <time name="dav">    1.36    1.39</time>
   <time name="total">    1.39    1.43</time>
   <energy>
    <i name="alphaZ">    165.15909015 </i>
    <i name="ewald">  -5374.96529713 </i>
    <i name="hartreedc">  -1990.89442271 </i>
    <i name="XCdc">    227.96367290 </i>
    <i name="pawpsdc">   5488.21437192 </i>
    <i name="pawaedc">  -5636.81509254 </i>
    <i name="eentropy">      0.00697073 </i>
    <i name="bandstr">     -0.69176396 </i>
    <i name="atom">   7572.29571107 </i>
    <i name="e_fr_energy">    450.27324043 </i>
    <i name="e_wo_entrp">    450.26626971 </i>
    <i name="e_0_energy">    450.27091686 </i>
   </energy>
  </scstep>
  <scstep>
   <time name="dav">    1.11    1.11</time>
   <time name="total">    1.11    1.12</time>
   <energy>
    <i name="e_fr_energy">     33.33363603 </i>
    <i name="e_wo_entrp">     33.33373565 </i>
    <i name="e_0_energy">     33.33366923 </i>
   </energy>
  </scstep>
  <scstep>
   <time name="dav">    1.34    1.35</time>
   <time name="total">    1.35    1.36</time>
   <energy>
    <i name="e_fr_energy">    -14.36051412 </i>
    <i name="e_wo_entrp">    -14.35790962 </i>
    <i name="e_0_energy">    -14.35964596 </i>
   </energy>
  </scstep>
  <scstep>
   <time name="dav">    1.30    1.32</time>
   <time name="total">    1.30    1.33</time>
   <energy>
    <i name="e_fr_energy">    -15.77304885 </i>
    <i name="e_wo_entrp">    -15.76989814 </i>
    <i name="e_0_energy">    -15.77199861 </i>
   </energy>
  </scstep>
  <scstep>
   <time name="dav">    1.58    1.58</time>
   <time name="total">    1.62    1.62</time>
   <energy>
    <i name="e_fr_energy">    -15.81879695 </i>
    <i name="e_wo_entrp">    -15.81563067 </i>
    <i name="e_0_energy">    -15.81774153 </i>
   </energy>
  </scstep>
  <scstep>
   <time name="dav">    1.46    1.48</time>
   <time name="total">    1.51    1.53</time>
   <energy>
    <i name="e_fr_energy">    -15.78797851 </i>
    <i name="e_wo_entrp">    -15.78481135 </i>
    <i name="e_0_energy">    -15.78692279 </i>
   </energy>
  </scstep>
  <scstep>
   <time name="dav">    1.51    1.52</time>
   <time name="total">    1.56    1.57</time>
   <energy>
    <i name="e_fr_energy">    -15.78010735 </i>
    <i name="e_wo_entrp">    -15.77690404 </i>
    <i name="e_0_energy">    -15.77903958 </i>
   </energy>
  </scstep>
  <scstep>
   <time name="dav">    1.41    1.42</time>
   <time name="total">    1.46    1.47</time>
   <energy>
    <i name="e_fr_energy">    -15.78003414 </i>
    <i name="e_wo_entrp">    -15.77680337 </i>
    <i name="e_0_energy">    -15.77895722 </i>
   </energy>
  </scstep>
  <scstep>
   <time name="dav">    1.52    1.52</time>
   <time name="total">    1.57    1.58</time>
   <energy>
    <i name="e_fr_energy">    -15.78005018 </i>
    <i name="e_wo_entrp">    -15.77681526 </i>
    <i name="e_0_energy">    -15.77897187 </i>
   </energy>
  </scstep>
  <scstep>
   <time name="dav">    0.97    0.98</time>
   <time name="total">    1.02    1.04</time>
   <energy>
    <i name="e_fr_energy">    -15.78003771 </i>
    <i name="e_wo_entrp">    -15.77680041 </i>
    <i name="e_0_energy">    -15.77895861 </i>
   </energy>
  </scstep>
  <scstep>
   <time name="dav">    0.89    0.91</time>
   <time name="total">    0.91    0.93</time>
   <energy>
    <i name="alphaZ">    165.15909015 </i>
    <i name="ewald">  -5374.96529713 </i>
    <i name="hartreedc">  -1970.12164933 </i>
    <i name="XCdc">    227.11760826 </i>
    <i name="pawpsdc">   5607.37974234 </i>
    <i name="pawaedc">  -5760.82617338 </i>
    <i name="eentropy">     -0.00323719 </i>
    <i name="bandstr">   -481.81583338 </i>
    <i name="atom">   7572.29571107 </i>
    <i name="e_fr_energy">    -15.78003859 </i>
    <i name="e_wo_entrp">    -15.77680139 </i>
    <i name="e_0_energy">    -15.77895952 </i>
   </energy>
  </scstep>
  <structure>
   <crystal>
    <varray name="basis" >
     <v>       5.83130000       0.00000000       0.00000000 </v>
     <v>       0.00000000       5.83130000       0.00000000 </v>
     <v>       0.00000000       0.00000000       3.18150000 </v>
    </varray>
    <i name="volume">    108.18391590 </i>
    <varray name="rec_basis" >
     <v>       0.17148835       0.00000000       0.00000000 </v>
     <v>       0.00000000       0.17148835       0.00000000 </v>
     <v>       0.00000000       0.00000000       0.31431715 </v>
    </varray>
   </crystal>
   <varray name="positions" >
    <v>       0.00000000       0.75000000       0.12500000 </v>
    <v>       0.00000000       0.25000000       0.87500000 </v>
    <v>       0.50000000       0.25000000       0.62500000 </v>
    <v>       0.50000000       0.75000000       0.37500000 </v>
   </varray>
  </structure>
  <varray name="forces" >
   <v>      -0.00000000      -0.00000000       0.00000000 </v>
   <v>       0.00000000      -0.00000000      -0.00000000 </v>
   <v>       0.00000000      -0.00000000       0.00000000 </v>
   <v>       0.00000000       0.00000000      -0.00000000 </v>
  </varray>
  <varray name="stress" >
   <v>      24.93743366       0.00000000       0.00000000 </v>
   <v>       0.00000000      24.93743366       0.00000000 </v>
   <v>       0.00000000      -0.00000000      25.47986765 </v>
  </varray>
  <energy>
   <i name="e_fr_energy">    -15.78003859 </i>
   <i name="e_wo_entrp">    -15.77895952 </i>
   <i name="e_0_energy">     -0.00323719 </i>
  </energy>
  <time name="totalsc">   15.23   15.42</time>
  <eigenvalues>
   <array>
    <dimension dim="1">band</dimension>
    <dimension dim="2">kpoint</dimension>
    <dimension dim="3">spin</dimension>
    <field>eigene</field>
    <field>occ</field>
    <set>
     <set comment="spin 1">
      <set comment="kpoint 1">
       <r>  -13.6921    1.0000 </r>
       <r>  -13.6051    1.0000 </r>
       <r>  -13.6051    1.0000 </r>
       <r>  -13.5874    1.0000 </r>
       <r>  -13.5642    1.0000 </r>
       <r>  -13.5317    1.0000 </r>
       <r>  -13.4185    1.0000 </r>
       <r>  -13.4185    1.0000 </r>
       <r>  -13.4123    1.0000 </r>
       <r>  -13.4123    1.0000 </r>
       <r>  -13.3896    1.0000 </r>
       <r>  -13.3896    1.0000 </r>
       <r>  -13.3867    1.0000 </r>
       <r>  -13.3867    1.0000 </r>
       <r>  -13.3785    1.0000 </r>
       <r>  -13.3785    1.0000 </r>
       <r>  -13.3739    1.0000 </r>
       <r>  -13.3739    1.0000 </r>
       <r>  -13.3015    1.0000 </r>
       <r>  -13.1917    1.0000 </r>
       <r>   -3.1062    1.0000 </r>
       <r>    0.5125    1.0000 </r>
       <r>    0.5125    1.0000 </r>
       <r>    3.2005    1.0000 </r>
       <r>    3.2005    1.0000 </r>
       <r>    4.4744    1.0000 </r>
       <r>    6.0498    1.0000 </r>
       <r>    6.0498    1.0000 </r>
       <r>   10.9878   -0.0000 </r>
       <r>   13.0645   -0.0000 </r>
       <r>   13.0645   -0.0000 </r>
       <r>   14.2949    0.0000 </r>
       <r>   14.2949    0.0000 </r>
       <r>   14.8944    0.0000 </r>
       <r>   14.9991    0.0000 </r>
       <r>   17.4953    0.0000 </r>
       <r>   17.4953    0.0000 </r>
       <r>   17.9083    0.0000 </r>
       <r>   18.5747    0.0000 </r>
       <r>   19.2500    0.0000 </r>
       <r>   19.3199    0.0000 </r>
       <r>   19.3199    0.0000 </r>
       <r>   19.4039    0.0000 </r>
       <r>   19.4039    0.0000 </r>
       <r>   19.8057    0.0000 </r>
       <r>   20.6144    0.0000 </r>
       <r>   20.6144    0.0000 </r>
       <r>   21.2807    0.0000 </r>
      </set>
      <set comment="kpoint 2">
       <r>  -13.6667    1.0000 </r>
       <r>  -13.6071    1.0000 </r>
       <r>  -13.5990    1.0000 </r>
       <r>  -13.5909    1.0000 </r>
       <r>  -13.5479    1.0000 </r>
       <r>  -13.5431    1.0000 </r>
       <r>  -13.4908    1.0000 </r>
       <r>  -13.4370    1.0000 </r>
       <r>  -13.4109    1.0000 </r>
       <r>  -13.4006    1.0000 </r>
       <r>  -13.3892    1.0000 </r>
       <r>  -13.3885    1.0000 </r>
       <r>  -13.3850    1.0000 </r>
       <r>  -13.3797    1.0000 </r>
       <r>  -13.3703    1.0000 </r>
       <r>  -13.3630    1.0000 </r>
       <r>  -13.3475    1.0000 </r>
       <r>  -13.3453    1.0000 </r>
       <r>  -13.3160    1.0000 </r>
       <r>  -13.2169    1.0000 </r>
       <r>   -2.8232    1.0000 </r>
       <r>   -0.6226    1.0000 </r>
       <r>    0.7883    1.0000 </r>
       <r>    3.0345    1.0000 </r>
       <r>    3.4802    1.0000 </r>
       <r>    4.9249    1.0000 </r>
       <r>    5.3741    1.0000 </r>
       <r>    8.1104    0.7306 </r>
       <r>   11.5578   -0.0000 </r>
       <r>   12.1493   -0.0000 </r>
       <r>   13.2148   -0.0000 </r>
       <r>   13.2707   -0.0000 </r>
       <r>   14.6092    0.0000 </r>
       <r>   14.6117    0.0000 </r>
       <r>   14.6656    0.0000 </r>
       <r>   15.0571    0.0000 </r>
       <r>   16.7358    0.0000 </r>
       <r>   17.8911    0.0000 </r>
       <r>   18.4661    0.0000 </r>
       <r>   18.5724    0.0000 </r>
       <r>   18.6959    0.0000 </r>
       <r>   19.5676    0.0000 </r>
       <r>   19.6386    0.0000 </r>
       <r>   19.9578    0.0000 </r>
       <r>   20.1754    0.0000 </r>
       <r>   20.1891    0.0000 </r>
       <r>   20.9748    0.0000 </r>
       <r>   20.9846    0.0000 </r>
      </set>
      <set comment="kpoint 3">
       <r>  -13.6171    1.0000 </r>
       <r>  -13.6171    1.0000 </r>
       <r>  -13.5782    1.0000 </r>
       <r>  -13.5782    1.0000 </r>
       <r>  -13.5746    1.0000 </r>
       <r>  -13.5746    1.0000 </r>
       <r>  -13.4911    1.0000 </r>
       <r>  -13.4911    1.0000 </r>
       <r>  -13.3962    1.0000 </r>
       <r>  -13.3962    1.0000 </r>
       <r>  -13.3862    1.0000 </r>
       <r>  -13.3862    1.0000 </r>
       <r>  -13.3845    1.0000 </r>
       <r>  -13.3845    1.0000 </r>
       <r>  -13.3489    1.0000 </r>
       <r>  -13.3489    1.0000 </r>
       <r>  -13.3404    1.0000 </r>
       <r>  -13.3404    1.0000 </r>
       <r>  -13.2796    1.0000 </r>
       <r>  -13.2796    1.0000 </r>
       <r>   -1.9763    1.0000 </r>
       <r>   -1.9763    1.0000 </r>
       <r>    1.6271    1.0000 </r>
       <r>    1.6271    1.0000 </r>
       <r>    4.2725    1.0000 </r>
       <r>    4.2725    1.0000 </r>
       <r>    8.0083    0.9888 </r>
       <r>    8.0083    0.9888 </r>
       <r>   11.3048   -0.0000 </r>
       <r>   11.3048   -0.0000 </r>
       <r>   13.8627    0.0000 </r>
       <r>   13.8627    0.0000 </r>
       <r>   13.9087    0.0000 </r>
       <r>   13.9087    0.0000 </r>
       <r>   14.7080    0.0000 </r>
       <r>   14.7080    0.0000 </r>
       <r>   15.4992    0.0000 </r>
       <r>   15.4992    0.0000 </r>
       <r>   19.0739    0.0000 </r>
       <r>   19.0739    0.0000 </r>
       <r>   19.1043    0.0000 </r>
       <r>   19.1043    0.0000 </r>
       <r>   19.1132    0.0000 </r>
       <r>   19.1132    0.0000 </r>
       <r>   20.3081    0.0000 </r>
       <r>   20.3081    0.0000 </r>
       <r>   20.3352    0.0000 </r>
       <r>   20.3352    0.0000 </r>
      </set>
      <set comment="kpoint 4">
       <r>  -13.6413    1.0000 </r>
       <r>  -13.6008    1.0000 </r>
       <r>  -13.6008    1.0000 </r>
       <r>  -13.5945    1.0000 </r>
       <r>  -13.5593    1.0000 </r>
       <r>  -13.5224    1.0000 </r>
       <r>  -13.4796    1.0000 </r>
       <r>  -13.4796    1.0000 </r>
       <r>  -13.4214    1.0000 </r>
       <r>  -13.4214    1.0000 </r>
       <r>  -13.4189    1.0000 </r>
       <r>  -13.3702    1.0000 </r>
       <r>  -13.3667    1.0000 </r>
       <r>  -13.3603    1.0000 </r>
       <r>  -13.3598    1.0000 </r>
       <r>  -13.3598    1.0000 </r>
       <r>  -13.3352    1.0000 </r>
       <r>  -13.3352    1.0000 </r>
       <r>  -13.3288    1.0000 </r>
       <r>  -13.2371    1.0000 </r>
       <r>   -2.5404    1.0000 </r>
       <r>   -0.3435    1.0000 </r>
       <r>   -0.3435    1.0000 </r>
       <r>    1.8482    1.0000 </r>
       <r>    5.2001    1.0000 </r>
       <r>    5.2001    1.0000 </r>
       <r>    6.7168    1.0000 </r>
       <r>    7.7759    1.0091 </r>
       <r>   11.5409   -0.0000 </r>
       <r>   12.1837   -0.0000 </r>
       <r>   13.3017   -0.0000 </r>
       <r>   13.3017   -0.0000 </r>
       <r>   13.4314   -0.0000 </r>
       <r>   14.2134    0.0000 </r>
       <r>   14.2134    0.0000 </r>
       <r>   14.4260    0.0000 </r>
       <r>   14.5824    0.0000 </r>
       <r>   17.9372    0.0000 </r>
       <r>   18.0572    0.0000 </r>
       <r>   18.9147    0.0000 </r>
       <r>   18.9147    0.0000 </r>
       <r>   19.4129    0.0000 </r>
       <r>   19.4129    0.0000 </r>
       <r>   20.3226    0.0000 </r>
       <r>   20.9583    0.0000 </r>
       <r>   21.3067    0.0000 </r>
       <r>   21.3351    0.0000 </r>
       <r>   21.8791    0.0000 </r>
      </set>
      <set comment="kpoint 5">
       <r>  -13.6038    1.0000 </r>
       <r>  -13.6038    1.0000 </r>
       <r>  -13.5825    1.0000 </r>
       <r>  -13.5825    1.0000 </r>
       <r>  -13.5670    1.0000 </r>
       <r>  -13.5670    1.0000 </r>
       <r>  -13.4732    1.0000 </r>
       <r>  -13.4732    1.0000 </r>
       <r>  -13.4507    1.0000 </r>
       <r>  -13.4507    1.0000 </r>
       <r>  -13.3883    1.0000 </r>
       <r>  -13.3883    1.0000 </r>
       <r>  -13.3570    1.0000 </r>
       <r>  -13.3570    1.0000 </r>
       <r>  -13.3508    1.0000 </r>
       <r>  -13.3508    1.0000 </r>
       <r>  -13.3353    1.0000 </r>
       <r>  -13.3353    1.0000 </r>
       <r>  -13.2870    1.0000 </r>
       <r>  -13.2870    1.0000 </r>
       <r>   -1.6947    1.0000 </r>
       <r>   -1.6947    1.0000 </r>
       <r>    0.4940    1.0000 </r>
       <r>    0.4940    1.0000 </r>
       <r>    5.9791    1.0000 </r>
       <r>    5.9791    1.0000 </r>
       <r>    8.2725    0.1162 </r>
       <r>    8.2725    0.1162 </r>
       <r>   10.4445   -0.0000 </r>
       <r>   10.4445   -0.0000 </r>
       <r>   12.6928   -0.0000 </r>
       <r>   12.6928   -0.0000 </r>
       <r>   13.9626    0.0000 </r>
       <r>   13.9626    0.0000 </r>
       <r>   14.0686    0.0000 </r>
       <r>   14.0686    0.0000 </r>
       <r>   16.0912    0.0000 </r>
       <r>   16.0912    0.0000 </r>
       <r>   18.0994    0.0000 </r>
       <r>   18.0994    0.0000 </r>
       <r>   18.1760    0.0000 </r>
       <r>   18.1760    0.0000 </r>
       <r>   21.0429    0.0000 </r>
       <r>   21.0429    0.0000 </r>
       <r>   21.8249    0.0000 </r>
       <r>   21.8249    0.0000 </r>
       <r>   22.1817    0.0000 </r>
       <r>   22.1817    0.0000 </r>
      </set>
      <set comment="kpoint 6">
       <r>  -13.5912    1.0000 </r>
       <r>  -13.5912    1.0000 </r>
       <r>  -13.5912    1.0000 </r>
       <r>  -13.5912    1.0000 </r>
       <r>  -13.5201    1.0000 </r>
       <r>  -13.5201    1.0000 </r>
       <r>  -13.5201    1.0000 </r>
       <r>  -13.5201    1.0000 </r>
       <r>  -13.4290    1.0000 </r>
       <r>  -13.4290    1.0000 </r>
       <r>  -13.4290    1.0000 </r>
       <r>  -13.4290    1.0000 </r>
       <r>  -13.3453    1.0000 </r>
       <r>  -13.3453    1.0000 </r>
       <r>  -13.3453    1.0000 </r>
       <r>  -13.3453    1.0000 </r>
       <r>  -13.3116    1.0000 </r>
       <r>  -13.3116    1.0000 </r>
       <r>  -13.3116    1.0000 </r>
       <r>  -13.3116    1.0000 </r>
       <r>   -0.8526    1.0000 </r>
       <r>   -0.8526    1.0000 </r>
       <r>   -0.8526    1.0000 </r>
       <r>   -0.8526    1.0000 </r>
       <r>    8.6315   -0.0025 </r>
       <r>    8.6315   -0.0025 </r>
       <r>    8.6315   -0.0025 </r>
       <r>    8.6315   -0.0025 </r>
       <r>    9.6468   -0.0000 </r>
       <r>    9.6468   -0.0000 </r>
       <r>    9.6468   -0.0000 </r>
       <r>    9.6468   -0.0000 </r>
       <r>   14.0558    0.0000 </r>
       <r>   14.0558    0.0000 </r>
       <r>   14.0558    0.0000 </r>
       <r>   14.0558    0.0000 </r>
       <r>   17.5616    0.0000 </r>
       <r>   17.5616    0.0000 </r>
       <r>   17.5616    0.0000 </r>
       <r>   17.5616    0.0000 </r>
       <r>   18.8940    0.0000 </r>
       <r>   18.8940    0.0000 </r>
       <r>   18.8940    0.0000 </r>
       <r>   18.8940    0.0000 </r>
       <r>   23.1871    0.0000 </r>
       <r>   23.1873    0.0000 </r>
       <r>   23.1885    0.0000 </r>
       <r>   23.1929    0.0000 </r>
      </set>
      <set comment="kpoint 7">
       <r>  -13.6866    1.0000 </r>
       <r>  -13.5844    1.0000 </r>
       <r>  -13.5748    1.0000 </r>
       <r>  -13.5565    1.0000 </r>
       <r>  -13.5471    1.0000 </r>
       <r>  -13.4807    1.0000 </r>
       <r>  -13.4338    1.0000 </r>
       <r>  -13.4205    1.0000 </r>
       <r>  -13.4150    1.0000 </r>
       <r>  -13.4150    1.0000 </r>
       <r>  -13.4076    1.0000 </r>
       <r>  -13.4076    1.0000 </r>
       <r>  -13.3895    1.0000 </r>
       <r>  -13.3859    1.0000 </r>
       <r>  -13.3859    1.0000 </r>
       <r>  -13.3849    1.0000 </r>
       <r>  -13.3849    1.0000 </r>
       <r>  -13.3708    1.0000 </r>
       <r>  -13.3038    1.0000 </r>
       <r>  -13.1968    1.0000 </r>
       <r>   -2.7928    1.0000 </r>
       <r>    0.7074    1.0000 </r>
       <r>    0.8764    1.0000 </r>
       <r>    3.5282    1.0000 </r>
       <r>    3.5282    1.0000 </r>
       <r>    4.7425    1.0000 </r>
       <r>    6.3418    1.0000 </r>
       <r>    6.3418    1.0000 </r>
       <r>    9.2625   -0.0000 </r>
       <r>   11.2494   -0.0000 </r>
       <r>   12.4044   -0.0000 </r>
       <r>   12.4392   -0.0000 </r>
       <r>   13.9812    0.0000 </r>
       <r>   13.9812    0.0000 </r>
       <r>   15.2987    0.0000 </r>
       <r>   16.5674    0.0000 </r>
       <r>   16.5674    0.0000 </r>
       <r>   17.0936    0.0000 </r>
       <r>   17.0936    0.0000 </r>
       <r>   18.0001    0.0000 </r>
       <r>   19.1494    0.0000 </r>
       <r>   19.4210    0.0000 </r>
       <r>   19.4210    0.0000 </r>
       <r>   19.4476    0.0000 </r>
       <r>   20.6633    0.0000 </r>
       <r>   21.4974    0.0000 </r>
       <r>   21.4974    0.0000 </r>
       <r>   22.3064    0.0000 </r>
      </set>
      <set comment="kpoint 8">
       <r>  -13.6632    1.0000 </r>
       <r>  -13.5848    1.0000 </r>
       <r>  -13.5727    1.0000 </r>
       <r>  -13.5540    1.0000 </r>
       <r>  -13.5370    1.0000 </r>
       <r>  -13.5065    1.0000 </r>
       <r>  -13.4826    1.0000 </r>
       <r>  -13.4462    1.0000 </r>
       <r>  -13.4129    1.0000 </r>
       <r>  -13.4046    1.0000 </r>
       <r>  -13.4038    1.0000 </r>
       <r>  -13.3965    1.0000 </r>
       <r>  -13.3929    1.0000 </r>
       <r>  -13.3865    1.0000 </r>
       <r>  -13.3786    1.0000 </r>
       <r>  -13.3772    1.0000 </r>
       <r>  -13.3588    1.0000 </r>
       <r>  -13.3341    1.0000 </r>
       <r>  -13.3179    1.0000 </r>
       <r>  -13.2192    1.0000 </r>
       <r>   -2.5101    1.0000 </r>
       <r>   -0.3240    1.0000 </r>
       <r>    1.0700    1.0000 </r>
       <r>    3.3151    1.0000 </r>
       <r>    3.8045    1.0000 </r>
       <r>    5.2134    1.0000 </r>
       <r>    5.6755    1.0000 </r>
       <r>    8.3653   -0.0240 </r>
       <r>    9.5476   -0.0000 </r>
       <r>   11.1291   -0.0000 </r>
       <r>   12.1886   -0.0000 </r>
       <r>   12.3813   -0.0000 </r>
       <r>   12.8383   -0.0000 </r>
       <r>   14.3038    0.0000 </r>
       <r>   14.3617    0.0000 </r>
       <r>   15.3770    0.0000 </r>
       <r>   16.2596    0.0000 </r>
       <r>   16.8234    0.0000 </r>
       <r>   17.1151    0.0000 </r>
       <r>   18.0105    0.0000 </r>
       <r>   18.7296    0.0000 </r>
       <r>   18.9984    0.0000 </r>
       <r>   19.0636    0.0000 </r>
       <r>   19.9061    0.0000 </r>
       <r>   21.0416    0.0000 </r>
       <r>   21.3811    0.0000 </r>
       <r>   21.7808    0.0000 </r>
       <r>   22.1408    0.0000 </r>
      </set>
      <set comment="kpoint 9">
       <r>  -13.6081    1.0000 </r>
       <r>  -13.6081    1.0000 </r>
       <r>  -13.5517    1.0000 </r>
       <r>  -13.5517    1.0000 </r>
       <r>  -13.5460    1.0000 </r>
       <r>  -13.5460    1.0000 </r>
       <r>  -13.4901    1.0000 </r>
       <r>  -13.4901    1.0000 </r>
       <r>  -13.4078    1.0000 </r>
       <r>  -13.4078    1.0000 </r>
       <r>  -13.3947    1.0000 </r>
       <r>  -13.3947    1.0000 </r>
       <r>  -13.3909    1.0000 </r>
       <r>  -13.3909    1.0000 </r>
       <r>  -13.3507    1.0000 </r>
       <r>  -13.3507    1.0000 </r>
       <r>  -13.3449    1.0000 </r>
       <r>  -13.3449    1.0000 </r>
       <r>  -13.2790    1.0000 </r>
       <r>  -13.2790    1.0000 </r>
       <r>   -1.6658    1.0000 </r>
       <r>   -1.6658    1.0000 </r>
       <r>    1.9084    1.0000 </r>
       <r>    1.9084    1.0000 </r>
       <r>    4.5873    1.0000 </r>
       <r>    4.5873    1.0000 </r>
       <r>    8.1916    0.3984 </r>
       <r>    8.1916    0.3984 </r>
       <r>   10.3728   -0.0000 </r>
       <r>   10.3728   -0.0000 </r>
       <r>   11.6370   -0.0000 </r>
       <r>   11.6370   -0.0000 </r>
       <r>   13.5379    0.0000 </r>
       <r>   13.5379    0.0000 </r>
       <r>   14.6830    0.0000 </r>
       <r>   14.6830    0.0000 </r>
       <r>   15.3976    0.0000 </r>
       <r>   15.3976    0.0000 </r>
       <r>   17.5919    0.0000 </r>
       <r>   17.5919    0.0000 </r>
       <r>   19.1430    0.0000 </r>
       <r>   19.1430    0.0000 </r>
       <r>   19.8071    0.0000 </r>
       <r>   19.8071    0.0000 </r>
       <r>   20.0486    0.0000 </r>
       <r>   20.0486    0.0000 </r>
       <r>   23.0837    0.0000 </r>
       <r>   23.0843    0.0000 </r>
      </set>
      <set comment="kpoint 10">
       <r>  -13.6407    1.0000 </r>
       <r>  -13.5806    1.0000 </r>
       <r>  -13.5726    1.0000 </r>
       <r>  -13.5599    1.0000 </r>
       <r>  -13.5240    1.0000 </r>
       <r>  -13.5134    1.0000 </r>
       <r>  -13.4796    1.0000 </r>
       <r>  -13.4743    1.0000 </r>
       <r>  -13.4377    1.0000 </r>
       <r>  -13.4314    1.0000 </r>
       <r>  -13.4024    1.0000 </r>
       <r>  -13.3837    1.0000 </r>
       <r>  -13.3780    1.0000 </r>
       <r>  -13.3750    1.0000 </r>
       <r>  -13.3747    1.0000 </r>
       <r>  -13.3663    1.0000 </r>
       <r>  -13.3444    1.0000 </r>
       <r>  -13.3322    1.0000 </r>
       <r>  -13.3199    1.0000 </r>
       <r>  -13.2370    1.0000 </r>
       <r>   -2.2276    1.0000 </r>
       <r>   -0.0816    1.0000 </r>
       <r>   -0.0042    1.0000 </r>
       <r>    2.1427    1.0000 </r>
       <r>    5.4294    1.0000 </r>
       <r>    5.5408    1.0000 </r>
       <r>    6.9758    1.0000 </r>
       <r>    8.0547    0.9030 </r>
       <r>    9.8283   -0.0000 </r>
       <r>   11.0551   -0.0000 </r>
       <r>   11.7638   -0.0000 </r>
       <r>   12.4934   -0.0000 </r>
       <r>   12.7125   -0.0000 </r>
       <r>   13.2775   -0.0000 </r>
       <r>   13.6708    0.0000 </r>
       <r>   14.3955    0.0000 </r>
       <r>   14.6467    0.0000 </r>
       <r>   17.3505    0.0000 </r>
       <r>   17.4468    0.0000 </r>
       <r>   18.4461    0.0000 </r>
       <r>   18.6295    0.0000 </r>
       <r>   19.6490    0.0000 </r>
       <r>   20.3585    0.0000 </r>
       <r>   20.4939    0.0000 </r>
       <r>   21.1520    0.0000 </r>
       <r>   21.2572    0.0000 </r>
       <r>   21.6428    0.0000 </r>
       <r>   22.5021    0.0000 </r>
      </set>
      <set comment="kpoint 11">
       <r>  -13.5902    1.0000 </r>
       <r>  -13.5902    1.0000 </r>
       <r>  -13.5540    1.0000 </r>
       <r>  -13.5540    1.0000 </r>
       <r>  -13.5495    1.0000 </r>
       <r>  -13.5495    1.0000 </r>
       <r>  -13.4720    1.0000 </r>
       <r>  -13.4720    1.0000 </r>
       <r>  -13.4584    1.0000 </r>
       <r>  -13.4584    1.0000 </r>
       <r>  -13.3905    1.0000 </r>
       <r>  -13.3905    1.0000 </r>
       <r>  -13.3632    1.0000 </r>
       <r>  -13.3632    1.0000 </r>
       <r>  -13.3608    1.0000 </r>
       <r>  -13.3608    1.0000 </r>
       <r>  -13.3395    1.0000 </r>
       <r>  -13.3395    1.0000 </r>
       <r>  -13.2847    1.0000 </r>
       <r>  -13.2847    1.0000 </r>
       <r>   -1.3846    1.0000 </r>
       <r>   -1.3846    1.0000 </r>
       <r>    0.7937    1.0000 </r>
       <r>    0.7937    1.0000 </r>
       <r>    6.2517    1.0000 </r>
       <r>    6.2517    1.0000 </r>
       <r>    8.4509   -0.0311 </r>
       <r>    8.4509   -0.0311 </r>
       <r>   10.4262   -0.0000 </r>
       <r>   10.4262   -0.0000 </r>
       <r>   10.9570   -0.0000 </r>
       <r>   10.9570   -0.0000 </r>
       <r>   12.3953   -0.0000 </r>
       <r>   12.3953   -0.0000 </r>
       <r>   13.3881   -0.0000 </r>
       <r>   13.3881   -0.0000 </r>
       <r>   16.2575    0.0000 </r>
       <r>   16.2575    0.0000 </r>
       <r>   18.1300    0.0000 </r>
       <r>   18.1300    0.0000 </r>
       <r>   20.0244    0.0000 </r>
       <r>   20.0244    0.0000 </r>
       <r>   20.0602    0.0000 </r>
       <r>   20.0602    0.0000 </r>
       <r>   21.5701    0.0000 </r>
       <r>   21.5701    0.0000 </r>
       <r>   21.9502    0.0000 </r>
       <r>   21.9502    0.0000 </r>
      </set>
      <set comment="kpoint 12">
       <r>  -13.5589    1.0000 </r>
       <r>  -13.5589    1.0000 </r>
       <r>  -13.5589    1.0000 </r>
       <r>  -13.5589    1.0000 </r>
       <r>  -13.5302    1.0000 </r>
       <r>  -13.5302    1.0000 </r>
       <r>  -13.5302    1.0000 </r>
       <r>  -13.5302    1.0000 </r>
       <r>  -13.4261    1.0000 </r>
       <r>  -13.4261    1.0000 </r>
       <r>  -13.4261    1.0000 </r>
       <r>  -13.4261    1.0000 </r>
       <r>  -13.3535    1.0000 </r>
       <r>  -13.3535    1.0000 </r>
       <r>  -13.3535    1.0000 </r>
       <r>  -13.3535    1.0000 </r>
       <r>  -13.3122    1.0000 </r>
       <r>  -13.3122    1.0000 </r>
       <r>  -13.3122    1.0000 </r>
       <r>  -13.3122    1.0000 </r>
       <r>   -0.5446    1.0000 </r>
       <r>   -0.5446    1.0000 </r>
       <r>   -0.5446    1.0000 </r>
       <r>   -0.5446    1.0000 </r>
       <r>    8.7464   -0.0002 </r>
       <r>    8.7464   -0.0002 </r>
       <r>    8.7464   -0.0002 </r>
       <r>    8.7464   -0.0002 </r>
       <r>    9.9186   -0.0000 </r>
       <r>    9.9186   -0.0000 </r>
       <r>    9.9186   -0.0000 </r>
       <r>    9.9186   -0.0000 </r>
       <r>   11.6383   -0.0000 </r>
       <r>   11.6383   -0.0000 </r>
       <r>   11.6383   -0.0000 </r>
       <r>   11.6383   -0.0000 </r>
       <r>   18.8371    0.0000 </r>
       <r>   18.8371    0.0000 </r>
       <r>   18.8371    0.0000 </r>
       <r>   18.8371    0.0000 </r>
       <r>   20.2402    0.0000 </r>
       <r>   20.2402    0.0000 </r>
       <r>   20.2402    0.0000 </r>
       <r>   20.2402    0.0000 </r>
       <r>   21.0165    0.0000 </r>
       <r>   21.0165    0.0000 </r>
       <r>   21.0165    0.0000 </r>
       <r>   21.0165    0.0000 </r>
      </set>
      <set comment="kpoint 13">
       <r>  -13.6670    1.0000 </r>
       <r>  -13.5823    1.0000 </r>
       <r>  -13.5358    1.0000 </r>
       <r>  -13.4994    1.0000 </r>
       <r>  -13.4616    1.0000 </r>
       <r>  -13.4616    1.0000 </r>
       <r>  -13.4614    1.0000 </r>
       <r>  -13.4557    1.0000 </r>
       <r>  -13.4545    1.0000 </r>
       <r>  -13.4545    1.0000 </r>
       <r>  -13.4124    1.0000 </r>
       <r>  -13.4124    1.0000 </r>
       <r>  -13.4092    1.0000 </r>
       <r>  -13.4092    1.0000 </r>
       <r>  -13.3678    1.0000 </r>
       <r>  -13.3656    1.0000 </r>
       <r>  -13.3454    1.0000 </r>
       <r>  -13.3111    1.0000 </r>
       <r>  -13.3043    1.0000 </r>
       <r>  -13.2090    1.0000 </r>
       <r>   -1.8538    1.0000 </r>
       <r>    1.3346    1.0000 </r>
       <r>    1.8390    1.0000 </r>
       <r>    4.4745    1.0000 </r>
       <r>    4.4745    1.0000 </r>
       <r>    5.5090    1.0000 </r>
       <r>    6.0118    1.0000 </r>
       <r>    7.0647    1.0000 </r>
       <r>    7.0647    1.0000 </r>
       <r>    9.0448   -0.0000 </r>
       <r>    9.0897   -0.0000 </r>
       <r>   12.0389   -0.0000 </r>
       <r>   12.0576   -0.0000 </r>
       <r>   12.0576   -0.0000 </r>
       <r>   12.5795   -0.0000 </r>
       <r>   14.7890    0.0000 </r>
       <r>   14.7890    0.0000 </r>
       <r>   16.6802    0.0000 </r>
       <r>   16.6802    0.0000 </r>
       <r>   17.7010    0.0000 </r>
       <r>   18.6306    0.0000 </r>
       <r>   19.6224    0.0000 </r>
       <r>   19.6224    0.0000 </r>
       <r>   19.7928    0.0000 </r>
       <r>   22.3477    0.0000 </r>
       <r>   22.3477    0.0000 </r>
       <r>   22.4103    0.0000 </r>
       <r>   22.6675    0.0000 </r>
      </set>
      <set comment="kpoint 14">
       <r>  -13.6512    1.0000 </r>
       <r>  -13.5859    1.0000 </r>
       <r>  -13.5227    1.0000 </r>
       <r>  -13.5181    1.0000 </r>
       <r>  -13.4944    1.0000 </r>
       <r>  -13.4730    1.0000 </r>
       <r>  -13.4629    1.0000 </r>
       <r>  -13.4628    1.0000 </r>
       <r>  -13.4560    1.0000 </r>
       <r>  -13.4375    1.0000 </r>
       <r>  -13.4139    1.0000 </r>
       <r>  -13.4111    1.0000 </r>
       <r>  -13.3959    1.0000 </r>
       <r>  -13.3933    1.0000 </r>
       <r>  -13.3687    1.0000 </r>
       <r>  -13.3501    1.0000 </r>
       <r>  -13.3375    1.0000 </r>
       <r>  -13.3241    1.0000 </r>
       <r>  -13.2934    1.0000 </r>
       <r>  -13.2260    1.0000 </r>
       <r>   -1.5736    1.0000 </r>
       <r>    0.5402    1.0000 </r>
       <r>    1.8747    1.0000 </r>
       <r>    4.0979    1.0000 </r>
       <r>    4.7363    1.0000 </r>
       <r>    5.6271    1.0000 </r>
       <r>    6.4773    1.0000 </r>
       <r>    6.7449    1.0000 </r>
       <r>    7.9957    1.0035 </r>
       <r>    8.8676   -0.0000 </r>
       <r>    9.6816   -0.0000 </r>
       <r>   11.4642   -0.0000 </r>
       <r>   11.9965   -0.0000 </r>
       <r>   12.3611   -0.0000 </r>
       <r>   13.4510   -0.0000 </r>
       <r>   13.9090    0.0000 </r>
       <r>   14.8538    0.0000 </r>
       <r>   15.2544    0.0000 </r>
       <r>   16.9474    0.0000 </r>
       <r>   18.0865    0.0000 </r>
       <r>   18.5334    0.0000 </r>
       <r>   18.9803    0.0000 </r>
       <r>   19.3398    0.0000 </r>
       <r>   19.7415    0.0000 </r>
       <r>   20.1762    0.0000 </r>
       <r>   21.2320    0.0000 </r>
       <r>   22.2273    0.0000 </r>
       <r>   23.5339    0.0000 </r>
      </set>
      <set comment="kpoint 15">
       <r>  -13.6064    1.0000 </r>
       <r>  -13.6064    1.0000 </r>
       <r>  -13.5210    1.0000 </r>
       <r>  -13.5210    1.0000 </r>
       <r>  -13.4976    1.0000 </r>
       <r>  -13.4976    1.0000 </r>
       <r>  -13.4951    1.0000 </r>
       <r>  -13.4951    1.0000 </r>
       <r>  -13.4411    1.0000 </r>
       <r>  -13.4411    1.0000 </r>
       <r>  -13.4147    1.0000 </r>
       <r>  -13.4147    1.0000 </r>
       <r>  -13.3529    1.0000 </r>
       <r>  -13.3529    1.0000 </r>
       <r>  -13.3497    1.0000 </r>
       <r>  -13.3497    1.0000 </r>
       <r>  -13.3339    1.0000 </r>
       <r>  -13.3339    1.0000 </r>
       <r>  -13.2757    1.0000 </r>
       <r>  -13.2757    1.0000 </r>
       <r>   -0.7430    1.0000 </r>
       <r>   -0.7430    1.0000 </r>
       <r>    2.6944    1.0000 </r>
       <r>    2.6944    1.0000 </r>
       <r>    5.4737    1.0000 </r>
       <r>    5.4737    1.0000 </r>
       <r>    6.7584    1.0000 </r>
       <r>    6.7584    1.0000 </r>
       <r>    9.2254   -0.0000 </r>
       <r>    9.2254   -0.0000 </r>
       <r>   10.2552   -0.0000 </r>
       <r>   10.2552   -0.0000 </r>
       <r>   12.5220   -0.0000 </r>
       <r>   12.5220   -0.0000 </r>
       <r>   12.7305   -0.0000 </r>
       <r>   12.7305   -0.0000 </r>
       <r>   15.9768    0.0000 </r>
       <r>   15.9768    0.0000 </r>
       <r>   16.9270    0.0000 </r>
       <r>   16.9270    0.0000 </r>
       <r>   17.7152    0.0000 </r>
       <r>   17.7152    0.0000 </r>
       <r>   19.5663    0.0000 </r>
       <r>   19.5663    0.0000 </r>
       <r>   20.7551    0.0000 </r>
       <r>   20.7551    0.0000 </r>
       <r>   21.8563    0.0000 </r>
       <r>   21.8563    0.0000 </r>
      </set>
      <set comment="kpoint 16">
       <r>  -13.6377    1.0000 </r>
       <r>  -13.5875    1.0000 </r>
       <r>  -13.5294    1.0000 </r>
       <r>  -13.5138    1.0000 </r>
       <r>  -13.5058    1.0000 </r>
       <r>  -13.4730    1.0000 </r>
       <r>  -13.4645    1.0000 </r>
       <r>  -13.4614    1.0000 </r>
       <r>  -13.4599    1.0000 </r>
       <r>  -13.4514    1.0000 </r>
       <r>  -13.4104    1.0000 </r>
       <r>  -13.3973    1.0000 </r>
       <r>  -13.3896    1.0000 </r>
       <r>  -13.3853    1.0000 </r>
       <r>  -13.3810    1.0000 </r>
       <r>  -13.3378    1.0000 </r>
       <r>  -13.3350    1.0000 </r>
       <r>  -13.3289    1.0000 </r>
       <r>  -13.2868    1.0000 </r>
       <r>  -13.2398    1.0000 </r>
       <r>   -1.2937    1.0000 </r>
       <r>    0.7241    1.0000 </r>
       <r>    0.9470    1.0000 </r>
       <r>    2.9880    1.0000 </r>
       <r>    5.5838    1.0000 </r>
       <r>    6.4297    1.0000 </r>
       <r>    7.2090    1.0000 </r>
       <r>    7.2102    1.0000 </r>
       <r>    8.2116    0.3180 </r>
       <r>    8.8500   -0.0000 </r>
       <r>    9.0862   -0.0000 </r>
       <r>   10.4298   -0.0000 </r>
       <r>   12.5382   -0.0000 </r>
       <r>   12.5523   -0.0000 </r>
       <r>   14.0998    0.0000 </r>
       <r>   14.4390    0.0000 </r>
       <r>   14.5607    0.0000 </r>
       <r>   15.2708    0.0000 </r>
       <r>   15.3550    0.0000 </r>
       <r>   16.5653    0.0000 </r>
       <r>   17.0071    0.0000 </r>
       <r>   19.7326    0.0000 </r>
       <r>   20.4388    0.0000 </r>
       <r>   20.8773    0.0000 </r>
       <r>   21.0222    0.0000 </r>
       <r>   21.2648    0.0000 </r>
       <r>   21.6763    0.0000 </r>
       <r>   21.9416    0.0000 </r>
      </set>
      <set comment="kpoint 17">
       <r>  -13.5987    1.0000 </r>
       <r>  -13.5987    1.0000 </r>
       <r>  -13.5268    1.0000 </r>
       <r>  -13.5268    1.0000 </r>
       <r>  -13.5108    1.0000 </r>
       <r>  -13.5108    1.0000 </r>
       <r>  -13.4730    1.0000 </r>
       <r>  -13.4730    1.0000 </r>
       <r>  -13.4580    1.0000 </r>
       <r>  -13.4580    1.0000 </r>
       <r>  -13.3966    1.0000 </r>
       <r>  -13.3966    1.0000 </r>
       <r>  -13.3728    1.0000 </r>
       <r>  -13.3728    1.0000 </r>
       <r>  -13.3395    1.0000 </r>
       <r>  -13.3395    1.0000 </r>
       <r>  -13.3311    1.0000 </r>
       <r>  -13.3311    1.0000 </r>
       <r>  -13.2796    1.0000 </r>
       <r>  -13.2796    1.0000 </r>
       <r>   -0.4641    1.0000 </r>
       <r>   -0.4641    1.0000 </r>
       <r>    1.6647    1.0000 </r>
       <r>    1.6647    1.0000 </r>
       <r>    6.4531    1.0000 </r>
       <r>    6.4531    1.0000 </r>
       <r>    7.5396    1.0000 </r>
       <r>    7.5396    1.0000 </r>
       <r>    8.9275   -0.0000 </r>
       <r>    8.9275   -0.0000 </r>
       <r>    9.9289   -0.0000 </r>
       <r>    9.9289   -0.0000 </r>
       <r>   11.7428   -0.0000 </r>
       <r>   11.7428   -0.0000 </r>
       <r>   13.3308   -0.0000 </r>
       <r>   13.3308   -0.0000 </r>
       <r>   15.4717    0.0000 </r>
       <r>   15.4717    0.0000 </r>
       <r>   16.8744    0.0000 </r>
       <r>   16.8744    0.0000 </r>
       <r>   17.6018    0.0000 </r>
       <r>   17.6018    0.0000 </r>
       <r>   19.1526    0.0000 </r>
       <r>   19.1526    0.0000 </r>
       <r>   21.0199    0.0000 </r>
       <r>   21.0199    0.0000 </r>
       <r>   23.3139    0.0000 </r>
       <r>   23.3176    0.0000 </r>
      </set>
      <set comment="kpoint 18">
       <r>  -13.5608    1.0000 </r>
       <r>  -13.5608    1.0000 </r>
       <r>  -13.5608    1.0000 </r>
       <r>  -13.5608    1.0000 </r>
       <r>  -13.5082    1.0000 </r>
       <r>  -13.5082    1.0000 </r>
       <r>  -13.5082    1.0000 </r>
       <r>  -13.5082    1.0000 </r>
       <r>  -13.4200    1.0000 </r>
       <r>  -13.4200    1.0000 </r>
       <r>  -13.4200    1.0000 </r>
       <r>  -13.4200    1.0000 </r>
       <r>  -13.3410    1.0000 </r>
       <r>  -13.3410    1.0000 </r>
       <r>  -13.3410    1.0000 </r>
       <r>  -13.3410    1.0000 </r>
       <r>  -13.3129    1.0000 </r>
       <r>  -13.3129    1.0000 </r>
       <r>  -13.3129    1.0000 </r>
       <r>  -13.3129    1.0000 </r>
       <r>    0.3647    1.0000 </r>
       <r>    0.3647    1.0000 </r>
       <r>    0.3647    1.0000 </r>
       <r>    0.3647    1.0000 </r>
       <r>    7.4326    1.0000 </r>
       <r>    7.4326    1.0000 </r>
       <r>    7.4326    1.0000 </r>
       <r>    7.4326    1.0000 </r>
       <r>   10.4649   -0.0000 </r>
       <r>   10.4649   -0.0000 </r>
       <r>   10.4649   -0.0000 </r>
       <r>   10.4649   -0.0000 </r>
       <r>   10.7366   -0.0000 </r>
       <r>   10.7366   -0.0000 </r>
       <r>   10.7366   -0.0000 </r>
       <r>   10.7366   -0.0000 </r>
       <r>   17.2799    0.0000 </r>
       <r>   17.2799    0.0000 </r>
       <r>   17.2799    0.0000 </r>
       <r>   17.2799    0.0000 </r>
       <r>   17.9507    0.0000 </r>
       <r>   17.9507    0.0000 </r>
       <r>   17.9507    0.0000 </r>
       <r>   17.9507    0.0000 </r>
       <r>   20.5999    0.0000 </r>
       <r>   20.5999    0.0000 </r>
       <r>   20.5999    0.0000 </r>
       <r>   20.5999    0.0000 </r>
      </set>
      <set comment="kpoint 19">
       <r>  -13.6375    1.0000 </r>
       <r>  -13.6063    1.0000 </r>
       <r>  -13.5084    1.0000 </r>
       <r>  -13.4954    1.0000 </r>
       <r>  -13.4954    1.0000 </r>
       <r>  -13.4926    1.0000 </r>
       <r>  -13.4926    1.0000 </r>
       <r>  -13.4805    1.0000 </r>
       <r>  -13.4329    1.0000 </r>
       <r>  -13.4329    1.0000 </r>
       <r>  -13.4314    1.0000 </r>
       <r>  -13.4314    1.0000 </r>
       <r>  -13.4305    1.0000 </r>
       <r>  -13.4091    1.0000 </r>
       <r>  -13.3430    1.0000 </r>
       <r>  -13.3242    1.0000 </r>
       <r>  -13.2752    1.0000 </r>
       <r>  -13.2688    1.0000 </r>
       <r>  -13.2456    1.0000 </r>
       <r>  -13.2204    1.0000 </r>
       <r>   -0.3362    1.0000 </r>
       <r>    1.3193    1.0000 </r>
       <r>    3.4246    1.0000 </r>
       <r>    4.6374    1.0000 </r>
       <r>    5.4479    1.0000 </r>
       <r>    5.8987    1.0000 </r>
       <r>    5.8987    1.0000 </r>
       <r>    6.2408    1.0000 </r>
       <r>    7.2315    1.0000 </r>
       <r>    7.2315    1.0000 </r>
       <r>    7.7402    1.0050 </r>
       <r>    9.7119   -0.0000 </r>
       <r>   10.9819   -0.0000 </r>
       <r>   10.9819   -0.0000 </r>
       <r>   12.3634   -0.0000 </r>
       <r>   12.3634   -0.0000 </r>
       <r>   13.3686   -0.0000 </r>
       <r>   15.2534    0.0000 </r>
       <r>   18.1498    0.0000 </r>
       <r>   18.1498    0.0000 </r>
       <r>   19.7363    0.0000 </r>
       <r>   19.7414    0.0000 </r>
       <r>   19.7414    0.0000 </r>
       <r>   20.7974    0.0000 </r>
       <r>   21.3375    0.0000 </r>
       <r>   22.0234    0.0000 </r>
       <r>   23.2671    0.0000 </r>
       <r>   23.2671    0.0000 </r>
      </set>
      <set comment="kpoint 20">
       <r>  -13.6339    1.0000 </r>
       <r>  -13.6112    1.0000 </r>
       <r>  -13.5148    1.0000 </r>
       <r>  -13.5054    1.0000 </r>
       <r>  -13.5022    1.0000 </r>
       <r>  -13.4935    1.0000 </r>
       <r>  -13.4753    1.0000 </r>
       <r>  -13.4703    1.0000 </r>
       <r>  -13.4641    1.0000 </r>
       <r>  -13.4607    1.0000 </r>
       <r>  -13.4340    1.0000 </r>
       <r>  -13.4330    1.0000 </r>
       <r>  -13.3804    1.0000 </r>
       <r>  -13.3676    1.0000 </r>
       <r>  -13.3508    1.0000 </r>
       <r>  -13.3351    1.0000 </r>
       <r>  -13.2722    1.0000 </r>
       <r>  -13.2682    1.0000 </r>
       <r>  -13.2481    1.0000 </r>
       <r>  -13.2312    1.0000 </r>
       <r>   -0.0719    1.0000 </r>
       <r>    1.3275    1.0000 </r>
       <r>    2.7897    1.0000 </r>
       <r>    4.2925    1.0000 </r>
       <r>    4.5716    1.0000 </r>
       <r>    6.1015    1.0000 </r>
       <r>    6.1517    1.0000 </r>
       <r>    6.7841    1.0000 </r>
       <r>    7.0871    1.0000 </r>
       <r>    7.5187    1.0000 </r>
       <r>    8.8509   -0.0000 </r>
       <r>    9.3821   -0.0000 </r>
       <r>   10.5476   -0.0000 </r>
       <r>   11.5598   -0.0000 </r>
       <r>   12.1642   -0.0000 </r>
       <r>   13.6530    0.0000 </r>
       <r>   14.7016    0.0000 </r>
       <r>   15.3038    0.0000 </r>
       <r>   16.5804    0.0000 </r>
       <r>   17.0192    0.0000 </r>
       <r>   18.3545    0.0000 </r>
       <r>   19.3181    0.0000 </r>
       <r>   19.4911    0.0000 </r>
       <r>   20.2571    0.0000 </r>
       <r>   20.7435    0.0000 </r>
       <r>   21.1472    0.0000 </r>
       <r>   21.8032    0.0000 </r>
       <r>   22.5851    0.0000 </r>
      </set>
      <set comment="kpoint 21">
       <r>  -13.6115    1.0000 </r>
       <r>  -13.6115    1.0000 </r>
       <r>  -13.5312    1.0000 </r>
       <r>  -13.5312    1.0000 </r>
       <r>  -13.5139    1.0000 </r>
       <r>  -13.5139    1.0000 </r>
       <r>  -13.4774    1.0000 </r>
       <r>  -13.4774    1.0000 </r>
       <r>  -13.4515    1.0000 </r>
       <r>  -13.4515    1.0000 </r>
       <r>  -13.4356    1.0000 </r>
       <r>  -13.4356    1.0000 </r>
       <r>  -13.3539    1.0000 </r>
       <r>  -13.3539    1.0000 </r>
       <r>  -13.2994    1.0000 </r>
       <r>  -13.2994    1.0000 </r>
       <r>  -13.2951    1.0000 </r>
       <r>  -13.2951    1.0000 </r>
       <r>  -13.2555    1.0000 </r>
       <r>  -13.2555    1.0000 </r>
       <r>    0.6643    1.0000 </r>
       <r>    0.6643    1.0000 </r>
       <r>    3.0020    1.0000 </r>
       <r>    3.0020    1.0000 </r>
       <r>    5.3235    1.0000 </r>
       <r>    5.3235    1.0000 </r>
       <r>    6.6115    1.0000 </r>
       <r>    6.6115    1.0000 </r>
       <r>    7.1784    1.0000 </r>
       <r>    7.1784    1.0000 </r>
       <r>   10.6218   -0.0000 </r>
       <r>   10.6218   -0.0000 </r>
       <r>   10.6509   -0.0000 </r>
       <r>   10.6509   -0.0000 </r>
       <r>   12.8655   -0.0000 </r>
       <r>   12.8655   -0.0000 </r>
       <r>   15.3245    0.0000 </r>
       <r>   15.3245    0.0000 </r>
       <r>   17.2787    0.0000 </r>
       <r>   17.2787    0.0000 </r>
       <r>   18.0361    0.0000 </r>
       <r>   18.0361    0.0000 </r>
       <r>   18.6621    0.0000 </r>
       <r>   18.6621    0.0000 </r>
       <r>   19.6986    0.0000 </r>
       <r>   19.6986    0.0000 </r>
       <r>   21.1849    0.0000 </r>
       <r>   21.1849    0.0000 </r>
      </set>
      <set comment="kpoint 22">
       <r>  -13.6319    1.0000 </r>
       <r>  -13.6150    1.0000 </r>
       <r>  -13.5291    1.0000 </r>
       <r>  -13.5232    1.0000 </r>
       <r>  -13.4890    1.0000 </r>
       <r>  -13.4832    1.0000 </r>
       <r>  -13.4831    1.0000 </r>
       <r>  -13.4723    1.0000 </r>
       <r>  -13.4639    1.0000 </r>
       <r>  -13.4626    1.0000 </r>
       <r>  -13.4255    1.0000 </r>
       <r>  -13.4126    1.0000 </r>
       <r>  -13.3727    1.0000 </r>
       <r>  -13.3586    1.0000 </r>
       <r>  -13.3570    1.0000 </r>
       <r>  -13.3417    1.0000 </r>
       <r>  -13.2692    1.0000 </r>
       <r>  -13.2674    1.0000 </r>
       <r>  -13.2509    1.0000 </r>
       <r>  -13.2409    1.0000 </r>
       <r>    0.1926    1.0000 </r>
       <r>    1.4584    1.0000 </r>
       <r>    2.4670    1.0000 </r>
       <r>    3.8120    1.0000 </r>
       <r>    4.0515    1.0000 </r>
       <r>    5.2554    1.0000 </r>
       <r>    6.0858    1.0000 </r>
       <r>    7.0242    1.0000 </r>
       <r>    8.0013    0.9974 </r>
       <r>    8.5344   -0.0131 </r>
       <r>    9.0112   -0.0000 </r>
       <r>    9.4505   -0.0000 </r>
       <r>   11.6838   -0.0000 </r>
       <r>   11.7175   -0.0000 </r>
       <r>   12.8107   -0.0000 </r>
       <r>   12.8966   -0.0000 </r>
       <r>   15.0269    0.0000 </r>
       <r>   15.7897    0.0000 </r>
       <r>   16.2163    0.0000 </r>
       <r>   16.3566    0.0000 </r>
       <r>   17.0331    0.0000 </r>
       <r>   17.9393    0.0000 </r>
       <r>   18.2970    0.0000 </r>
       <r>   19.2197    0.0000 </r>
       <r>   19.5390    0.0000 </r>
       <r>   20.2663    0.0000 </r>
       <r>   22.3382    0.0000 </r>
       <r>   22.3423    0.0000 </r>
      </set>
      <set comment="kpoint 23">
       <r>  -13.6127    1.0000 </r>
       <r>  -13.6127    1.0000 </r>
       <r>  -13.5421    1.0000 </r>
       <r>  -13.5421    1.0000 </r>
       <r>  -13.5134    1.0000 </r>
       <r>  -13.5134    1.0000 </r>
       <r>  -13.4712    1.0000 </r>
       <r>  -13.4712    1.0000 </r>
       <r>  -13.4621    1.0000 </r>
       <r>  -13.4621    1.0000 </r>
       <r>  -13.3964    1.0000 </r>
       <r>  -13.3964    1.0000 </r>
       <r>  -13.3734    1.0000 </r>
       <r>  -13.3734    1.0000 </r>
       <r>  -13.2995    1.0000 </r>
       <r>  -13.2995    1.0000 </r>
       <r>  -13.2938    1.0000 </r>
       <r>  -13.2938    1.0000 </r>
       <r>  -13.2593    1.0000 </r>
       <r>  -13.2593    1.0000 </r>
       <r>    0.9303    1.0000 </r>
       <r>    0.9303    1.0000 </r>
       <r>    2.6856    1.0000 </r>
       <r>    2.6856    1.0000 </r>
       <r>    4.5813    1.0000 </r>
       <r>    4.5813    1.0000 </r>
       <r>    6.1621    1.0000 </r>
       <r>    6.1621    1.0000 </r>
       <r>    8.6911   -0.0007 </r>
       <r>    8.6911   -0.0007 </r>
       <r>   10.8687   -0.0000 </r>
       <r>   10.8687   -0.0000 </r>
       <r>   11.8680   -0.0000 </r>
       <r>   11.8680   -0.0000 </r>
       <r>   12.4712   -0.0000 </r>
       <r>   12.4712   -0.0000 </r>
       <r>   15.0298    0.0000 </r>
       <r>   15.0298    0.0000 </r>
       <r>   16.0671    0.0000 </r>
       <r>   16.0671    0.0000 </r>
       <r>   16.6108    0.0000 </r>
       <r>   16.6108    0.0000 </r>
       <r>   18.3281    0.0000 </r>
       <r>   18.3281    0.0000 </r>
       <r>   19.5779    0.0000 </r>
       <r>   19.5779    0.0000 </r>
       <r>   21.1414    0.0000 </r>
       <r>   21.1414    0.0000 </r>
      </set>
      <set comment="kpoint 24">
       <r>  -13.5829    1.0000 </r>
       <r>  -13.5829    1.0000 </r>
       <r>  -13.5829    1.0000 </r>
       <r>  -13.5829    1.0000 </r>
       <r>  -13.5067    1.0000 </r>
       <r>  -13.5067    1.0000 </r>
       <r>  -13.5067    1.0000 </r>
       <r>  -13.5067    1.0000 </r>
       <r>  -13.4170    1.0000 </r>
       <r>  -13.4170    1.0000 </r>
       <r>  -13.4170    1.0000 </r>
       <r>  -13.4170    1.0000 </r>
       <r>  -13.3185    1.0000 </r>
       <r>  -13.3185    1.0000 </r>
       <r>  -13.3185    1.0000 </r>
       <r>  -13.3185    1.0000 </r>
       <r>  -13.2863    1.0000 </r>
       <r>  -13.2863    1.0000 </r>
       <r>  -13.2863    1.0000 </r>
       <r>  -13.2863    1.0000 </r>
       <r>    1.6986    1.0000 </r>
       <r>    1.6986    1.0000 </r>
       <r>    1.6986    1.0000 </r>
       <r>    1.6986    1.0000 </r>
       <r>    5.0174    1.0000 </r>
       <r>    5.0174    1.0000 </r>
       <r>    5.0174    1.0000 </r>
       <r>    5.0174    1.0000 </r>
       <r>   11.3942   -0.0000 </r>
       <r>   11.3942   -0.0000 </r>
       <r>   11.3942   -0.0000 </r>
       <r>   11.3942   -0.0000 </r>
       <r>   11.7710   -0.0000 </r>
       <r>   11.7710   -0.0000 </r>
       <r>   11.7710   -0.0000 </r>
       <r>   11.7710   -0.0000 </r>
       <r>   15.2060    0.0000 </r>
       <r>   15.2060    0.0000 </r>
       <r>   15.2060    0.0000 </r>
       <r>   15.2060    0.0000 </r>
       <r>   15.8027    0.0000 </r>
       <r>   15.8027    0.0000 </r>
       <r>   15.8027    0.0000 </r>
       <r>   15.8027    0.0000 </r>
       <r>   21.8867    0.0000 </r>
       <r>   21.8867    0.0000 </r>
       <r>   21.8867    0.0000 </r>
       <r>   21.8867    0.0000 </r>
      </set>
     </set>
    </set>
   </array>
  </eigenvalues>
  <separator name="orbital magnetization" >
   <v name="MAGDIPOLOUT">      0.00000000      0.00000000      0.00000000</v>
  </separator>
 </calculation>
 <structure name="finalpos" >
  <crystal>
   <varray name="basis" >
    <v>       5.83130000       0.00000000       0.00000000 </v>
    <v>       0.00000000       5.83130000       0.00000000 </v>
    <v>       0.00000000       0.00000000       3.18150000 </v>
   </varray>
   <i name="volume">    108.18391590 </i>
   <varray name="rec_basis" >
    <v>       0.17148835       0.00000000       0.00000000 </v>
    <v>       0.00000000       0.17148835       0.00000000 </v>
    <v>       0.00000000       0.00000000       0.31431715 </v>
   </varray>
  </crystal>
  <varray name="positions" >
   <v>       0.00000000       0.75000000       0.12500000 </v>
   <v>       0.00000000       0.25000000       0.87500000 </v>
   <v>       0.50000000       0.25000000       0.62500000 </v>
   <v>       0.50000000       0.75000000       0.37500000 </v>
  </varray>
 </structure>
</modeling>
